datetime,funding_rate
2019-09-10T08:00:00.000Z,0.0001
2019-09-10T16:00:00.000Z,0.0001
2019-09-11T00:00:00.000Z,0.0001
2019-09-11T08:00:00.000Z,0.0001
2019-09-11T16:00:00.000Z,0.0001
2019-09-12T00:00:00.000Z,0.0001
2019-09-12T08:00:00.000Z,0.0001
2019-09-12T16:00:00.000Z,0.0001
2019-09-13T00:00:00.000Z,0.0001
2019-09-13T08:00:00.000Z,0.0001
2019-09-13T16:00:00.000Z,0.0001
2019-09-14T00:00:00.000Z,0.0001
2019-09-14T08:00:00.000Z,0.0001
2019-09-14T16:00:00.001Z,0.0001
2019-09-15T00:00:00.001Z,0.0001
2019-09-15T08:00:00.000Z,0.0001
2019-09-15T16:00:00.000Z,0.0001
2019-09-16T00:00:00.000Z,0.0001
2019-09-16T08:00:00.000Z,0.0001
2019-09-16T16:00:00.000Z,0.0001
2019-09-17T00:00:00.000Z,0.0001
2019-09-17T08:00:00.000Z,0.0001
2019-09-17T16:00:00.000Z,0.0001
2019-09-18T00:00:00.000Z,0.0001
2019-09-18T08:00:00.000Z,0.0001
2019-09-18T16:00:00.000Z,0.0001
2019-09-19T00:00:00.000Z,0.0001
2019-09-19T08:00:00.000Z,0.0001
2019-09-19T16:00:00.000Z,0.0001
2019-09-20T00:00:00.000Z,0.0001
2019-09-20T08:00:00.000Z,0.0001
2019-09-20T16:00:00.000Z,0.0001
2019-09-21T00:00:00.000Z,0.0001
2019-09-21T08:00:00.000Z,0.0001
2019-09-21T16:00:00.000Z,0.0001
2019-09-22T00:00:00.000Z,0.0001
2019-09-22T08:00:00.000Z,0.0001
2019-09-22T16:00:00.000Z,0.0001
2019-09-23T00:00:00.000Z,0.0001
2019-09-23T08:00:00.001Z,0.0001
2019-09-23T16:00:00.000Z,0.0001
2019-09-24T00:00:00.001Z,0.0001
2019-09-24T08:00:00.000Z,0.0001
2019-09-24T16:00:00.000Z,0.0001
2019-09-25T00:00:00.000Z,0.0001
2019-09-25T08:00:00.001Z,0.0001
2019-09-25T16:00:00.000Z,0.0001
2019-09-26T00:00:00.000Z,0.0001
2019-09-26T08:00:00.000Z,0.0001
2019-09-26T16:00:00.000Z,0.0001
2019-09-27T00:00:00.001Z,0.0001
2019-09-27T08:00:00.000Z,0.0001
2019-09-27T16:00:00.000Z,0.0001
2019-09-28T00:00:00.000Z,0.0001
2019-09-28T08:00:00.001Z,0.0001
2019-09-28T16:00:00.000Z,0.0001
2019-09-29T00:00:00.000Z,0.0001
2019-09-29T08:00:00.000Z,0.0001
2019-09-29T16:00:00.000Z,0.0001
2019-09-30T00:00:00.000Z,0.0001
2019-09-30T08:00:00.000Z,0.0001
2019-09-30T16:00:00.000Z,0.0001
2019-10-01T00:00:00.000Z,0.0001
2019-10-01T08:00:00.000Z,0.0001
2019-10-01T16:00:00.001Z,0.0001
2019-10-02T00:00:00.000Z,0.0001
2019-10-02T08:00:00.000Z,0.0001
2019-10-02T16:00:00.000Z,-0.00052458
2019-10-03T00:00:00.000Z,-0.0003222
2019-10-03T08:00:00.001Z,-0.00006876
2019-10-03T16:00:00.000Z,0.0001
2019-10-04T00:00:00.001Z,0.0001
2019-10-04T08:00:00.000Z,0.00003592
2019-10-04T16:00:00.000Z,-0.00013704
2019-10-05T00:00:00.000Z,-0.00025688
2019-10-05T08:00:00.000Z,-0.0002266
2019-10-05T16:00:00.000Z,-0.00001226
2019-10-06T00:00:00.000Z,-0.00011057
2019-10-06T08:00:00.000Z,-0.00003644
2019-10-06T16:00:00.000Z,0.00002715
2019-10-07T00:00:00.001Z,-0.00005063
2019-10-07T08:00:00.000Z,-0.00020006
2019-10-07T16:00:00.000Z,-0.00024859
2019-10-08T00:00:00.001Z,0.0001
2019-10-08T08:00:00.000Z,0.0001
2019-10-08T16:00:00.000Z,0.0001
2019-10-09T00:00:00.000Z,0.0001
2019-10-09T08:00:00.000Z,0.0001
2019-10-09T16:00:00.000Z,0.0001
2019-10-10T00:00:00.000Z,0.0001
2019-10-10T08:00:00.000Z,0.0001
2019-10-10T16:00:00.000Z,0.0001
2019-10-11T00:00:00.000Z,0.0001
2019-10-11T08:00:00.000Z,0.0001
2019-10-11T16:00:00.000Z,0.0001
2019-10-12T00:00:00.000Z,0.0001
2019-10-12T08:00:00.000Z,0.0001
2019-10-12T16:00:00.000Z,0.0001
2019-10-13T00:00:00.000Z,0.0001
2019-10-13T08:00:00.000Z,0.0001
2019-10-13T16:00:00.000Z,0.0001
2019-10-14T00:00:00.000Z,0.0001
2019-10-14T08:00:00.000Z,0.0001
2019-10-14T16:00:00.000Z,0.0001
2019-10-15T00:00:00.000Z,0.0001
2019-10-15T08:00:00.000Z,0.0001
2019-10-15T16:00:00.000Z,0.0001
2019-10-16T00:00:00.000Z,0.0001
2019-10-16T08:00:00.000Z,0.0001
2019-10-16T16:00:00.000Z,0.0001
2019-10-17T00:00:00.000Z,0.0001
2019-10-17T08:00:00.001Z,0.0001
2019-10-17T16:00:00.001Z,0.0001
2019-10-18T00:00:00.000Z,0.0001
2019-10-18T08:00:00.000Z,0.0001
2019-10-18T16:00:00.000Z,0.0001
2019-10-19T00:00:00.001Z,0.0001
2019-10-19T08:00:00.000Z,0.0001
2019-10-19T16:00:00.000Z,0.0001
2019-10-20T00:00:00.000Z,0.0001
2019-10-20T08:00:00.000Z,0.0001
2019-10-20T16:00:00.000Z,0.0001
2019-10-21T00:00:00.000Z,0.0001
2019-10-21T08:00:00.000Z,0.0001
2019-10-21T16:00:00.001Z,0.0001
2019-10-22T00:00:00.000Z,0.0001
2019-10-22T08:00:00.000Z,0.0001
2019-10-22T16:00:00.000Z,0.0001
2019-10-23T00:00:00.000Z,0.0001
2019-10-23T08:00:00.000Z,0.0001
2019-10-23T16:00:00.000Z,0.0001
2019-10-24T00:00:00.000Z,0.0001
2019-10-24T08:00:00.000Z,0.0001
2019-10-24T16:00:00.000Z,-0.00004395
2019-10-25T00:00:00.000Z,0.0001
2019-10-25T08:00:00.000Z,0.0001
2019-10-25T16:00:00.000Z,-0.00014709
2019-10-26T00:00:00.000Z,0.0001
2019-10-26T08:00:00.000Z,0.00013709
2019-10-26T16:00:00.000Z,0.00030874
2019-10-27T00:00:00.001Z,0.0001
2019-10-27T08:00:00.000Z,0.00018561
2019-10-27T16:00:00.000Z,0.0001
2019-10-28T00:00:00.000Z,0.00012485
2019-10-28T08:00:00.000Z,0.00078363
2019-10-28T16:00:00.000Z,0.00073711
2019-10-29T00:00:00.000Z,0.00053797
2019-10-29T08:00:00.000Z,0.00016366
2019-10-29T16:00:00.000Z,0.00046967
2019-10-30T00:00:00.000Z,0.00025294
2019-10-30T08:00:00.000Z,0.0002903
2019-10-30T16:00:00.000Z,0.00052312
2019-10-31T00:00:00.000Z,0.0001317
2019-10-31T08:00:00.000Z,0.00038598
2019-10-31T16:00:00.000Z,0.00041061
2019-11-01T00:00:00.000Z,0.00015873
2019-11-01T08:00:00.000Z,0.00048728
2019-11-01T16:00:00.000Z,0.0001
2019-11-02T00:00:00.000Z,0.0001
2019-11-02T08:00:00.001Z,0.0001
2019-11-02T16:00:00.000Z,0.0001
2019-11-03T00:00:00.000Z,0.0001
2019-11-03T08:00:00.000Z,0.0001
2019-11-03T16:00:00.000Z,0.0001
2019-11-04T00:00:00.000Z,0.0001
2019-11-04T08:00:00.000Z,0.00010072
2019-11-04T16:00:00.000Z,0.0001
2019-11-05T00:00:00.000Z,0.0001
2019-11-05T08:00:00.000Z,0.0001
2019-11-05T16:00:00.000Z,0.0001
2019-11-06T00:00:00.000Z,0.0001
2019-11-06T08:00:00.000Z,0.0001
2019-11-06T16:00:00.000Z,0.00013877
2019-11-07T00:00:00.000Z,0.00027025
2019-11-07T08:00:00.000Z,0.00018004
2019-11-07T16:00:00.000Z,0.0001953
2019-11-08T00:00:00.000Z,0.000125
2019-11-08T08:00:00.000Z,0.0001
2019-11-08T16:00:00.000Z,0.0001
2019-11-09T00:00:00.000Z,0.0001
2019-11-09T08:00:00.000Z,0.0001
2019-11-09T16:00:00.000Z,0.0001
2019-11-10T00:00:00.000Z,0.0001
2019-11-10T08:00:00.000Z,0.0001
2019-11-10T16:00:00.000Z,0.0001
2019-11-11T00:00:00.000Z,0.0001
2019-11-11T08:00:00.000Z,0.0001
2019-11-11T16:00:00.000Z,0.0001
2019-11-12T00:00:00.000Z,0.0001
2019-11-12T08:00:00.000Z,0.0001
2019-11-12T16:00:00.000Z,0.0001
2019-11-13T00:00:00.000Z,-0.00022089
2019-11-13T08:00:00.000Z,0.0001
2019-11-13T16:00:00.000Z,0.0001
2019-11-14T00:00:00.000Z,0.0001
2019-11-14T08:00:00.000Z,0.0001
2019-11-14T16:00:00.000Z,0.0001
2019-11-15T00:00:00.000Z,0.0001
2019-11-15T08:00:00.000Z,0.0001
2019-11-15T16:00:00.000Z,0.0001
2019-11-16T00:00:00.001Z,0.0001
2019-11-16T08:00:00.000Z,0.0001
2019-11-16T16:00:00.000Z,0.0001
2019-11-17T00:00:00.000Z,0.0001
2019-11-17T08:00:00.001Z,0.0001
2019-11-17T16:00:00.000Z,0.0001
2019-11-18T00:00:00.000Z,0.0001
2019-11-18T08:00:00.001Z,0.0001
2019-11-18T16:00:00.000Z,0.0001
2019-11-19T00:00:00.000Z,0.0001
2019-11-19T08:00:00.000Z,0.0001
2019-11-19T16:00:00.000Z,0.0001
2019-11-20T00:00:00.000Z,0.0001
2019-11-20T08:00:00.000Z,0.0001
2019-11-20T16:00:00.000Z,0.0001
2019-11-21T00:00:00.000Z,0.0001
2019-11-21T08:00:00.000Z,0.0001
2019-11-21T16:00:00.000Z,0.0001
2019-11-22T00:00:00.000Z,0.00006832
2019-11-22T08:00:00.001Z,0.00009601
2019-11-22T16:00:00.000Z,-0.00025622
2019-11-23T00:00:00.000Z,-0.0002867
2019-11-23T08:00:00.000Z,-0.00017048
2019-11-23T16:00:00.000Z,-0.0001429
2019-11-24T00:00:00.000Z,-0.00010216
2019-11-24T08:00:00.000Z,0.0001
2019-11-24T16:00:00.000Z,0.0001
2019-11-25T00:00:00.000Z,0.0001
2019-11-25T08:00:00.000Z,-0.00003046
2019-11-25T16:00:00.000Z,-0.00011089
2019-11-26T00:00:00.000Z,-0.00008462
2019-11-26T08:00:00.000Z,-0.00046229
2019-11-26T16:00:00.000Z,-0.00036807
2019-11-27T00:00:00.000Z,-0.00018098
2019-11-27T08:00:00.000Z,-0.00015744
2019-11-27T16:00:00.000Z,0.0001
2019-11-28T00:00:00.000Z,0.0001
2019-11-28T08:00:00.000Z,0.0001
2019-11-28T16:00:00.000Z,0.0001
2019-11-29T00:00:00.000Z,0.0001
2019-11-29T08:00:00.000Z,0.0001
2019-11-29T16:00:00.000Z,0.0001
2019-11-30T00:00:00.000Z,0.0001
2019-11-30T08:00:00.000Z,-0.00001926
2019-11-30T16:00:00.000Z,0.0001
2019-12-01T00:00:00.000Z,0.0001
2019-12-01T08:00:00.000Z,0.0001
2019-12-01T16:00:00.000Z,0.0001
2019-12-02T00:00:00.000Z,0.0001
2019-12-02T08:00:00.000Z,0.0001
2019-12-02T16:00:00.000Z,0.00001721
2019-12-03T00:00:00.000Z,0.00001418
2019-12-03T08:00:00.000Z,0.00008902
2019-12-03T16:00:00.000Z,-0.00001025
2019-12-04T00:00:00.000Z,-0.00000355
2019-12-04T08:00:00.000Z,0.00003333
2019-12-04T16:00:00.000Z,-0.00005268
2019-12-05T00:00:00.000Z,0.00002564
2019-12-05T08:00:00.001Z,-0.00009765
2019-12-05T16:00:00.000Z,0.00001789
2019-12-06T00:00:00.000Z,0.00007761
2019-12-06T08:00:00.000Z,0.00005834
2019-12-06T16:00:00.000Z,0.00006551
2019-12-07T00:00:00.000Z,0.0001
2019-12-07T08:00:00.001Z,0.00003809
2019-12-07T16:00:00.000Z,0.0001
2019-12-08T00:00:00.000Z,0.0001
2019-12-08T08:00:00.000Z,0.0001
2019-12-08T16:00:00.000Z,0.0001
2019-12-09T00:00:00.000Z,0.0001
2019-12-09T08:00:00.000Z,0.0001
2019-12-09T16:00:00.000Z,0.0001
2019-12-10T00:00:00.000Z,0.0001
2019-12-10T08:00:00.001Z,0.0001
2019-12-10T16:00:00.000Z,0.0001
2019-12-11T00:00:00.000Z,0.0001
2019-12-11T08:00:00.000Z,0.00004062
2019-12-11T16:00:00.000Z,-0.00005692
2019-12-12T00:00:00.000Z,0.0000316
2019-12-12T08:00:00.001Z,-0.0000032
2019-12-12T16:00:00.000Z,-0.0000852
2019-12-13T00:00:00.000Z,-0.00007162
2019-12-13T08:00:00.000Z,-0.00011387
2019-12-13T16:00:00.000Z,-0.00009781
2019-12-14T00:00:00.000Z,-0.00005358
2019-12-14T08:00:00.000Z,0.00002252
2019-12-14T16:00:00.000Z,0.0001
2019-12-15T00:00:00.000Z,-0.00001788
2019-12-15T08:00:00.001Z,0.00007982
2019-12-15T16:00:00.000Z,0.00002225
2019-12-16T00:00:00.001Z,-0.00013465
2019-12-16T08:00:00.000Z,-0.00010782
2019-12-16T16:00:00.003Z,-0.00003652
2019-12-17T00:00:00.008Z,-0.00004606
2019-12-17T08:00:00.000Z,-0.00013429
2019-12-17T16:00:00.000Z,-0.00001606
2019-12-18T00:00:00.006Z,-0.00013767
2019-12-18T08:00:00.000Z,-0.00022278
2019-12-18T16:00:00.000Z,-0.0001509
2019-12-19T00:00:00.001Z,0.0001
2019-12-19T08:00:00.001Z,0.0001
2019-12-19T16:00:00.000Z,0.0001
2019-12-20T00:00:00.000Z,0.00002383
2019-12-20T08:00:00.000Z,0.00001034
2019-12-20T16:00:00.000Z,0.0000319
2019-12-21T00:00:00.000Z,-0.00000237
2019-12-21T08:00:00.000Z,0.0001
2019-12-21T16:00:00.000Z,0.0001
2019-12-22T00:00:00.000Z,0.0001
2019-12-22T08:00:00.001Z,0.0001
2019-12-22T16:00:00.000Z,0.0000157
2019-12-23T00:00:00.000Z,0.0001
2019-12-23T08:00:00.000Z,0.0001
2019-12-23T16:00:00.000Z,0.0001
2019-12-24T00:00:00.000Z,0.0001
2019-12-24T08:00:00.000Z,0.0001
2019-12-24T16:00:00.000Z,0.0001
2019-12-25T00:00:00.000Z,0.0001
2019-12-25T08:00:00.000Z,0.00006107
2019-12-25T16:00:00.000Z,0.0001
2019-12-26T00:00:00.000Z,0.0001
2019-12-26T08:00:00.000Z,0.0001
2019-12-26T16:00:00.000Z,-0.00002854
2019-12-27T00:00:00.001Z,0.00002605
2019-12-27T08:00:00.000Z,-0.00005694
2019-12-27T16:00:00.000Z,-0.00008764
2019-12-28T00:00:00.000Z,-0.00007701
2019-12-28T08:00:00.000Z,-0.00004257
2019-12-28T16:00:00.000Z,0.00002166
2019-12-29T00:00:00.000Z,-0.0002325
2019-12-29T08:00:00.000Z,0.0001
2019-12-29T16:00:00.000Z,-0.00008727
2019-12-30T00:00:00.000Z,-0.00010232
2019-12-30T08:00:00.000Z,-0.0001794
2019-12-30T16:00:00.000Z,-0.00001406
2019-12-31T00:00:00.000Z,0.00003936
2019-12-31T08:00:00.000Z,-0.0001305
2019-12-31T16:00:00.000Z,-0.00002403
2020-01-01T00:00:00.000Z,-0.00012359
2020-01-01T08:00:00.000Z,-0.00012383
2020-01-01T16:00:00.000Z,-0.00009664
2020-01-02T00:00:00.002Z,0.00003662
2020-01-02T08:00:00.000Z,0.0001
2020-01-02T16:00:00.000Z,0.00000104
2020-01-03T00:00:00.000Z,-0.00001664
2020-01-03T08:00:00.000Z,-0.00001553
2020-01-03T16:00:00.001Z,0.0001
2020-01-04T00:00:00.000Z,0.0001
2020-01-04T08:00:00.000Z,8.4e-7
2020-01-04T16:00:00.000Z,0.00007387
2020-01-05T00:00:00.000Z,0.0001
2020-01-05T08:00:00.000Z,0.0001
2020-01-05T16:00:00.000Z,0.0001
2020-01-06T00:00:00.000Z,0.0001
2020-01-06T08:00:00.000Z,0.0001
2020-01-06T16:00:00.000Z,0.0001
2020-01-07T00:00:00.000Z,0.0001
2020-01-07T08:00:00.001Z,0.0001
2020-01-07T16:00:00.000Z,0.0001
2020-01-08T00:00:00.000Z,0.00012514
2020-01-08T08:00:00.000Z,0.0001
2020-01-08T16:00:00.001Z,0.0001
2020-01-09T00:00:00.000Z,0.0001
2020-01-09T08:00:00.000Z,0.0001
2020-01-09T16:00:00.000Z,0.0001
2020-01-10T00:00:00.000Z,0.0001
2020-01-10T08:00:00.000Z,0.0001
2020-01-10T16:00:00.000Z,0.0001
2020-01-11T00:00:00.000Z,0.0001
2020-01-11T08:00:00.000Z,0.00017846
2020-01-11T16:00:00.000Z,0.0001
2020-01-12T00:00:00.000Z,0.0001
2020-01-12T08:00:00.000Z,0.0001
2020-01-12T16:00:00.000Z,0.0001
2020-01-13T00:00:00.001Z,0.0001
2020-01-13T08:00:00.000Z,0.0001
2020-01-13T16:00:00.000Z,0.0001
2020-01-14T00:00:00.000Z,0.0001
2020-01-14T08:00:00.000Z,0.000259
2020-01-14T16:00:00.001Z,0.0001
2020-01-15T00:00:00.000Z,0.00049392
2020-01-15T08:00:00.000Z,0.00019497
2020-01-15T16:00:00.000Z,0.0001
2020-01-16T00:00:00.000Z,0.0001
2020-01-16T08:00:00.000Z,0.00041191
2020-01-16T16:00:00.000Z,0.00031466
2020-01-17T00:00:00.000Z,0.0001
2020-01-17T08:00:00.000Z,0.00015027
2020-01-17T16:00:00.000Z,0.00056749
2020-01-18T00:00:00.001Z,0.0001
2020-01-18T08:00:00.001Z,0.00029182
2020-01-18T16:00:00.000Z,0.00032081
2020-01-19T00:00:00.000Z,0.00020041
2020-01-19T08:00:00.000Z,0.00039329
2020-01-19T16:00:00.000Z,0.00092467
2020-01-20T00:00:00.000Z,0.00029702
2020-01-20T08:00:00.000Z,0.0001
2020-01-20T16:00:00.000Z,0.00010782
2020-01-21T00:00:00.000Z,0.00012057
2020-01-21T08:00:00.000Z,0.00015425
2020-01-21T16:00:00.000Z,0.0001574
2020-01-22T00:00:00.000Z,0.0001
2020-01-22T08:00:00.001Z,0.00021392
2020-01-22T16:00:00.000Z,0.0001
2020-01-23T00:00:00.000Z,0.0001
2020-01-23T08:00:00.000Z,0.0001
2020-01-23T16:00:00.000Z,0.00052304
2020-01-24T00:00:00.000Z,0.00054719
2020-01-24T08:00:00.000Z,0.00042124
2020-01-24T16:00:00.001Z,0.00017948
2020-01-25T00:00:00.000Z,0.0001
2020-01-25T08:00:00.000Z,0.0001
2020-01-25T16:00:00.001Z,0.0001
2020-01-26T00:00:00.000Z,0.0001
2020-01-26T08:00:00.000Z,0.0001
2020-01-26T16:00:00.000Z,0.0001
2020-01-27T00:00:00.000Z,0.0001
2020-01-27T08:00:00.001Z,0.0001
2020-01-27T16:00:00.000Z,0.0001
2020-01-28T00:00:00.000Z,0.0001
2020-01-28T08:00:00.000Z,0.00068689
2020-01-28T16:00:00.000Z,0.00054394
2020-01-29T00:00:00.001Z,0.00062324
2020-01-29T08:00:00.000Z,0.00108193
2020-01-29T16:00:00.002Z,0.00053694
2020-01-30T00:00:00.000Z,0.000236
2020-01-30T08:00:00.000Z,0.00024877
2020-01-30T16:00:00.000Z,0.00034852
2020-01-31T00:00:00.000Z,0.00053551
2020-01-31T08:00:00.000Z,0.00077154
2020-01-31T16:00:00.000Z,0.00039858
2020-02-01T00:00:00.000Z,0.00074991
2020-02-01T08:00:00.000Z,0.00065667
2020-02-01T16:00:00.000Z,0.00049052
2020-02-02T00:00:00.000Z,0.00028263
2020-02-02T08:00:00.000Z,0.00034916
2020-02-02T16:00:00.000Z,0.00065524
2020-02-03T00:00:00.000Z,0.00060677
2020-02-03T08:00:00.000Z,0.00035862
2020-02-03T16:00:00.000Z,0.0001
2020-02-04T00:00:00.000Z,0.00099282
2020-02-04T08:00:00.001Z,0.0005445
2020-02-04T16:00:00.000Z,0.00038192
2020-02-05T00:00:00.002Z,0.0001
2020-02-05T08:00:00.000Z,0.0001
2020-02-05T16:00:00.000Z,0.00052631
2020-02-06T00:00:00.000Z,0.00164021
2020-02-06T08:00:00.000Z,0.00078299
2020-02-06T16:00:00.000Z,0.00055668
2020-02-07T00:00:00.000Z,0.00035618
2020-02-07T08:00:00.000Z,0.00019726
2020-02-07T16:00:00.001Z,0.00034616
2020-02-08T00:00:00.000Z,0.00039915
2020-02-08T08:00:00.000Z,0.00062858
2020-02-08T16:00:00.000Z,0.00099315
2020-02-09T00:00:00.000Z,0.00042798
2020-02-09T08:00:00.000Z,0.00081519
2020-02-09T16:00:00.000Z,0.00113954
2020-02-10T00:00:00.000Z,0.00106733
2020-02-10T08:00:00.000Z,0.00125022
2020-02-10T16:00:00.009Z,0.00097918
2020-02-11T00:00:00.000Z,0.00043989
2020-02-11T08:00:00.000Z,0.00064797
2020-02-11T16:00:00.000Z,0.0005012
2020-02-12T00:00:00.000Z,0.003
2020-02-12T08:00:00.001Z,0.00108055
2020-02-12T16:00:00.000Z,0.00103884
2020-02-13T00:00:00.001Z,0.00093553
2020-02-13T08:00:00.000Z,0.00084403
2020-02-13T16:00:00.000Z,0.00070414
2020-02-14T00:00:00.000Z,0.0006332
2020-02-14T08:00:00.000Z,0.00074453
2020-02-14T16:00:00.000Z,0.00055952
2020-02-15T00:00:00.000Z,0.00059113
2020-02-15T08:00:00.000Z,0.0009686
2020-02-15T16:00:00.000Z,0.00087369
2020-02-16T00:00:00.000Z,0.00051202
2020-02-16T08:00:00.000Z,0.00036973
2020-02-16T16:00:00.000Z,0.00060847
2020-02-17T00:00:00.000Z,0.00043179
2020-02-17T08:00:00.000Z,0.0006096
2020-02-17T16:00:00.000Z,0.00091076
2020-02-18T00:00:00.000Z,0.00026967
2020-02-18T08:00:00.000Z,0.00013952
2020-02-18T16:00:00.000Z,0.00029662
2020-02-19T00:00:00.000Z,0.00046396
2020-02-19T08:00:00.001Z,0.00038487
2020-02-19T16:00:00.000Z,0.00040757
2020-02-20T00:00:00.004Z,0.0001
2020-02-20T08:00:00.000Z,0.0001
2020-02-20T16:00:00.000Z,0.0001
2020-02-21T00:00:00.000Z,0.0001
2020-02-21T08:00:00.000Z,0.0001
2020-02-21T16:00:00.000Z,0.0001
2020-02-22T00:00:00.000Z,0.0001
2020-02-22T08:00:00.001Z,0.0001
2020-02-22T16:00:00.000Z,0.00012243
2020-02-23T00:00:00.000Z,0.00029663
2020-02-23T08:00:00.000Z,0.0003901
2020-02-23T16:00:00.000Z,0.00065308
2020-02-24T00:00:00.015Z,0.00048774
2020-02-24T08:00:00.000Z,0.00014587
2020-02-24T16:00:00.000Z,0.0001
2020-02-25T00:00:00.001Z,0.00032389
2020-02-25T08:00:00.000Z,0.00027363
2020-02-25T16:00:00.001Z,0.00046949
2020-02-26T00:00:00.000Z,0.0003617
2020-02-26T08:00:00.001Z,0.0005063
2020-02-26T16:00:00.000Z,0.0003866
2020-02-27T00:00:00.001Z,0.00017363
2020-02-27T08:00:00.001Z,0.0001
2020-02-27T16:00:00.000Z,0.0001
2020-02-28T00:00:00.000Z,0.0001
2020-02-28T08:00:00.000Z,0.00011659
2020-02-28T16:00:00.000Z,0.00023604
2020-02-29T00:00:00.000Z,0.00061536
2020-02-29T08:00:00.000Z,0.00060166
2020-02-29T16:00:00.000Z,0.00062345
2020-03-01T00:00:00.000Z,0.00049317
2020-03-01T08:00:00.000Z,0.00027933
2020-03-01T16:00:00.001Z,0.00031033
2020-03-02T00:00:00.000Z,0.0001872
2020-03-02T08:00:00.000Z,0.0001
2020-03-02T16:00:00.004Z,0.0001
2020-03-03T00:00:00.000Z,0.0001
2020-03-03T08:00:00.003Z,0.0001
2020-03-03T16:00:00.000Z,0.0001
2020-03-04T00:00:00.002Z,0.0001
2020-03-04T08:00:00.000Z,0.0001
2020-03-04T16:00:00.001Z,0.00024328
2020-03-05T00:00:00.000Z,0.0001
2020-03-05T08:00:00.000Z,0.00023481
2020-03-05T16:00:00.000Z,0.00019521
2020-03-06T00:00:00.003Z,0.00020373
2020-03-06T08:00:00.000Z,0.00021759
2020-03-06T16:00:00.000Z,0.00035706
2020-03-07T00:00:00.000Z,0.00039476
2020-03-07T08:00:00.001Z,0.00032086
2020-03-07T16:00:00.000Z,0.00032714
2020-03-08T00:00:00.001Z,0.00054685
2020-03-08T08:00:00.000Z,0.00049747
2020-03-08T16:00:00.006Z,0.00042921
2020-03-09T00:00:00.000Z,0.0001
2020-03-09T08:00:00.000Z,0.0001
2020-03-09T16:00:00.000Z,0.0001
2020-03-10T00:00:00.000Z,0.0001
2020-03-10T08:00:00.000Z,0.0001
2020-03-10T16:00:00.000Z,0.0001
2020-03-11T00:00:00.001Z,0.0001
2020-03-11T08:00:00.000Z,0.0001
2020-03-11T16:00:00.000Z,0.00022898
2020-03-12T00:00:00.001Z,0.00010572
2020-03-12T08:00:00.001Z,0.0001
2020-03-12T16:00:00.000Z,-0.00015149
2020-03-13T00:00:00.000Z,-0.00016073
2020-03-13T08:00:00.000Z,-0.003
2020-03-13T16:00:00.002Z,-0.00065378
2020-03-14T00:00:00.000Z,-0.00076421
2020-03-14T08:00:00.001Z,-0.00004946
2020-03-14T16:00:00.000Z,-0.00050325
2020-03-15T00:00:00.000Z,-0.00047893
2020-03-15T08:00:00.000Z,-0.00054208
2020-03-15T16:00:00.001Z,-0.0004879
2020-03-16T00:00:00.000Z,-0.00028282
2020-03-16T08:00:00.000Z,-0.00036873
2020-03-16T16:00:00.001Z,-0.00090358
2020-03-17T00:00:00.000Z,-0.0002383
2020-03-17T08:00:00.000Z,-0.00003681
2020-03-17T16:00:00.000Z,-0.00010573
2020-03-18T00:00:00.000Z,-0.00014706
2020-03-18T08:00:00.000Z,-0.00035528
2020-03-18T16:00:00.000Z,-0.00033374
2020-03-19T00:00:00.000Z,-0.00015042
2020-03-19T08:00:00.000Z,-0.00022004
2020-03-19T16:00:00.000Z,-0.00027089
2020-03-20T00:00:00.000Z,-0.00015469
2020-03-20T08:00:00.000Z,-0.00001171
2020-03-20T16:00:00.000Z,0.0001
2020-03-21T00:00:00.000Z,0.00008327
2020-03-21T08:00:00.000Z,-0.00000915
2020-03-21T16:00:00.000Z,-0.00011557
2020-03-22T00:00:00.000Z,-0.00002842
2020-03-22T08:00:00.001Z,0.0001
2020-03-22T16:00:00.000Z,0.00000224
2020-03-23T00:00:00.000Z,-0.00016796
2020-03-23T08:00:00.000Z,-0.00016295
2020-03-23T16:00:00.000Z,0.0001
2020-03-24T00:00:00.000Z,0.0001
2020-03-24T08:00:00.000Z,0.0001
2020-03-24T16:00:00.000Z,0.0001
2020-03-25T00:00:00.000Z,0.0001
2020-03-25T08:00:00.000Z,0.00009958
2020-03-25T16:00:00.001Z,0.00009813
2020-03-26T00:00:00.006Z,-0.0000162
2020-03-26T08:00:00.002Z,0.0001
2020-03-26T16:00:00.000Z,0.00001599
2020-03-27T00:00:00.000Z,0.00006223
2020-03-27T08:00:00.000Z,0.00006838
2020-03-27T16:00:00.000Z,0.00000148
2020-03-28T00:00:00.000Z,-0.00012203
2020-03-28T08:00:00.000Z,-0.00041263
2020-03-28T16:00:00.000Z,-0.0002165
2020-03-29T00:00:00.000Z,-0.00023282
2020-03-29T08:00:00.001Z,-0.0002912
2020-03-29T16:00:00.000Z,-0.00025613
2020-03-30T00:00:00.000Z,-0.0006431
2020-03-30T08:00:00.000Z,-0.00033817
2020-03-30T16:00:00.000Z,-0.00006982
2020-03-31T00:00:00.000Z,-0.00005383
2020-03-31T08:00:00.001Z,-0.00015273
2020-03-31T16:00:00.001Z,-0.000162
2020-04-01T00:00:00.002Z,-0.00009237
2020-04-01T08:00:00.000Z,-0.0004868
2020-04-01T16:00:00.001Z,-0.00034983
2020-04-02T00:00:00.000Z,-0.0001933
2020-04-02T08:00:00.000Z,0.0000328
2020-04-02T16:00:00.000Z,0.00009417
2020-04-03T00:00:00.000Z,0.00009047
2020-04-03T08:00:00.000Z,7.9e-7
2020-04-03T16:00:00.000Z,0.0001
2020-04-04T00:00:00.000Z,0.00006184
2020-04-04T08:00:00.000Z,0.00005655
2020-04-04T16:00:00.000Z,-0.0000777
2020-04-05T00:00:00.001Z,-0.00004495
2020-04-05T08:00:00.000Z,0.00004198
2020-04-05T16:00:00.000Z,0.00003859
2020-04-06T00:00:00.000Z,0.00002364
2020-04-06T08:00:00.000Z,0.00000654
2020-04-06T16:00:00.000Z,-0.00008471
2020-04-07T00:00:00.000Z,-0.00012883
2020-04-07T08:00:00.000Z,-0.00002915
2020-04-07T16:00:00.000Z,0.00001131
2020-04-08T00:00:00.000Z,-0.00002763
2020-04-08T08:00:00.000Z,0.0001
2020-04-08T16:00:00.000Z,0.00006677
2020-04-09T00:00:00.000Z,0.0001
2020-04-09T08:00:00.001Z,-0.00010005
2020-04-09T16:00:00.000Z,-0.00008854
2020-04-10T00:00:00.001Z,-0.00005003
2020-04-10T08:00:00.000Z,0.0001
2020-04-10T16:00:00.000Z,0.0001
2020-04-11T00:00:00.000Z,0.0001
2020-04-11T08:00:00.000Z,0.0001
2020-04-11T16:00:00.000Z,0.0001
2020-04-12T00:00:00.000Z,0.0001
2020-04-12T08:00:00.006Z,0.0001
2020-04-12T16:00:00.001Z,0.00008453
2020-04-13T00:00:00.001Z,0.00007954
2020-04-13T08:00:00.000Z,-0.00020271
2020-04-13T16:00:00.000Z,-0.00002882
2020-04-14T00:00:00.000Z,-0.00001244
2020-04-14T08:00:00.000Z,0.00005454
2020-04-14T16:00:00.000Z,-0.00020028
2020-04-15T00:00:00.000Z,-0.00012803
2020-04-15T08:00:00.000Z,-0.0000463
2020-04-15T16:00:00.000Z,0.00002925
2020-04-16T00:00:00.000Z,-0.00007017
2020-04-16T08:00:00.000Z,-0.00046001
2020-04-16T16:00:00.000Z,0.00006364
2020-04-17T00:00:00.000Z,0.00005926
2020-04-17T08:00:00.000Z,0.00003345
2020-04-17T16:00:00.000Z,-0.00006771
2020-04-18T00:00:00.000Z,-0.00003132
2020-04-18T08:00:00.000Z,-0.00017145
2020-04-18T16:00:00.000Z,-0.00019642
2020-04-19T00:00:00.000Z,-0.00019142
2020-04-19T08:00:00.000Z,-0.00005966
2020-04-19T16:00:00.000Z,0.00008514
2020-04-20T00:00:00.000Z,-0.0000131
2020-04-20T08:00:00.000Z,-0.00001874
2020-04-20T16:00:00.000Z,-0.00005762
2020-04-21T00:00:00.000Z,-0.0000918
2020-04-21T08:00:00.001Z,-0.00007539
2020-04-21T16:00:00.000Z,0.0001
2020-04-22T00:00:00.001Z,-0.00002663
2020-04-22T08:00:00.000Z,-0.00011402
2020-04-22T16:00:00.000Z,-0.00031244
2020-04-23T00:00:00.000Z,-0.0002234
2020-04-23T08:00:00.001Z,-0.00015491
2020-04-23T16:00:00.000Z,0.0001
2020-04-24T00:00:00.000Z,0.0001
2020-04-24T08:00:00.000Z,0.0001
2020-04-24T16:00:00.000Z,0.0001
2020-04-25T00:00:00.003Z,0.0001
2020-04-25T08:00:00.000Z,0.0001
2020-04-25T16:00:00.000Z,0.0001
2020-04-26T00:00:00.000Z,0.0001
2020-04-26T08:00:00.000Z,0.00007493
2020-04-26T16:00:00.000Z,0.0001
2020-04-27T00:00:00.000Z,0.0001
2020-04-27T08:00:00.005Z,0.0001
2020-04-27T16:00:00.000Z,0.0001
2020-04-28T00:00:00.000Z,0.0001
2020-04-28T08:00:00.000Z,0.0001
2020-04-28T16:00:00.000Z,0.0001
2020-04-29T00:00:00.000Z,0.0001
2020-04-29T08:00:00.001Z,0.0001
2020-04-29T16:00:00.000Z,0.0001
2020-04-30T00:00:00.000Z,0.00013208
2020-04-30T08:00:00.000Z,0.00097517
2020-04-30T16:00:00.000Z,0.0001
2020-05-01T00:00:00.000Z,0.00021072
2020-05-01T08:00:00.000Z,0.00017885
2020-05-01T16:00:00.000Z,0.00013528
2020-05-02T00:00:00.000Z,0.0001
2020-05-02T08:00:00.000Z,0.0001
2020-05-02T16:00:00.000Z,0.00010144
2020-05-03T00:00:00.000Z,0.0001
2020-05-03T08:00:00.000Z,0.0001981
2020-05-03T16:00:00.000Z,0.00015162
2020-05-04T00:00:00.000Z,0.00011925
2020-05-04T08:00:00.005Z,0.0001
2020-05-04T16:00:00.000Z,0.0001
2020-05-05T00:00:00.000Z,0.0001
2020-05-05T08:00:00.000Z,0.0001
2020-05-05T16:00:00.000Z,0.0001
2020-05-06T00:00:00.001Z,0.0001
2020-05-06T08:00:00.000Z,0.0001
2020-05-06T16:00:00.000Z,0.00035981
2020-05-07T00:00:00.000Z,0.0001
2020-05-07T08:00:00.011Z,0.0001
2020-05-07T16:00:00.000Z,0.0001
2020-05-08T00:00:00.000Z,0.00016094
2020-05-08T08:00:00.001Z,0.00034016
2020-05-08T16:00:00.000Z,0.0005319
2020-05-09T00:00:00.000Z,0.00042037
2020-05-09T08:00:00.000Z,0.00075816
2020-05-09T16:00:00.000Z,0.00058018
2020-05-10T00:00:00.000Z,0.00042326
2020-05-10T08:00:00.000Z,0.0001
2020-05-10T16:00:00.000Z,0.0001
2020-05-11T00:00:00.000Z,0.0001
2020-05-11T08:00:00.000Z,0.0001
2020-05-11T16:00:00.000Z,0.0001
2020-05-12T00:00:00.000Z,0.0001
2020-05-12T08:00:00.001Z,0.0001
2020-05-12T16:00:00.000Z,0.0001
2020-05-13T00:00:00.000Z,0.0001
2020-05-13T08:00:00.000Z,0.0001
2020-05-13T16:00:00.000Z,0.0001
2020-05-14T00:00:00.000Z,0.0001
2020-05-14T08:00:00.000Z,0.0001
2020-05-14T16:00:00.000Z,0.0001
2020-05-15T00:00:00.000Z,0.0001
2020-05-15T08:00:00.000Z,0.000044
2020-05-15T16:00:00.001Z,0.0001
2020-05-16T00:00:00.008Z,0.0001
2020-05-16T08:00:00.000Z,0.0001
2020-05-16T16:00:00.000Z,0.0001
2020-05-17T00:00:00.002Z,0.00008001
2020-05-17T08:00:00.000Z,0.00004125
2020-05-17T16:00:00.000Z,0.00000888
2020-05-18T00:00:00.000Z,0.0001
2020-05-18T08:00:00.000Z,0.0001
2020-05-18T16:00:00.001Z,-0.0000664
2020-05-19T00:00:00.005Z,0.0001
2020-05-19T08:00:00.000Z,0.00007892
2020-05-19T16:00:00.000Z,0.0001
2020-05-20T00:00:00.000Z,0.0001
2020-05-20T08:00:00.000Z,0.0001
2020-05-20T16:00:00.006Z,0.0001
2020-05-21T00:00:00.000Z,-0.00009027
2020-05-21T08:00:00.000Z,0.00006809
2020-05-21T16:00:00.000Z,0.0001
2020-05-22T00:00:00.006Z,-0.0000515
2020-05-22T08:00:00.000Z,-0.00002396
2020-05-22T16:00:00.000Z,0.00006867
2020-05-23T00:00:00.003Z,-0.00002092
2020-05-23T08:00:00.000Z,-0.00001081
2020-05-23T16:00:00.000Z,0.00007023
2020-05-24T00:00:00.006Z,0.0001
2020-05-24T08:00:00.000Z,0.00007917
2020-05-24T16:00:00.000Z,0.00006724
2020-05-25T00:00:00.000Z,0.00006784
2020-05-25T08:00:00.000Z,-0.00004286
2020-05-25T16:00:00.000Z,-0.00004226
2020-05-26T00:00:00.000Z,-3.5e-7
2020-05-26T08:00:00.006Z,0.0001
2020-05-26T16:00:00.000Z,0.00004599
2020-05-27T00:00:00.000Z,0.00002104
2020-05-27T08:00:00.000Z,0.0001
2020-05-27T16:00:00.000Z,-0.00014025
2020-05-28T00:00:00.000Z,-0.00011366
2020-05-28T08:00:00.000Z,-0.00006862
2020-05-28T16:00:00.000Z,-0.00001187
2020-05-29T00:00:00.000Z,0.00002618
2020-05-29T08:00:00.000Z,0.00001877
2020-05-29T16:00:00.000Z,-0.00000604
2020-05-30T00:00:00.000Z,0.0001
2020-05-30T08:00:00.001Z,0.0001
2020-05-30T16:00:00.000Z,0.0001
2020-05-31T00:00:00.000Z,0.0001
2020-05-31T08:00:00.001Z,0.0001
2020-05-31T16:00:00.000Z,0.0001
2020-06-01T00:00:00.000Z,0.0001
2020-06-01T08:00:00.001Z,-0.00002911
2020-06-01T16:00:00.000Z,0.00000938
2020-06-02T00:00:00.000Z,0.0003448
2020-06-02T08:00:00.002Z,0.0007831
2020-06-02T16:00:00.000Z,0.0001
2020-06-03T00:00:00.000Z,0.0001
2020-06-03T08:00:00.000Z,0.00008646
2020-06-03T16:00:00.002Z,0.0001
2020-06-04T00:00:00.001Z,0.0001
2020-06-04T08:00:00.004Z,0.0001
2020-06-04T16:00:00.001Z,0.0001
2020-06-05T00:00:00.001Z,0.0001
2020-06-05T08:00:00.000Z,0.0001
2020-06-05T16:00:00.001Z,0.0001
2020-06-06T00:00:00.000Z,0.0001
2020-06-06T08:00:00.000Z,0.0001
2020-06-06T16:00:00.000Z,0.0001
2020-06-07T00:00:00.000Z,0.0001
2020-06-07T08:00:00.000Z,0.0001
2020-06-07T16:00:00.006Z,0.0001
2020-06-08T00:00:00.008Z,0.0001
2020-06-08T08:00:00.007Z,0.0001
2020-06-08T16:00:00.000Z,0.0001
2020-06-09T00:00:00.000Z,0.0001
2020-06-09T08:00:00.000Z,0.0001
2020-06-09T16:00:00.000Z,0.0001
2020-06-10T00:00:00.000Z,0.0001
2020-06-10T08:00:00.000Z,0.0001
2020-06-10T16:00:00.000Z,0.0001
2020-06-11T00:00:00.008Z,0.0001
2020-06-11T08:00:00.001Z,0.0001
2020-06-11T16:00:00.000Z,0.0001
2020-06-12T00:00:00.003Z,0.0001
2020-06-12T08:00:00.000Z,-0.00003816
2020-06-12T16:00:00.002Z,0.00009714
2020-06-13T00:00:00.000Z,-0.00001942
2020-06-13T08:00:00.001Z,0.00007217
2020-06-13T16:00:00.000Z,0.0001
2020-06-14T00:00:00.007Z,0.00007102
2020-06-14T08:00:00.000Z,0.0001
2020-06-14T16:00:00.001Z,0.0001
2020-06-15T00:00:00.000Z,0.0001
2020-06-15T08:00:00.001Z,-0.00004149
2020-06-15T16:00:00.000Z,-0.00018213
2020-06-16T00:00:00.002Z,-0.00015215
2020-06-16T08:00:00.000Z,0.0001
2020-06-16T16:00:00.006Z,0.0001
2020-06-17T00:00:00.000Z,0.00007764
2020-06-17T08:00:00.007Z,-0.0000832
2020-06-17T16:00:00.000Z,0.0000751
2020-06-18T00:00:00.003Z,-0.00010005
2020-06-18T08:00:00.001Z,-0.00011589
2020-06-18T16:00:00.002Z,0.00007624
2020-06-19T00:00:00.001Z,-0.00000157
2020-06-19T08:00:00.003Z,0.0000194
2020-06-19T16:00:00.000Z,0.0001
2020-06-20T00:00:00.000Z,0.0001
2020-06-20T08:00:00.009Z,0.00001186
2020-06-20T16:00:00.006Z,0.0001
2020-06-21T00:00:00.000Z,-0.00003057
2020-06-21T08:00:00.000Z,-0.0000129
2020-06-21T16:00:00.000Z,0.0001
2020-06-22T00:00:00.000Z,0.0001
2020-06-22T08:00:00.000Z,0.00006784
2020-06-22T16:00:00.001Z,0.0001
2020-06-23T00:00:00.000Z,0.0001
2020-06-23T08:00:00.002Z,0.0001
2020-06-23T16:00:00.000Z,0.00012215
2020-06-24T00:00:00.001Z,0.00011286
2020-06-24T08:00:00.000Z,0.0001
2020-06-24T16:00:00.000Z,0.0001
2020-06-25T00:00:00.000Z,0.0001
2020-06-25T08:00:00.000Z,0.0001
2020-06-25T16:00:00.000Z,0.0001
2020-06-26T00:00:00.000Z,0.00009401
2020-06-26T08:00:00.000Z,0.0001
2020-06-26T16:00:00.000Z,0.0001
2020-06-27T00:00:00.003Z,0.0001
2020-06-27T08:00:00.004Z,0.0001
2020-06-27T16:00:00.000Z,0.0001
2020-06-28T00:00:00.003Z,0.0001
2020-06-28T08:00:00.001Z,0.0001
2020-06-28T16:00:00.000Z,0.00004867
2020-06-29T00:00:00.000Z,0.0001
2020-06-29T08:00:00.005Z,0.0001
2020-06-29T16:00:00.000Z,0.0001
2020-06-30T00:00:00.000Z,0.0001
2020-06-30T08:00:00.001Z,0.0001
2020-06-30T16:00:00.002Z,0.0001
2020-07-01T00:00:00.002Z,0.0001
2020-07-01T08:00:00.000Z,0.0001
2020-07-01T16:00:00.000Z,0.0001
2020-07-02T00:00:00.001Z,0.0001
2020-07-02T08:00:00.001Z,0.0001
2020-07-02T16:00:00.000Z,0.0001
2020-07-03T00:00:00.000Z,0.0001
2020-07-03T08:00:00.001Z,0.0001
2020-07-03T16:00:00.000Z,0.0001
2020-07-04T00:00:00.002Z,0.0001
2020-07-04T08:00:00.002Z,0.0001
2020-07-04T16:00:00.001Z,0.0001
2020-07-05T00:00:00.000Z,0.0001
2020-07-05T08:00:00.000Z,0.0001
2020-07-05T16:00:00.000Z,0.0001
2020-07-06T00:00:00.000Z,0.0001
2020-07-06T08:00:00.001Z,0.0001
2020-07-06T16:00:00.000Z,0.0001
2020-07-07T00:00:00.000Z,0.0001
2020-07-07T08:00:00.006Z,0.0001
2020-07-07T16:00:00.000Z,0.0001
2020-07-08T00:00:00.000Z,0.0001
2020-07-08T08:00:00.000Z,0.0001
2020-07-08T16:00:00.000Z,0.0001
2020-07-09T00:00:00.001Z,0.0001
2020-07-09T08:00:00.002Z,0.0001
2020-07-09T16:00:00.000Z,0.0001
2020-07-10T00:00:00.000Z,0.0001
2020-07-10T08:00:00.001Z,0.0001
2020-07-10T16:00:00.000Z,0.0001
2020-07-11T00:00:00.000Z,0.0001
2020-07-11T08:00:00.000Z,0.0001
2020-07-11T16:00:00.000Z,0.0001
2020-07-12T00:00:00.000Z,0.0001
2020-07-12T08:00:00.000Z,0.0001
2020-07-12T16:00:00.000Z,0.0001
2020-07-13T00:00:00.000Z,0.0001
2020-07-13T08:00:00.001Z,0.0001
2020-07-13T16:00:00.000Z,0.0001
2020-07-14T00:00:00.001Z,0.0001
2020-07-14T08:00:00.000Z,0.0001
2020-07-14T16:00:00.000Z,0.0001
2020-07-15T00:00:00.000Z,0.0001
2020-07-15T08:00:00.000Z,0.0001
2020-07-15T16:00:00.000Z,0.0001
2020-07-16T00:00:00.000Z,0.0001
2020-07-16T08:00:00.002Z,0.0001
2020-07-16T16:00:00.001Z,0.0001
2020-07-17T00:00:00.001Z,0.0001
2020-07-17T08:00:00.000Z,0.0001
2020-07-17T16:00:00.000Z,0.0001
2020-07-18T00:00:00.003Z,0.0001
2020-07-18T08:00:00.001Z,0.0001
2020-07-18T16:00:00.000Z,0.0001
2020-07-19T00:00:00.000Z,0.0001
2020-07-19T08:00:00.000Z,0.0001
2020-07-19T16:00:00.000Z,0.0001
2020-07-20T00:00:00.000Z,0.0001
2020-07-20T08:00:00.000Z,0.0001
2020-07-20T16:00:00.001Z,0.0001
2020-07-21T00:00:00.000Z,0.0001
2020-07-21T08:00:00.001Z,0.0001
2020-07-21T16:00:00.004Z,0.0001
2020-07-22T00:00:00.000Z,0.0001
2020-07-22T08:00:00.000Z,0.0001
2020-07-22T16:00:00.000Z,0.0001
2020-07-23T00:00:00.001Z,0.0001
2020-07-23T08:00:00.000Z,0.0001
2020-07-23T16:00:00.001Z,0.0001
2020-07-24T00:00:00.000Z,0.0001
2020-07-24T08:00:00.000Z,0.0001
2020-07-24T16:00:00.000Z,0.0001
2020-07-25T00:00:00.000Z,0.0001
2020-07-25T08:00:00.001Z,0.0001
2020-07-25T16:00:00.000Z,0.0001
2020-07-26T00:00:00.000Z,0.0001
2020-07-26T08:00:00.000Z,0.0001
2020-07-26T16:00:00.000Z,0.00065437
2020-07-27T00:00:00.000Z,0.00047138
2020-07-27T08:00:00.000Z,0.00086993
2020-07-27T16:00:00.000Z,0.00051888
2020-07-28T00:00:00.000Z,0.00139484
2020-07-28T08:00:00.001Z,0.00122052
2020-07-28T16:00:00.000Z,0.00097576
2020-07-29T00:00:00.000Z,0.00083621
2020-07-29T08:00:00.000Z,0.00068208
2020-07-29T16:00:00.000Z,0.00061856
2020-07-30T00:00:00.000Z,0.00061759
2020-07-30T08:00:00.001Z,0.00072329
2020-07-30T16:00:00.000Z,0.00069174
2020-07-31T00:00:00.000Z,0.00082654
2020-07-31T08:00:00.001Z,0.00039348
2020-07-31T16:00:00.000Z,0.00037716
2020-08-01T00:00:00.005Z,0.0002791
2020-08-01T08:00:00.000Z,0.00030785
2020-08-01T16:00:00.001Z,0.00048996
2020-08-02T00:00:00.000Z,0.00095567
2020-08-02T08:00:00.001Z,0.0004243
2020-08-02T16:00:00.001Z,0.00024752
2020-08-03T00:00:00.000Z,0.0002585
2020-08-03T08:00:00.001Z,0.00045929
2020-08-03T16:00:00.000Z,0.00043731
2020-08-04T00:00:00.003Z,0.00031113
2020-08-04T08:00:00.000Z,0.00030647
2020-08-04T16:00:00.000Z,0.00038617
2020-08-05T00:00:00.000Z,0.00013898
2020-08-05T08:00:00.000Z,0.00016613
2020-08-05T16:00:00.000Z,0.00022044
2020-08-06T00:00:00.000Z,0.00038867
2020-08-06T08:00:00.007Z,0.00038696
2020-08-06T16:00:00.000Z,0.00036099
2020-08-07T00:00:00.001Z,0.00031707
2020-08-07T08:00:00.000Z,0.00021201
2020-08-07T16:00:00.000Z,0.00023934
2020-08-08T00:00:00.000Z,0.0001
2020-08-08T08:00:00.000Z,0.0001
2020-08-08T16:00:00.000Z,0.0001
2020-08-09T00:00:00.000Z,0.0001
2020-08-09T08:00:00.000Z,0.00021066
2020-08-09T16:00:00.000Z,0.00014574
2020-08-10T00:00:00.001Z,0.0001
2020-08-10T08:00:00.000Z,0.00131898
2020-08-10T16:00:00.001Z,0.00030218
2020-08-11T00:00:00.001Z,0.00013372
2020-08-11T08:00:00.000Z,0.00022736
2020-08-11T16:00:00.001Z,0.00059816
2020-08-12T00:00:00.000Z,0.0001
2020-08-12T08:00:00.000Z,0.0001
2020-08-12T16:00:00.000Z,0.0001
2020-08-13T00:00:00.002Z,0.0001
2020-08-13T08:00:00.000Z,0.0001
2020-08-13T16:00:00.000Z,0.0001
2020-08-14T00:00:00.000Z,0.00017598
2020-08-14T08:00:00.000Z,0.00044038
2020-08-14T16:00:00.000Z,0.00027433
2020-08-15T00:00:00.000Z,0.0001
2020-08-15T08:00:00.001Z,0.0003665
2020-08-15T16:00:00.001Z,0.00021904
2020-08-16T00:00:00.000Z,0.0001564
2020-08-16T08:00:00.000Z,0.00048777
2020-08-16T16:00:00.000Z,0.00031524
2020-08-17T00:00:00.000Z,0.00026342
2020-08-17T08:00:00.000Z,0.00039806
2020-08-17T16:00:00.000Z,0.0008576
2020-08-18T00:00:00.001Z,0.00119905
2020-08-18T08:00:00.008Z,0.00078206
2020-08-18T16:00:00.000Z,0.00100156
2020-08-19T00:00:00.000Z,0.00077293
2020-08-19T08:00:00.000Z,0.00054924
2020-08-19T16:00:00.000Z,0.00024051
2020-08-20T00:00:00.001Z,0.00024189
2020-08-20T08:00:00.000Z,0.0001159
2020-08-20T16:00:00.000Z,0.00018281
2020-08-21T00:00:00.000Z,0.0001
2020-08-21T08:00:00.000Z,0.0001
2020-08-21T16:00:00.017Z,0.0001
2020-08-22T00:00:00.000Z,0.0001
2020-08-22T08:00:00.000Z,0.0001
2020-08-22T16:00:00.000Z,0.0001
2020-08-23T00:00:00.000Z,0.0001
2020-08-23T08:00:00.000Z,0.0001
2020-08-23T16:00:00.000Z,0.0001
2020-08-24T00:00:00.006Z,0.0001
2020-08-24T08:00:00.001Z,0.0001
2020-08-24T16:00:00.000Z,0.0001
2020-08-25T00:00:00.000Z,0.0001
2020-08-25T08:00:00.000Z,0.0001
2020-08-25T16:00:00.000Z,0.0004258
2020-08-26T00:00:00.000Z,0.00023316
2020-08-26T08:00:00.008Z,0.0001
2020-08-26T16:00:00.002Z,0.00013038
2020-08-27T00:00:00.000Z,0.0001
2020-08-27T08:00:00.010Z,0.0001
2020-08-27T16:00:00.000Z,0.0001
2020-08-28T00:00:00.000Z,0.0001
2020-08-28T08:00:00.001Z,0.0001
2020-08-28T16:00:00.000Z,0.0001
2020-08-29T00:00:00.002Z,0.0001
2020-08-29T08:00:00.006Z,0.0001
2020-08-29T16:00:00.003Z,0.0001
2020-08-30T00:00:00.000Z,0.0001
2020-08-30T08:00:00.000Z,0.0001
2020-08-30T16:00:00.000Z,0.0001
2020-08-31T00:00:00.000Z,0.0001
2020-08-31T08:00:00.001Z,0.0001
2020-08-31T16:00:00.001Z,0.00015461
2020-09-01T00:00:00.000Z,0.0001
2020-09-01T08:00:00.000Z,0.00022961
2020-09-01T16:00:00.000Z,0.0004686
2020-09-02T00:00:00.000Z,0.00032895
2020-09-02T08:00:00.006Z,0.00035074
2020-09-02T16:00:00.000Z,0.00045038
2020-09-03T00:00:00.001Z,0.00021394
2020-09-03T08:00:00.004Z,0.00016828
2020-09-03T16:00:00.000Z,0.00024709
2020-09-04T00:00:00.005Z,0.0001
2020-09-04T08:00:00.000Z,0.0001
2020-09-04T16:00:00.006Z,0.0001
2020-09-05T00:00:00.000Z,0.0001
2020-09-05T08:00:00.004Z,0.0001
2020-09-05T16:00:00.001Z,0.0001
2020-09-06T00:00:00.004Z,0.0001
2020-09-06T08:00:00.000Z,0.0001
2020-09-06T16:00:00.000Z,0.0001
2020-09-07T00:00:00.002Z,0.0001
2020-09-07T08:00:00.004Z,0.0001
2020-09-07T16:00:00.001Z,0.0001
2020-09-08T00:00:00.007Z,0.0001
2020-09-08T08:00:00.006Z,0.0001
2020-09-08T16:00:00.014Z,0.0001
2020-09-09T00:00:00.000Z,0.0001
2020-09-09T08:00:00.000Z,0.0001
2020-09-09T16:00:00.000Z,0.0001
2020-09-10T00:00:00.000Z,0.0001
2020-09-10T08:00:00.005Z,0.0001
2020-09-10T16:00:00.000Z,0.0001
2020-09-11T00:00:00.000Z,0.0001
2020-09-11T08:00:00.008Z,0.0001
2020-09-11T16:00:00.000Z,0.0001
2020-09-12T00:00:00.008Z,0.0001
2020-09-12T08:00:00.000Z,0.0001
2020-09-12T16:00:00.008Z,0.0001
2020-09-13T00:00:00.000Z,0.0001
2020-09-13T08:00:00.000Z,0.0001
2020-09-13T16:00:00.004Z,0.0001
2020-09-14T00:00:00.003Z,0.0001
2020-09-14T08:00:00.008Z,0.0001
2020-09-14T16:00:00.000Z,0.00000868
2020-09-15T00:00:00.000Z,-0.0002227
2020-09-15T08:00:00.010Z,-0.00002796
2020-09-15T16:00:00.003Z,-0.00005156
2020-09-16T00:00:00.014Z,-0.00011181
2020-09-16T08:00:00.000Z,-0.00001488
2020-09-16T16:00:00.001Z,-0.00003198
2020-09-17T00:00:00.006Z,-0.00000563
2020-09-17T08:00:00.012Z,0.00002957
2020-09-17T16:00:00.000Z,9.8e-7
2020-09-18T00:00:00.001Z,0.00009425
2020-09-18T08:00:00.002Z,0.00005579
2020-09-18T16:00:00.002Z,0.00004967
2020-09-19T00:00:00.000Z,-0.0001155
2020-09-19T08:00:00.005Z,-0.0001098
2020-09-19T16:00:00.008Z,-0.00005749
2020-09-20T00:00:00.002Z,-0.00006476
2020-09-20T08:00:00.005Z,-0.00011198
2020-09-20T16:00:00.005Z,-0.00006625
2020-09-21T00:00:00.000Z,-0.00007506
2020-09-21T08:00:00.001Z,-0.00012071
2020-09-21T16:00:00.000Z,0.0001
2020-09-22T00:00:00.001Z,0.0001
2020-09-22T08:00:00.000Z,0.0001
2020-09-22T16:00:00.004Z,0.0001
2020-09-23T00:00:00.007Z,0.00004321
2020-09-23T08:00:00.001Z,-0.00002604
2020-09-23T16:00:00.001Z,-0.00005506
2020-09-24T00:00:00.000Z,0.00003817
2020-09-24T08:00:00.000Z,0.00006991
2020-09-24T16:00:00.000Z,0.00001182
2020-09-25T00:00:00.009Z,-0.00023219
2020-09-25T08:00:00.045Z,0.00002542
2020-09-25T16:00:00.000Z,0.0001
2020-09-26T00:00:00.000Z,0.0001
2020-09-26T08:00:00.000Z,0.0001
2020-09-26T16:00:00.005Z,0.0001
2020-09-27T00:00:00.000Z,0.0001
2020-09-27T08:00:00.000Z,0.0001
2020-09-27T16:00:00.019Z,0.0001
2020-09-28T00:00:00.001Z,0.0001
2020-09-28T08:00:00.000Z,0.0001
2020-09-28T16:00:00.002Z,0.0001
2020-09-29T00:00:00.000Z,0.0001
2020-09-29T08:00:00.000Z,0.0001
2020-09-29T16:00:00.000Z,0.0001
2020-09-30T00:00:00.005Z,0.0001
2020-09-30T08:00:00.000Z,0.0001
2020-09-30T16:00:00.000Z,0.0001
2020-10-01T00:00:00.000Z,0.00007412
2020-10-01T08:00:00.000Z,0.0001
2020-10-01T16:00:00.000Z,0.0001
2020-10-02T00:00:00.011Z,-0.00000263
2020-10-02T08:00:00.000Z,-0.00001652
2020-10-02T16:00:00.005Z,0.0001
2020-10-03T00:00:00.000Z,0.0001
2020-10-03T08:00:00.001Z,0.0001
2020-10-03T16:00:00.000Z,0.00009749
2020-10-04T00:00:00.000Z,-0.00002144
2020-10-04T08:00:00.003Z,0.00005039
2020-10-04T16:00:00.001Z,-0.00000756
2020-10-05T00:00:00.000Z,-0.00003381
2020-10-05T08:00:00.000Z,-0.00009143
2020-10-05T16:00:00.012Z,-0.00006912
2020-10-06T00:00:00.000Z,-0.00000126
2020-10-06T08:00:00.005Z,-0.00008313
2020-10-06T16:00:00.000Z,0.00006937
2020-10-07T00:00:00.000Z,0.00000511
2020-10-07T08:00:00.000Z,-0.00000858
2020-10-07T16:00:00.000Z,0.00001553
2020-10-08T00:00:00.000Z,0.00002693
2020-10-08T08:00:00.009Z,0.00003248
2020-10-08T16:00:00.003Z,0.00008856
2020-10-09T00:00:00.001Z,0.00006128
2020-10-09T08:00:00.000Z,0.0001
2020-10-09T16:00:00.004Z,0.0001
2020-10-10T00:00:00.005Z,0.0001
2020-10-10T08:00:00.000Z,0.0001
2020-10-10T16:00:00.011Z,0.0001
2020-10-11T00:00:00.002Z,0.0001
2020-10-11T08:00:00.003Z,0.0001
2020-10-11T16:00:00.004Z,0.0001
2020-10-12T00:00:00.001Z,0.0001
2020-10-12T08:00:00.000Z,0.0001
2020-10-12T16:00:00.011Z,0.0001
2020-10-13T00:00:00.003Z,0.0001
2020-10-13T08:00:00.000Z,0.0001
2020-10-13T16:00:00.001Z,0.0001
2020-10-14T00:00:00.001Z,0.0001
2020-10-14T08:00:00.000Z,0.0001
2020-10-14T16:00:00.001Z,0.0001
2020-10-15T00:00:00.000Z,0.0001
2020-10-15T08:00:00.000Z,0.0001
2020-10-15T16:00:00.000Z,0.0001
2020-10-16T00:00:00.002Z,0.0001
2020-10-16T08:00:00.003Z,0.0001
2020-10-16T16:00:00.000Z,0.0001
2020-10-17T00:00:00.006Z,0.0001
2020-10-17T08:00:00.007Z,0.0001
2020-10-17T16:00:00.009Z,0.0001
2020-10-18T00:00:00.006Z,0.0001
2020-10-18T08:00:00.000Z,0.0001
2020-10-18T16:00:00.000Z,0.0001
2020-10-19T00:00:00.000Z,0.0001
2020-10-19T08:00:00.000Z,0.0001
2020-10-19T16:00:00.000Z,0.0001
2020-10-20T00:00:00.015Z,0.0001
2020-10-20T08:00:00.000Z,0.0001
2020-10-20T16:00:00.008Z,0.00003742
2020-10-21T00:00:00.009Z,0.00002291
2020-10-21T08:00:00.004Z,0.00007487
2020-10-21T16:00:00.000Z,0.0001
2020-10-22T00:00:00.000Z,0.0001
2020-10-22T08:00:00.000Z,0.0001
2020-10-22T16:00:00.004Z,0.0001
2020-10-23T00:00:00.007Z,0.0001
2020-10-23T08:00:00.000Z,0.0001
2020-10-23T16:00:00.000Z,0.0001
2020-10-24T00:00:00.000Z,0.0001
2020-10-24T08:00:00.000Z,0.0001
2020-10-24T16:00:00.008Z,0.0001
2020-10-25T00:00:00.005Z,0.0001
2020-10-25T08:00:00.014Z,0.0001
2020-10-25T16:00:00.000Z,0.0001
2020-10-26T00:00:00.004Z,0.0001
2020-10-26T08:00:00.000Z,0.0001
2020-10-26T16:00:00.000Z,0.0001
2020-10-27T00:00:00.000Z,0.00009274
2020-10-27T08:00:00.000Z,0.00006127
2020-10-27T16:00:00.000Z,0.0001
2020-10-28T00:00:00.000Z,0.00003725
2020-10-28T08:00:00.006Z,0.0001
2020-10-28T16:00:00.001Z,0.0001
2020-10-29T00:00:00.000Z,-0.00026006
2020-10-29T08:00:00.000Z,-0.00008052
2020-10-29T16:00:00.000Z,-0.00003189
2020-10-30T00:00:00.000Z,-0.00015268
2020-10-30T08:00:00.002Z,-0.00000968
2020-10-30T16:00:00.002Z,-0.00013414
2020-10-31T00:00:00.003Z,-0.00024694
2020-10-31T08:00:00.000Z,-0.00016865
2020-10-31T16:00:00.000Z,0.00009204
2020-11-01T00:00:00.000Z,-0.00006386
2020-11-01T08:00:00.000Z,-0.00004096
2020-11-01T16:00:00.000Z,-0.00005043
2020-11-02T00:00:00.000Z,0.00007881
2020-11-02T08:00:00.010Z,-0.00003275
2020-11-02T16:00:00.000Z,0.00008717
2020-11-03T00:00:00.000Z,-0.00017064
2020-11-03T08:00:00.004Z,-0.00000467
2020-11-03T16:00:00.009Z,-0.00008581
2020-11-04T00:00:00.000Z,-0.00007816
2020-11-04T08:00:00.000Z,-0.00002648
2020-11-04T16:00:00.005Z,-0.00023791
2020-11-05T00:00:00.017Z,0.0001
2020-11-05T08:00:00.001Z,0.0001
2020-11-05T16:00:00.000Z,0.0001
2020-11-06T00:00:00.000Z,0.0001
2020-11-06T08:00:00.001Z,0.00023315
2020-11-06T16:00:00.001Z,0.0003429
2020-11-07T00:00:00.001Z,0.00024948
2020-11-07T08:00:00.000Z,0.00037914
2020-11-07T16:00:00.006Z,0.0003589
2020-11-08T00:00:00.000Z,0.0001
2020-11-08T08:00:00.000Z,0.0001
2020-11-08T16:00:00.000Z,0.0001
2020-11-09T00:00:00.007Z,0.0001
2020-11-09T08:00:00.001Z,0.0001
2020-11-09T16:00:00.002Z,0.0001
2020-11-10T00:00:00.003Z,0.0001
2020-11-10T08:00:00.011Z,0.0001
2020-11-10T16:00:00.000Z,0.0001
2020-11-11T00:00:00.000Z,0.0001
2020-11-11T08:00:00.009Z,0.0001
2020-11-11T16:00:00.003Z,0.0001
2020-11-12T00:00:00.001Z,0.0001
2020-11-12T08:00:00.001Z,0.0001
2020-11-12T16:00:00.000Z,0.0001
2020-11-13T00:00:00.000Z,0.0001
2020-11-13T08:00:00.000Z,0.0001
2020-11-13T16:00:00.000Z,0.0001
2020-11-14T00:00:00.005Z,0.0001
2020-11-14T08:00:00.004Z,0.0001
2020-11-14T16:00:00.001Z,0.00004277
2020-11-15T00:00:00.001Z,0.0001
2020-11-15T08:00:00.000Z,0.0001
2020-11-15T16:00:00.003Z,0.0001
2020-11-16T00:00:00.000Z,0.0001
2020-11-16T08:00:00.010Z,0.0001
2020-11-16T16:00:00.001Z,0.0001
2020-11-17T00:00:00.002Z,0.0001
2020-11-17T08:00:00.003Z,0.0001
2020-11-17T16:00:00.003Z,0.0001
2020-11-18T00:00:00.005Z,0.00021138
2020-11-18T08:00:00.006Z,0.00057572
2020-11-18T16:00:00.000Z,0.00021486
2020-11-19T00:00:00.008Z,0.0001
2020-11-19T08:00:00.000Z,0.00025015
2020-11-19T16:00:00.001Z,0.00052207
2020-11-20T00:00:00.003Z,0.0003665
2020-11-20T08:00:00.005Z,0.00039647
2020-11-20T16:00:00.000Z,0.00038617
2020-11-21T00:00:00.000Z,0.0001
2020-11-21T08:00:00.000Z,0.0001
2020-11-21T16:00:00.001Z,0.00059438
2020-11-22T00:00:00.005Z,0.00080363
2020-11-22T08:00:00.000Z,0.00086985
2020-11-22T16:00:00.000Z,0.00066537
2020-11-23T00:00:00.005Z,0.00101151
2020-11-23T08:00:00.000Z,0.00076207
2020-11-23T16:00:00.003Z,0.00108391
2020-11-24T00:00:00.000Z,0.00050801
2020-11-24T08:00:00.000Z,0.00060366
2020-11-24T16:00:00.005Z,0.00081176
2020-11-25T00:00:00.005Z,0.00084235
2020-11-25T08:00:00.005Z,0.00038079
2020-11-25T16:00:00.015Z,0.00075292
2020-11-26T00:00:00.012Z,0.00035414
2020-11-26T08:00:00.002Z,0.0001313
2020-11-26T16:00:00.001Z,0.00028796
2020-11-27T00:00:00.001Z,0.00010773
2020-11-27T08:00:00.000Z,0.0001
2020-11-27T16:00:00.007Z,0.0001
2020-11-28T00:00:00.007Z,0.0001
2020-11-28T08:00:00.012Z,0.0001
2020-11-28T16:00:00.000Z,0.0001
2020-11-29T00:00:00.007Z,0.0001
2020-11-29T08:00:00.000Z,0.0001
2020-11-29T16:00:00.000Z,0.0001
2020-11-30T00:00:00.004Z,0.0001
2020-11-30T08:00:00.007Z,0.0001
2020-11-30T16:00:00.000Z,0.00029481
2020-12-01T00:00:00.000Z,0.00045929
2020-12-01T08:00:00.003Z,0.00043287
2020-12-01T16:00:00.000Z,0.00011546
2020-12-02T00:00:00.001Z,0.0001
2020-12-02T08:00:00.011Z,0.0001
2020-12-02T16:00:00.005Z,0.0001
2020-12-03T00:00:00.001Z,0.0001
2020-12-03T08:00:00.031Z,0.0001
2020-12-03T16:00:00.000Z,0.00025455
2020-12-04T00:00:00.006Z,0.00012703
2020-12-04T08:00:00.009Z,0.0001
2020-12-04T16:00:00.000Z,0.0001
2020-12-05T00:00:00.000Z,0.0001
2020-12-05T08:00:00.000Z,0.0001
2020-12-05T16:00:00.000Z,0.0001
2020-12-06T00:00:00.004Z,0.0001
2020-12-06T08:00:00.000Z,0.0001
2020-12-06T16:00:00.001Z,0.0001
2020-12-07T00:00:00.000Z,0.0001
2020-12-07T08:00:00.008Z,0.0001
2020-12-07T16:00:00.000Z,0.0001
2020-12-08T00:00:00.003Z,0.0001
2020-12-08T08:00:00.003Z,0.0001
2020-12-08T16:00:00.033Z,0.0001
2020-12-09T00:00:00.000Z,0.0001
2020-12-09T08:00:00.010Z,0.0001
2020-12-09T16:00:00.000Z,0.0001
2020-12-10T00:00:00.000Z,0.0001
2020-12-10T08:00:00.000Z,0.0001
2020-12-10T16:00:00.007Z,0.0001
2020-12-11T00:00:00.000Z,0.0001
2020-12-11T08:00:00.016Z,0.0001
2020-12-11T16:00:00.010Z,0.0001
2020-12-12T00:00:00.009Z,0.0001
2020-12-12T08:00:00.002Z,-0.00002135
2020-12-12T16:00:00.000Z,0.00004314
2020-12-13T00:00:00.007Z,0.0001
2020-12-13T08:00:00.000Z,0.0001
2020-12-13T16:00:00.000Z,0.0001
2020-12-14T00:00:00.000Z,0.0001
2020-12-14T08:00:00.000Z,0.0001
2020-12-14T16:00:00.000Z,0.0001
2020-12-15T00:00:00.006Z,0.0001
2020-12-15T08:00:00.001Z,0.0001
2020-12-15T16:00:00.000Z,0.0001
2020-12-16T00:00:00.001Z,0.0001
2020-12-16T08:00:00.000Z,0.0001
2020-12-16T16:00:00.000Z,0.00046054
2020-12-17T00:00:00.000Z,0.0001
2020-12-17T08:00:00.000Z,0.00021355
2020-12-17T16:00:00.011Z,0.00054618
2020-12-18T00:00:00.000Z,0.00028532
2020-12-18T08:00:00.000Z,0.00053548
2020-12-18T16:00:00.000Z,0.00045032
2020-12-19T00:00:00.000Z,0.0001
2020-12-19T08:00:00.018Z,0.00038032
2020-12-19T16:00:00.000Z,0.00070544
2020-12-20T00:00:00.001Z,0.00078228
2020-12-20T08:00:00.011Z,0.00037486
2020-12-20T16:00:00.023Z,0.00038896
2020-12-21T00:00:00.011Z,0.00041795
2020-12-21T08:00:00.000Z,0.00030249
2020-12-21T16:00:00.000Z,0.00023741
2020-12-22T00:00:00.001Z,0.0001
2020-12-22T08:00:00.006Z,0.0001
2020-12-22T16:00:00.000Z,0.00019956
2020-12-23T00:00:00.000Z,0.0001131
2020-12-23T08:00:00.000Z,0.0001
2020-12-23T16:00:00.000Z,0.00010214
2020-12-24T00:00:00.012Z,0.0001
2020-12-24T08:00:00.009Z,0.0001
2020-12-24T16:00:00.001Z,0.00027216
2020-12-25T00:00:00.000Z,0.00018528
2020-12-25T08:00:00.000Z,0.0001
2020-12-25T16:00:00.000Z,0.00034905
2020-12-26T00:00:00.009Z,0.0001
2020-12-26T08:00:00.001Z,0.00016965
2020-12-26T16:00:00.006Z,0.0001
2020-12-27T00:00:00.000Z,0.0001994
2020-12-27T08:00:00.000Z,0.00025468
2020-12-27T16:00:00.001Z,0.00071164
2020-12-28T00:00:00.015Z,0.00043463
2020-12-28T08:00:00.019Z,0.00036133
2020-12-28T16:00:00.000Z,0.00071278
2020-12-29T00:00:00.004Z,0.00037693
2020-12-29T08:00:00.003Z,0.0004893
2020-12-29T16:00:00.000Z,0.00039914
2020-12-30T00:00:00.001Z,0.00048979
2020-12-30T08:00:00.001Z,0.00076836
2020-12-30T16:00:00.012Z,0.0006288
2020-12-31T00:00:00.009Z,0.00053292
2020-12-31T08:00:00.000Z,0.00060345
2020-12-31T16:00:00.010Z,0.00036744
2021-01-01T00:00:00.002Z,0.00022753
2021-01-01T08:00:00.006Z,0.00026336
2021-01-01T16:00:00.003Z,0.00034457
2021-01-02T00:00:00.000Z,0.0001
2021-01-02T08:00:00.000Z,0.00020151
2021-01-02T16:00:00.006Z,0.00115471
2021-01-03T00:00:00.018Z,0.00124058
2021-01-03T08:00:00.000Z,0.00114744
2021-01-03T16:00:00.002Z,0.00155006
2021-01-04T00:00:00.000Z,0.00164126
2021-01-04T08:00:00.000Z,0.00236482
2021-01-04T16:00:00.000Z,0.00056137
2021-01-05T00:00:00.020Z,0.00088338
2021-01-05T08:00:00.003Z,0.00047166
2021-01-05T16:00:00.003Z,0.00062904
2021-01-06T00:00:00.010Z,0.00127193
2021-01-06T08:00:00.003Z,0.00210008
2021-01-06T16:00:00.000Z,0.00149253
2021-01-07T00:00:00.007Z,0.00100316
2021-01-07T08:00:00.000Z,0.00142744
2021-01-07T16:00:00.004Z,0.00099841
2021-01-08T00:00:00.000Z,0.00213517
2021-01-08T08:00:00.000Z,0.00092044
2021-01-08T16:00:00.000Z,0.00131892
2021-01-09T00:00:00.009Z,0.00062954
2021-01-09T08:00:00.004Z,0.00066918
2021-01-09T16:00:00.000Z,0.00146942
2021-01-10T00:00:00.000Z,0.00145604
2021-01-10T08:00:00.005Z,0.00120632
2021-01-10T16:00:00.000Z,0.00052988
2021-01-11T00:00:00.000Z,0.00086486
2021-01-11T08:00:00.012Z,0.00081553
2021-01-11T16:00:00.000Z,0.00053444
2021-01-12T00:00:00.000Z,0.00033526
2021-01-12T08:00:00.000Z,0.00050855
2021-01-12T16:00:00.008Z,0.00054945
2021-01-13T00:00:00.001Z,0.00014768
2021-01-13T08:00:00.000Z,0.0002259
2021-01-13T16:00:00.003Z,0.0007053
2021-01-14T00:00:00.000Z,0.00078331
2021-01-14T08:00:00.012Z,0.00072627
2021-01-14T16:00:00.000Z,0.00068503
2021-01-15T00:00:00.002Z,0.00055628
2021-01-15T08:00:00.000Z,0.00064483
2021-01-15T16:00:00.004Z,0.00118185
2021-01-16T00:00:00.000Z,0.0001
2021-01-16T08:00:00.008Z,0.00032573
2021-01-16T16:00:00.000Z,0.00068496
2021-01-17T00:00:00.009Z,0.00033109
2021-01-17T08:00:00.000Z,0.00030276
2021-01-17T16:00:00.001Z,0.0001
2021-01-18T00:00:00.000Z,0.00055375
2021-01-18T08:00:00.004Z,0.00049321
2021-01-18T16:00:00.000Z,0.0010355
2021-01-19T00:00:00.000Z,0.0006167
2021-01-19T08:00:00.005Z,0.0014009
2021-01-19T16:00:00.012Z,0.00158467
2021-01-20T00:00:00.012Z,0.00088178
2021-01-20T08:00:00.001Z,0.00017967
2021-01-20T16:00:00.001Z,0.00016482
2021-01-21T00:00:00.000Z,0.00042078
2021-01-21T08:00:00.000Z,0.00048357
2021-01-21T16:00:00.004Z,0.00026589
2021-01-22T00:00:00.012Z,0.0001
2021-01-22T08:00:00.003Z,0.0001
2021-01-22T16:00:00.001Z,0.0001
2021-01-23T00:00:00.000Z,0.0001
2021-01-23T08:00:00.002Z,0.00012182
2021-01-23T16:00:00.000Z,0.0001
2021-01-24T00:00:00.001Z,0.0001
2021-01-24T08:00:00.011Z,0.00014368
2021-01-24T16:00:00.005Z,0.00041388
2021-01-25T00:00:00.007Z,0.0001
2021-01-25T08:00:00.012Z,0.00052253
2021-01-25T16:00:00.000Z,0.00042414
2021-01-26T00:00:00.007Z,0.00013506
2021-01-26T08:00:00.000Z,0.0001
2021-01-26T16:00:00.000Z,0.0001
2021-01-27T00:00:00.000Z,0.0001
2021-01-27T08:00:00.011Z,0.0001
2021-01-27T16:00:00.003Z,0.0001
2021-01-28T00:00:00.000Z,0.0001
2021-01-28T08:00:00.000Z,0.0001
2021-01-28T16:00:00.000Z,0.00022262
2021-01-29T00:00:00.009Z,0.0001
2021-01-29T08:00:00.000Z,0.00064803
2021-01-29T16:00:00.000Z,0.00166789
2021-01-30T00:00:00.000Z,0.00039208
2021-01-30T08:00:00.000Z,0.000332
2021-01-30T16:00:00.000Z,0.00052428
2021-01-31T00:00:00.009Z,0.00054944
2021-01-31T08:00:00.000Z,0.00046117
2021-01-31T16:00:00.000Z,0.00044234
2021-02-01T00:00:00.001Z,0.00013932
2021-02-01T08:00:00.014Z,0.00037561
2021-02-01T16:00:00.000Z,0.00066848
2021-02-02T00:00:00.000Z,0.00036787
2021-02-02T08:00:00.006Z,0.00044278
2021-02-02T16:00:00.000Z,0.00122181
2021-02-03T00:00:00.009Z,0.00077297
2021-02-03T08:00:00.006Z,0.00080805
2021-02-03T16:00:00.006Z,0.00075287
2021-02-04T00:00:00.005Z,0.00029063
2021-02-04T08:00:00.000Z,0.00074286
2021-02-04T16:00:00.011Z,0.00061936
2021-02-05T00:00:00.009Z,0.00056635
2021-02-05T08:00:00.004Z,0.00074838
2021-02-05T16:00:00.000Z,0.00099154
2021-02-06T00:00:00.008Z,0.00034782
2021-02-06T08:00:00.009Z,0.00069827
2021-02-06T16:00:00.000Z,0.00102371
2021-02-07T00:00:00.000Z,0.00155546
2021-02-07T08:00:00.005Z,0.00065121
2021-02-07T16:00:00.001Z,0.00106206
2021-02-08T00:00:00.000Z,0.00059267
2021-02-08T08:00:00.001Z,0.00057887
2021-02-08T16:00:00.000Z,0.00248993
2021-02-09T00:00:00.010Z,0.00131125
2021-02-09T08:00:00.006Z,0.00186573
2021-02-09T16:00:00.007Z,0.00161159
2021-02-10T00:00:00.009Z,0.00124313
2021-02-10T08:00:00.014Z,0.0017535
2021-02-10T16:00:00.005Z,0.00112397
2021-02-11T00:00:00.000Z,0.00076742
2021-02-11T08:00:00.000Z,0.0008307
2021-02-11T16:00:00.000Z,0.0017411
2021-02-12T00:00:00.000Z,0.00128772
2021-02-12T08:00:00.000Z,0.0012563
2021-02-12T16:00:00.000Z,0.00105533
2021-02-13T00:00:00.001Z,0.00139999
2021-02-13T08:00:00.003Z,0.00141609
2021-02-13T16:00:00.000Z,0.00075946
2021-02-14T00:00:00.013Z,0.00085048
2021-02-14T08:00:00.000Z,0.00146185
2021-02-14T16:00:00.008Z,0.00149489
2021-02-15T00:00:00.000Z,0.0011786
2021-02-15T08:00:00.006Z,0.00040617
2021-02-15T16:00:00.000Z,0.00068133
2021-02-16T00:00:00.001Z,0.000996
2021-02-16T08:00:00.000Z,0.00123546
2021-02-16T16:00:00.010Z,0.00141818
2021-02-17T00:00:00.005Z,0.00104066
2021-02-17T08:00:00.010Z,0.00093436
2021-02-17T16:00:00.008Z,0.00147112
2021-02-18T00:00:00.012Z,0.00132249
2021-02-18T08:00:00.000Z,0.00154303
2021-02-18T16:00:00.009Z,0.00125842
2021-02-19T00:00:00.010Z,0.00091255
2021-02-19T08:00:00.002Z,0.00084526
2021-02-19T16:00:00.008Z,0.00128791
2021-02-20T00:00:00.000Z,0.00156318
2021-02-20T08:00:00.009Z,0.00116465
2021-02-20T16:00:00.000Z,0.00122535
2021-02-21T00:00:00.007Z,0.00100357
2021-02-21T08:00:00.012Z,0.00099022
2021-02-21T16:00:00.001Z,0.0012582
2021-02-22T00:00:00.006Z,0.00117049
2021-02-22T08:00:00.002Z,0.00091782
2021-02-22T16:00:00.000Z,0.00077864
2021-02-23T00:00:00.000Z,0.00024947
2021-02-23T08:00:00.006Z,0.0002962
2021-02-23T16:00:00.000Z,0.00013281
2021-02-24T00:00:00.012Z,0.0001
2021-02-24T08:00:00.016Z,0.00051791
2021-02-24T16:00:00.011Z,0.00037289
2021-02-25T00:00:00.007Z,0.00017706
2021-02-25T08:00:00.000Z,0.00018247
2021-02-25T16:00:00.010Z,0.00034053
2021-02-26T00:00:00.000Z,0.0001
2021-02-26T08:00:00.025Z,0.0001
2021-02-26T16:00:00.010Z,0.0001
2021-02-27T00:00:00.001Z,0.00030164
2021-02-27T08:00:00.000Z,0.0004457
2021-02-27T16:00:00.000Z,0.00010038
2021-02-28T00:00:00.021Z,0.0001
2021-02-28T08:00:00.009Z,0.0001
2021-02-28T16:00:00.000Z,0.00037706
2021-03-01T00:00:00.000Z,0.00016921
2021-03-01T08:00:00.003Z,0.0001
2021-03-01T16:00:00.001Z,0.0001
2021-03-02T00:00:00.000Z,0.0001
2021-03-02T08:00:00.000Z,0.0001
2021-03-02T16:00:00.004Z,0.0001
2021-03-03T00:00:00.000Z,0.0001
2021-03-03T08:00:00.016Z,0.0001
2021-03-03T16:00:00.000Z,0.00045078
2021-03-04T00:00:00.000Z,0.0001
2021-03-04T08:00:00.015Z,0.0001
2021-03-04T16:00:00.001Z,0.0001
2021-03-05T00:00:00.000Z,0.0001
2021-03-05T08:00:00.002Z,0.0001
2021-03-05T16:00:00.008Z,0.0001
2021-03-06T00:00:00.000Z,0.0001
2021-03-06T08:00:00.000Z,0.0001
2021-03-06T16:00:00.000Z,0.0001
2021-03-07T00:00:00.006Z,0.0001
2021-03-07T08:00:00.005Z,0.0001
2021-03-07T16:00:00.008Z,0.00017606
2021-03-08T00:00:00.000Z,0.0001
2021-03-08T08:00:00.000Z,0.0001
2021-03-08T16:00:00.006Z,0.00024757
2021-03-09T00:00:00.000Z,0.00072419
2021-03-09T08:00:00.000Z,0.00041976
2021-03-09T16:00:00.000Z,0.00057038
2021-03-10T00:00:00.009Z,0.00024344
2021-03-10T08:00:00.006Z,0.00048586
2021-03-10T16:00:00.008Z,0.00056915
2021-03-11T00:00:00.000Z,0.00095931
2021-03-11T08:00:00.000Z,0.00099305
2021-03-11T16:00:00.014Z,0.00085439
2021-03-12T00:00:00.002Z,0.00102002
2021-03-12T08:00:00.005Z,0.00067147
2021-03-12T16:00:00.011Z,0.00051199
2021-03-13T00:00:00.000Z,0.00047834
2021-03-13T08:00:00.002Z,0.00060567
2021-03-13T16:00:00.000Z,0.00057114
2021-03-14T00:00:00.011Z,0.00081828
2021-03-14T08:00:00.000Z,0.00084593
2021-03-14T16:00:00.000Z,0.00115069
2021-03-15T00:00:00.012Z,0.0008201
2021-03-15T08:00:00.016Z,0.0010521
2021-03-15T16:00:00.030Z,0.00015776
2021-03-16T00:00:00.005Z,0.00022573
2021-03-16T08:00:00.008Z,0.00035862
2021-03-16T16:00:00.012Z,0.00040673
2021-03-17T00:00:00.010Z,0.00035367
2021-03-17T08:00:00.000Z,0.00019234
2021-03-17T16:00:00.009Z,0.00024575
2021-03-18T00:00:00.001Z,0.00030265
2021-03-18T08:00:00.000Z,0.00029259
2021-03-18T16:00:00.000Z,0.00032547
2021-03-19T00:00:00.011Z,0.00032006
2021-03-19T08:00:00.001Z,0.00012887
2021-03-19T16:00:00.000Z,0.0003326
2021-03-20T00:00:00.000Z,0.0004928
2021-03-20T08:00:00.000Z,0.00044452
2021-03-20T16:00:00.007Z,0.00048936
2021-03-21T00:00:00.000Z,0.00031366
2021-03-21T08:00:00.000Z,0.00042375
2021-03-21T16:00:00.000Z,0.0001
2021-03-22T00:00:00.007Z,0.00051919
2021-03-22T08:00:00.001Z,0.00045562
2021-03-22T16:00:00.000Z,0.00048977
2021-03-23T00:00:00.000Z,0.0002421
2021-03-23T08:00:00.010Z,0.00026619
2021-03-23T16:00:00.023Z,0.00042245
2021-03-24T00:00:00.002Z,0.00053454
2021-03-24T08:00:00.000Z,0.00016567
2021-03-24T16:00:00.000Z,0.00026422
2021-03-25T00:00:00.000Z,0.00011828
2021-03-25T08:00:00.000Z,0.0001
2021-03-25T16:00:00.000Z,0.0001
2021-03-26T00:00:00.008Z,0.00016
2021-03-26T08:00:00.000Z,0.0001
2021-03-26T16:00:00.012Z,0.0001
2021-03-27T00:00:00.018Z,0.0001
2021-03-27T08:00:00.000Z,0.0001
2021-03-27T16:00:00.001Z,0.0001
2021-03-28T00:00:00.000Z,0.0001
2021-03-28T08:00:00.000Z,0.0001
2021-03-28T16:00:00.005Z,0.0001
2021-03-29T00:00:00.003Z,0.0001
2021-03-29T08:00:00.000Z,0.0001
2021-03-29T16:00:00.000Z,0.00018171
2021-03-30T00:00:00.018Z,0.00032026
2021-03-30T08:00:00.012Z,0.00027258
2021-03-30T16:00:00.001Z,0.00083501
2021-03-31T00:00:00.000Z,0.00080754
2021-03-31T08:00:00.000Z,0.00070889
2021-03-31T16:00:00.000Z,0.00058414
2021-04-01T00:00:00.025Z,0.00109277
2021-04-01T08:00:00.011Z,0.00095247
2021-04-01T16:00:00.004Z,0.00051932
2021-04-02T00:00:00.000Z,0.00071058
2021-04-02T08:00:00.000Z,0.00106221
2021-04-02T16:00:00.000Z,0.0010197
2021-04-03T00:00:00.003Z,0.00063267
2021-04-03T08:00:00.000Z,0.00107843
2021-04-03T16:00:00.000Z,0.00101313
2021-04-04T00:00:00.000Z,0.0005209
2021-04-04T08:00:00.000Z,0.00048495
2021-04-04T16:00:00.016Z,0.00026521
2021-04-05T00:00:00.000Z,0.00039464
2021-04-05T08:00:00.001Z,0.00043217
2021-04-05T16:00:00.001Z,0.00037409
2021-04-06T00:00:00.010Z,0.00097189
2021-04-06T08:00:00.000Z,0.00057776
2021-04-06T16:00:00.003Z,0.00083736
2021-04-07T00:00:00.000Z,0.00057609
2021-04-07T08:00:00.006Z,0.00053749
2021-04-07T16:00:00.004Z,0.0005366
2021-04-08T00:00:00.013Z,0.00040784
2021-04-08T08:00:00.003Z,0.00024943
2021-04-08T16:00:00.005Z,0.00026225
2021-04-09T00:00:00.000Z,0.00019611
2021-04-09T08:00:00.004Z,0.00026301
2021-04-09T16:00:00.004Z,0.00021785
2021-04-10T00:00:00.011Z,0.00012959
2021-04-10T08:00:00.005Z,0.00148624
2021-04-10T16:00:00.000Z,0.00119652
2021-04-11T00:00:00.004Z,0.00086735
2021-04-11T08:00:00.000Z,0.00099427
2021-04-11T16:00:00.000Z,0.00105998
2021-04-12T00:00:00.001Z,0.00093793
2021-04-12T08:00:00.001Z,0.00106358
2021-04-12T16:00:00.008Z,0.00094343
2021-04-13T00:00:00.003Z,0.00084072
2021-04-13T08:00:00.008Z,0.00089928
2021-04-13T16:00:00.008Z,0.0012267
2021-04-14T00:00:00.008Z,0.00090508
2021-04-14T08:00:00.000Z,0.00108567
2021-04-14T16:00:00.012Z,0.00104786
2021-04-15T00:00:00.006Z,0.00076335
2021-04-15T08:00:00.000Z,0.00082082
2021-04-15T16:00:00.008Z,0.00110324
2021-04-16T00:00:00.008Z,0.00109647
2021-04-16T08:00:00.000Z,0.00120022
2021-04-16T16:00:00.002Z,0.00115519
2021-04-17T00:00:00.008Z,0.00054906
2021-04-17T08:00:00.000Z,0.00054007
2021-04-17T16:00:00.001Z,0.00087572
2021-04-18T00:00:00.006Z,0.00081624
2021-04-18T08:00:00.004Z,0.00058448
2021-04-18T16:00:00.000Z,0.0001
2021-04-19T00:00:00.000Z,0.0001
2021-04-19T08:00:00.000Z,0.0001
2021-04-19T16:00:00.009Z,0.0001
2021-04-20T00:00:00.004Z,0.0001
2021-04-20T08:00:00.000Z,0.0001
2021-04-20T16:00:00.001Z,0.0001
2021-04-21T00:00:00.013Z,0.0001
2021-04-21T08:00:00.001Z,0.0001
2021-04-21T16:00:00.002Z,0.0001
2021-04-22T00:00:00.000Z,0.0001
2021-04-22T08:00:00.000Z,0.0001
2021-04-22T16:00:00.001Z,0.0001
2021-04-23T00:00:00.002Z,0.0001
2021-04-23T08:00:00.009Z,0.00047618
2021-04-23T16:00:00.001Z,0.0001
2021-04-24T00:00:00.019Z,0.0001
2021-04-24T08:00:00.001Z,0.00027672
2021-04-24T16:00:00.011Z,0.0001676
2021-04-25T00:00:00.000Z,0.000217
2021-04-25T08:00:00.010Z,0.00038558
2021-04-25T16:00:00.000Z,0.0001
2021-04-26T00:00:00.003Z,0.0001
2021-04-26T08:00:00.002Z,0.0001
2021-04-26T16:00:00.004Z,0.0001
2021-04-27T00:00:00.000Z,0.0001
2021-04-27T08:00:00.000Z,0.0001
2021-04-27T16:00:00.009Z,0.0001
2021-04-28T00:00:00.000Z,0.0001
2021-04-28T08:00:00.000Z,0.0001
2021-04-28T16:00:00.001Z,0.0001
2021-04-29T00:00:00.004Z,0.0001
2021-04-29T08:00:00.013Z,0.0001
2021-04-29T16:00:00.003Z,0.0001
2021-04-30T00:00:00.004Z,0.0001
2021-04-30T08:00:00.019Z,0.0001
2021-04-30T16:00:00.003Z,0.0001
2021-05-01T00:00:00.002Z,0.00011209
2021-05-01T08:00:00.006Z,0.0001
2021-05-01T16:00:00.000Z,0.00032496
2021-05-02T00:00:00.010Z,0.00015819
2021-05-02T08:00:00.011Z,0.00045285
2021-05-02T16:00:00.007Z,0.00045283
2021-05-03T00:00:00.003Z,0.00040313
2021-05-03T08:00:00.000Z,0.00036188
2021-05-03T16:00:00.043Z,0.00067307
2021-05-04T00:00:00.004Z,0.00050959
2021-05-04T08:00:00.003Z,0.00012186
2021-05-04T16:00:00.011Z,0.00066426
2021-05-05T00:00:00.001Z,0.00044701
2021-05-05T08:00:00.007Z,0.00042458
2021-05-05T16:00:00.001Z,0.00011734
2021-05-06T00:00:00.003Z,0.00076121
2021-05-06T08:00:00.001Z,0.00059968
2021-05-06T16:00:00.000Z,0.0009352
2021-05-07T00:00:00.000Z,0.00044645
2021-05-07T08:00:00.000Z,0.00053313
2021-05-07T16:00:00.001Z,0.00017144
2021-05-08T00:00:00.006Z,0.0005937
2021-05-08T08:00:00.000Z,0.00046279
2021-05-08T16:00:00.000Z,0.00046426
2021-05-09T00:00:00.005Z,0.00048942
2021-05-09T08:00:00.016Z,0.00043845
2021-05-09T16:00:00.000Z,0.00063864
2021-05-10T00:00:00.004Z,0.00033531
2021-05-10T08:00:00.000Z,0.00090258
2021-05-10T16:00:00.013Z,0.00098653
2021-05-11T00:00:00.000Z,0.00039557
2021-05-11T08:00:00.000Z,0.00050874
2021-05-11T16:00:00.002Z,0.00025625
2021-05-12T00:00:00.004Z,0.00016659
2021-05-12T08:00:00.007Z,0.00033736
2021-05-12T16:00:00.012Z,0.00039761
2021-05-13T00:00:00.016Z,0.00011638
2021-05-13T08:00:00.000Z,0.0001
2021-05-13T16:00:00.008Z,0.00022863
2021-05-14T00:00:00.007Z,0.0004004
2021-05-14T08:00:00.001Z,0.00035219
2021-05-14T16:00:00.004Z,0.00015069
2021-05-15T00:00:00.022Z,0.0001
2021-05-15T08:00:00.014Z,0.00010123
2021-05-15T16:00:00.002Z,0.00020153
2021-05-16T00:00:00.000Z,0.00040248
2021-05-16T08:00:00.003Z,0.00016682
2021-05-16T16:00:00.002Z,0.00036196
2021-05-17T00:00:00.005Z,0.0001
2021-05-17T08:00:00.001Z,0.00063989
2021-05-17T16:00:00.000Z,0.00059294
2021-05-18T00:00:00.019Z,0.00054643
2021-05-18T08:00:00.001Z,0.00014723
2021-05-18T16:00:00.006Z,0.00021809
2021-05-19T00:00:00.000Z,0.0001
2021-05-19T08:00:00.003Z,0.00035813
2021-05-19T16:00:00.018Z,-0.00089697
2021-05-20T00:00:00.005Z,0.0001
2021-05-20T08:00:00.000Z,0.0001
2021-05-20T16:00:00.005Z,0.0001
2021-05-21T00:00:00.000Z,0.0001
2021-05-21T08:00:00.000Z,-0.00001001
2021-05-21T16:00:00.001Z,0.00007546
2021-05-22T00:00:00.001Z,-0.00024448
2021-05-22T08:00:00.002Z,0.0001
2021-05-22T16:00:00.005Z,0.0001
2021-05-23T00:00:00.006Z,-0.00005011
2021-05-23T08:00:00.004Z,-0.00001059
2021-05-23T16:00:00.002Z,0.00004696
2021-05-24T00:00:00.007Z,-0.00008534
2021-05-24T08:00:00.005Z,-0.00009905
2021-05-24T16:00:00.005Z,0.00002089
2021-05-25T00:00:00.000Z,0.0001
2021-05-25T08:00:00.014Z,0.0001
2021-05-25T16:00:00.000Z,0.0001
2021-05-26T00:00:00.022Z,0.0001
2021-05-26T08:00:00.018Z,0.0001
2021-05-26T16:00:00.004Z,0.0001
2021-05-27T00:00:00.000Z,0.0001
2021-05-27T08:00:00.017Z,0.0001
2021-05-27T16:00:00.000Z,0.0001
2021-05-28T00:00:00.005Z,0.0001
2021-05-28T08:00:00.009Z,0.0001
2021-05-28T16:00:00.000Z,0.0001
2021-05-29T00:00:00.006Z,0.0001
2021-05-29T08:00:00.000Z,0.0001
2021-05-29T16:00:00.000Z,0.00010375
2021-05-30T00:00:00.003Z,0.0001
2021-05-30T08:00:00.004Z,0.0001
2021-05-30T16:00:00.018Z,0.0001
2021-05-31T00:00:00.002Z,0.0001
2021-05-31T08:00:00.000Z,0.0001
2021-05-31T16:00:00.000Z,0.0001
2021-06-01T00:00:00.001Z,0.0001
2021-06-01T08:00:00.010Z,0.0001
2021-06-01T16:00:00.010Z,0.0001
2021-06-02T00:00:00.008Z,0.0001
2021-06-02T08:00:00.000Z,0.0001
2021-06-02T16:00:00.007Z,0.0001
2021-06-03T00:00:00.019Z,0.0001
2021-06-03T08:00:00.002Z,0.0001
2021-06-03T16:00:00.003Z,0.0001
2021-06-04T00:00:00.003Z,0.0001
2021-06-04T08:00:00.006Z,0.00020566
2021-06-04T16:00:00.002Z,0.0001
2021-06-05T00:00:00.000Z,0.0001
2021-06-05T08:00:00.004Z,0.0001
2021-06-05T16:00:00.020Z,0.0001
2021-06-06T00:00:00.000Z,0.0001
2021-06-06T08:00:00.004Z,0.0001
2021-06-06T16:00:00.000Z,0.0001
2021-06-07T00:00:00.007Z,0.0001
2021-06-07T08:00:00.007Z,0.0001
2021-06-07T16:00:00.003Z,0.0001
2021-06-08T00:00:00.000Z,0.0001
2021-06-08T08:00:00.000Z,0.00001015
2021-06-08T16:00:00.002Z,0.0001
2021-06-09T00:00:00.009Z,0.0001
2021-06-09T08:00:00.002Z,-0.00005397
2021-06-09T16:00:00.000Z,-0.00014842
2021-06-10T00:00:00.007Z,-0.00016793
2021-06-10T08:00:00.003Z,0.00006027
2021-06-10T16:00:00.000Z,0.0001
2021-06-11T00:00:00.010Z,0.0001
2021-06-11T08:00:00.007Z,0.00002612
2021-06-11T16:00:00.006Z,0.00004776
2021-06-12T00:00:00.005Z,-0.0000778
2021-06-12T08:00:00.000Z,0.0001
2021-06-12T16:00:00.018Z,-0.00000814
2021-06-13T00:00:00.002Z,0.0000964
2021-06-13T08:00:00.000Z,0.00002852
2021-06-13T16:00:00.003Z,-0.00006559
2021-06-14T00:00:00.000Z,0.0001
2021-06-14T08:00:00.015Z,0.0001
2021-06-14T16:00:00.000Z,-0.00003144
2021-06-15T00:00:00.000Z,0.00008002
2021-06-15T08:00:00.000Z,0.0001
2021-06-15T16:00:00.004Z,0.0001
2021-06-16T00:00:00.004Z,0.0001
2021-06-16T08:00:00.001Z,0.0001
2021-06-16T16:00:00.000Z,0.0001
2021-06-17T00:00:00.004Z,0.0001
2021-06-17T08:00:00.000Z,0.0001
2021-06-17T16:00:00.002Z,0.0001
2021-06-18T00:00:00.009Z,0.00005342
2021-06-18T08:00:00.014Z,0.00000345
2021-06-18T16:00:00.007Z,0.0001
2021-06-19T00:00:00.003Z,-0.00005205
2021-06-19T08:00:00.001Z,-0.00009441
2021-06-19T16:00:00.000Z,0.00007475
2021-06-20T00:00:00.005Z,0.0001
2021-06-20T08:00:00.000Z,0.0001
2021-06-20T16:00:00.002Z,-0.00018437
2021-06-21T00:00:00.019Z,-0.00001617
2021-06-21T08:00:00.000Z,0.0001
2021-06-21T16:00:00.024Z,-0.00019854
2021-06-22T00:00:00.008Z,0.00007947
2021-06-22T08:00:00.009Z,0.0001
2021-06-22T16:00:00.001Z,-0.00032806
2021-06-23T00:00:00.003Z,6.7e-7
2021-06-23T08:00:00.000Z,-0.00013693
2021-06-23T16:00:00.000Z,-0.00019895
2021-06-24T00:00:00.009Z,-0.00007785
2021-06-24T08:00:00.018Z,0.0001
2021-06-24T16:00:00.001Z,-0.00018863
2021-06-25T00:00:00.009Z,0.00002372
2021-06-25T08:00:00.004Z,0.0001
2021-06-25T16:00:00.000Z,0.0001
2021-06-26T00:00:00.007Z,-0.00011029
2021-06-26T08:00:00.000Z,-0.00013121
2021-06-26T16:00:00.002Z,-0.00010371
2021-06-27T00:00:00.005Z,-0.00023578
2021-06-27T08:00:00.010Z,-0.00052905
2021-06-27T16:00:00.001Z,-0.00026102
2021-06-28T00:00:00.025Z,-0.00002914
2021-06-28T08:00:00.017Z,0.00003312
2021-06-28T16:00:00.007Z,0.0001
2021-06-29T00:00:00.008Z,0.00008346
2021-06-29T08:00:00.000Z,0.0001
2021-06-29T16:00:00.000Z,0.00003883
2021-06-30T00:00:00.011Z,0.0001
2021-06-30T08:00:00.044Z,0.0001
2021-06-30T16:00:00.005Z,0.0001
2021-07-01T00:00:00.000Z,0.0001
2021-07-01T08:00:00.004Z,0.0001
2021-07-01T16:00:00.028Z,0.0001
2021-07-02T00:00:00.002Z,0.00008304
2021-07-02T08:00:00.016Z,0.0001
2021-07-02T16:00:00.007Z,-0.00012187
2021-07-03T00:00:00.008Z,-0.00004866
2021-07-03T08:00:00.000Z,-0.0001355
2021-07-03T16:00:00.004Z,0.0000353
2021-07-04T00:00:00.012Z,0.00003235
2021-07-04T08:00:00.002Z,-0.0001527
2021-07-04T16:00:00.003Z,0.00004428
2021-07-05T00:00:00.004Z,0.0001
2021-07-05T08:00:00.000Z,0.0001
2021-07-05T16:00:00.009Z,-0.0001044
2021-07-06T00:00:00.008Z,-0.00000681
2021-07-06T08:00:00.019Z,-0.0001114
2021-07-06T16:00:00.000Z,-0.00008213
2021-07-07T00:00:00.007Z,-0.00013362
2021-07-07T08:00:00.001Z,0.0001
2021-07-07T16:00:00.008Z,0.0001
2021-07-08T00:00:00.002Z,0.00001382
2021-07-08T08:00:00.010Z,-0.00006403
2021-07-08T16:00:00.003Z,-0.0002808
2021-07-09T00:00:00.000Z,-0.00010885
2021-07-09T08:00:00.006Z,-0.00017364
2021-07-09T16:00:00.000Z,-0.00018845
2021-07-10T00:00:00.002Z,-8.1e-7
2021-07-10T08:00:00.000Z,0.00007847
2021-07-10T16:00:00.001Z,7.2e-7
2021-07-11T00:00:00.001Z,0.00007785
2021-07-11T08:00:00.025Z,0.0001
2021-07-11T16:00:00.006Z,-0.00003373
2021-07-12T00:00:00.000Z,0.00008851
2021-07-12T08:00:00.021Z,0.00003463
2021-07-12T16:00:00.000Z,0.0001
2021-07-13T00:00:00.000Z,0.0001
2021-07-13T08:00:00.013Z,0.0001
2021-07-13T16:00:00.005Z,5.2e-7
2021-07-14T00:00:00.000Z,0.0001
2021-07-14T08:00:00.000Z,0.00001317
2021-07-14T16:00:00.005Z,-0.00011753
2021-07-15T00:00:00.005Z,-0.00004883
2021-07-15T08:00:00.001Z,0.0001
2021-07-15T16:00:00.000Z,0.00001576
2021-07-16T00:00:00.000Z,-0.00011529
2021-07-16T08:00:00.000Z,0.00006105
2021-07-16T16:00:00.001Z,0.00001073
2021-07-17T00:00:00.004Z,0.0001
2021-07-17T08:00:00.009Z,-0.00004343
2021-07-17T16:00:00.006Z,0.00002365
2021-07-18T00:00:00.000Z,0.0001
2021-07-18T08:00:00.001Z,0.0001
2021-07-18T16:00:00.003Z,-0.00004434
2021-07-19T00:00:00.002Z,-0.0000751
2021-07-19T08:00:00.006Z,0.00003183
2021-07-19T16:00:00.006Z,-0.0000123
2021-07-20T00:00:00.002Z,-0.00015687
2021-07-20T08:00:00.011Z,-0.00012569
2021-07-20T16:00:00.001Z,-0.00018939
2021-07-21T00:00:00.022Z,-0.00022869
2021-07-21T08:00:00.000Z,-0.00039139
2021-07-21T16:00:00.018Z,-0.00032314
2021-07-22T00:00:00.002Z,-0.00016261
2021-07-22T08:00:00.006Z,0.00001362
2021-07-22T16:00:00.010Z,0.00001374
2021-07-23T00:00:00.013Z,0.00000344
2021-07-23T08:00:00.000Z,-0.00016985
2021-07-23T16:00:00.005Z,-0.0000099
2021-07-24T00:00:00.000Z,-0.00007246
2021-07-24T08:00:00.002Z,-0.00013379
2021-07-24T16:00:00.001Z,-0.00010603
2021-07-25T00:00:00.003Z,-0.00025685
2021-07-25T08:00:00.015Z,-0.00021708
2021-07-25T16:00:00.000Z,-0.00005198
2021-07-26T00:00:00.000Z,-0.00054841
2021-07-26T08:00:00.000Z,0.0001
2021-07-26T16:00:00.000Z,0.0001
2021-07-27T00:00:00.046Z,0.0001
2021-07-27T08:00:00.014Z,0.0001
2021-07-27T16:00:00.007Z,-0.00002248
2021-07-28T00:00:00.000Z,-0.00002037
2021-07-28T08:00:00.002Z,0.0001
2021-07-28T16:00:00.005Z,0.0001
2021-07-29T00:00:00.004Z,0.00001493
2021-07-29T08:00:00.000Z,0.00008276
2021-07-29T16:00:00.007Z,0.0001
2021-07-30T00:00:00.004Z,0.0001
2021-07-30T08:00:00.000Z,0.0001
2021-07-30T16:00:00.000Z,-0.00002377
2021-07-31T00:00:00.000Z,0.0001
2021-07-31T08:00:00.014Z,0.0001
2021-07-31T16:00:00.003Z,0.0001
2021-08-01T00:00:00.005Z,0.0001
2021-08-01T08:00:00.016Z,0.0001
2021-08-01T16:00:00.001Z,0.0001
2021-08-02T00:00:00.000Z,0.0001
2021-08-02T08:00:00.014Z,0.0001
2021-08-02T16:00:00.021Z,0.0001
2021-08-03T00:00:00.000Z,0.0001
2021-08-03T08:00:00.000Z,0.0001
2021-08-03T16:00:00.009Z,0.0001
2021-08-04T00:00:00.000Z,0.0001
2021-08-04T08:00:00.000Z,0.0001
2021-08-04T16:00:00.003Z,0.00001272
2021-08-05T00:00:00.000Z,0.0001
2021-08-05T08:00:00.000Z,0.0001
2021-08-05T16:00:00.001Z,0.0001
2021-08-06T00:00:00.000Z,0.0001
2021-08-06T08:00:00.004Z,0.0001
2021-08-06T16:00:00.003Z,0.0001
2021-08-07T00:00:00.015Z,0.0001
2021-08-07T08:00:00.001Z,0.0001
2021-08-07T16:00:00.002Z,0.0001
2021-08-08T00:00:00.000Z,0.0001
2021-08-08T08:00:00.002Z,0.0001
2021-08-08T16:00:00.018Z,0.0001
2021-08-09T00:00:00.000Z,0.0001
2021-08-09T08:00:00.000Z,0.0001
2021-08-09T16:00:00.002Z,0.0001
2021-08-10T00:00:00.000Z,0.0001
2021-08-10T08:00:00.003Z,0.0001
2021-08-10T16:00:00.000Z,0.0001
2021-08-11T00:00:00.006Z,0.0001
2021-08-11T08:00:00.003Z,0.0001
2021-08-11T16:00:00.000Z,0.0001
2021-08-12T00:00:00.013Z,0.0001
2021-08-12T08:00:00.001Z,0.0001
2021-08-12T16:00:00.000Z,0.0001
2021-08-13T00:00:00.000Z,0.0001
2021-08-13T08:00:00.000Z,0.0001
2021-08-13T16:00:00.002Z,0.0001
2021-08-14T00:00:00.006Z,0.0001
2021-08-14T08:00:00.000Z,0.0001
2021-08-14T16:00:00.000Z,0.0001
2021-08-15T00:00:00.003Z,0.0001
2021-08-15T08:00:00.000Z,0.0001
2021-08-15T16:00:00.007Z,0.0001
2021-08-16T00:00:00.012Z,0.0001
2021-08-16T08:00:00.003Z,0.0001
2021-08-16T16:00:00.010Z,0.00013924
2021-08-17T00:00:00.018Z,0.0001
2021-08-17T08:00:00.015Z,0.0001
2021-08-17T16:00:00.006Z,0.0001
2021-08-18T00:00:00.000Z,0.0001
2021-08-18T08:00:00.000Z,0.0001
2021-08-18T16:00:00.011Z,0.0001
2021-08-19T00:00:00.000Z,0.0001
2021-08-19T08:00:00.014Z,0.0001
2021-08-19T16:00:00.000Z,0.0001
2021-08-20T00:00:00.000Z,0.0001
2021-08-20T08:00:00.001Z,0.00011483
2021-08-20T16:00:00.001Z,0.00014278
2021-08-21T00:00:00.005Z,0.0001
2021-08-21T08:00:00.001Z,0.00020013
2021-08-21T16:00:00.000Z,0.00016694
2021-08-22T00:00:00.005Z,0.0001
2021-08-22T08:00:00.007Z,0.0001
2021-08-22T16:00:00.002Z,0.00014813
2021-08-23T00:00:00.003Z,0.0001
2021-08-23T08:00:00.005Z,0.0003918
2021-08-23T16:00:00.002Z,0.00023983
2021-08-24T00:00:00.006Z,0.000293
2021-08-24T08:00:00.004Z,0.0001
2021-08-24T16:00:00.000Z,0.00041348
2021-08-25T00:00:00.015Z,0.00019568
2021-08-25T08:00:00.000Z,0.0001
2021-08-25T16:00:00.000Z,0.0001
2021-08-26T00:00:00.001Z,0.0001
2021-08-26T08:00:00.016Z,0.00021865
2021-08-26T16:00:00.004Z,0.0001
2021-08-27T00:00:00.013Z,0.0001
2021-08-27T08:00:00.001Z,0.0001
2021-08-27T16:00:00.004Z,0.0001
2021-08-28T00:00:00.000Z,0.0001
2021-08-28T08:00:00.000Z,0.0003224
2021-08-28T16:00:00.000Z,0.00023137
2021-08-29T00:00:00.000Z,0.0001
2021-08-29T08:00:00.002Z,0.0001
2021-08-29T16:00:00.005Z,0.0001
2021-08-30T00:00:00.013Z,0.0001
2021-08-30T08:00:00.008Z,0.0001
2021-08-30T16:00:00.000Z,0.0002255
2021-08-31T00:00:00.000Z,0.00036162
2021-08-31T08:00:00.007Z,0.00027795
2021-08-31T16:00:00.003Z,0.00023354
2021-09-01T00:00:00.000Z,0.00044618
2021-09-01T08:00:00.006Z,0.00027256
2021-09-01T16:00:00.000Z,0.00033967
2021-09-02T00:00:00.009Z,0.0004052
2021-09-02T08:00:00.006Z,0.0004869
2021-09-02T16:00:00.007Z,0.00057405
2021-09-03T00:00:00.011Z,0.00047856
2021-09-03T08:00:00.000Z,0.00033375
2021-09-03T16:00:00.002Z,0.00024375
2021-09-04T00:00:00.003Z,0.00043928
2021-09-04T08:00:00.008Z,0.00011799
2021-09-04T16:00:00.009Z,0.00019219
2021-09-05T00:00:00.002Z,0.0001
2021-09-05T08:00:00.002Z,0.0001
2021-09-05T16:00:00.000Z,0.0001
2021-09-06T00:00:00.003Z,0.00026783
2021-09-06T08:00:00.008Z,0.0001
2021-09-06T16:00:00.009Z,0.0001
2021-09-07T00:00:00.004Z,0.0001
2021-09-07T08:00:00.002Z,0.0001
2021-09-07T16:00:00.001Z,0.00022977
2021-09-08T00:00:00.005Z,0.0001
2021-09-08T08:00:00.000Z,0.0001
2021-09-08T16:00:00.000Z,0.0001
2021-09-09T00:00:00.006Z,0.0001
2021-09-09T08:00:00.014Z,0.0001
2021-09-09T16:00:00.002Z,0.0001
2021-09-10T00:00:00.001Z,0.0001
2021-09-10T08:00:00.018Z,0.0001
2021-09-10T16:00:00.006Z,0.00011115
2021-09-11T00:00:00.000Z,0.0001
2021-09-11T08:00:00.001Z,0.0001
2021-09-11T16:00:00.000Z,0.0001
2021-09-12T00:00:00.000Z,0.0001
2021-09-12T08:00:00.002Z,0.0001
2021-09-12T16:00:00.000Z,0.0001
2021-09-13T00:00:00.000Z,0.0001
2021-09-13T08:00:00.007Z,0.0001
2021-09-13T16:00:00.005Z,0.0001
2021-09-14T00:00:00.002Z,0.0001
2021-09-14T08:00:00.000Z,0.0001
2021-09-14T16:00:00.007Z,0.0001
2021-09-15T00:00:00.012Z,0.0001
2021-09-15T08:00:00.003Z,0.0001
2021-09-15T16:00:00.006Z,0.0001
2021-09-16T00:00:00.008Z,0.0001
2021-09-16T08:00:00.005Z,0.0001
2021-09-16T16:00:00.002Z,0.0001
2021-09-17T00:00:00.000Z,0.0001
2021-09-17T08:00:00.047Z,0.0001
2021-09-17T16:00:00.013Z,0.0001
2021-09-18T00:00:00.000Z,0.0001
2021-09-18T08:00:00.010Z,0.0001
2021-09-18T16:00:00.005Z,0.0001
2021-09-19T00:00:00.006Z,0.0001
2021-09-19T08:00:00.015Z,0.0001
2021-09-19T16:00:00.007Z,0.0001
2021-09-20T00:00:00.018Z,0.0001
2021-09-20T08:00:00.000Z,0.0001
2021-09-20T16:00:00.005Z,0.0001
2021-09-21T00:00:00.005Z,0.0001
2021-09-21T08:00:00.007Z,0.0001
2021-09-21T16:00:00.000Z,0.0001
2021-09-22T00:00:00.005Z,0.0001
2021-09-22T08:00:00.006Z,0.0001
2021-09-22T16:00:00.000Z,0.0001
2021-09-23T00:00:00.003Z,0.00004744
2021-09-23T08:00:00.000Z,0.00007835
2021-09-23T16:00:00.007Z,0.0001
2021-09-24T00:00:00.000Z,-0.00007856
2021-09-24T08:00:00.017Z,-0.00008536
2021-09-24T16:00:00.000Z,0.00003978
2021-09-25T00:00:00.007Z,0.0001
2021-09-25T08:00:00.002Z,0.00005629
2021-09-25T16:00:00.004Z,0.0001
2021-09-26T00:00:00.013Z,0.00002457
2021-09-26T08:00:00.000Z,0.0001
2021-09-26T16:00:00.005Z,-0.00001686
2021-09-27T00:00:00.000Z,0.0001
2021-09-27T08:00:00.001Z,0.0001
2021-09-27T16:00:00.000Z,0.0001
2021-09-28T00:00:00.000Z,0.00002549
2021-09-28T08:00:00.014Z,0.00003318
2021-09-28T16:00:00.000Z,0.00009756
2021-09-29T00:00:00.000Z,0.00004448
2021-09-29T08:00:00.002Z,0.00003757
2021-09-29T16:00:00.000Z,0.00005661
2021-09-30T00:00:00.000Z,0.0001
2021-09-30T08:00:00.004Z,0.0001
2021-09-30T16:00:00.005Z,0.00009235
2021-10-01T00:00:00.012Z,0.00002202
2021-10-01T08:00:00.008Z,-0.00002693
2021-10-01T16:00:00.000Z,0.0001
2021-10-02T00:00:00.000Z,0.00005277
2021-10-02T08:00:00.002Z,0.00003519
2021-10-02T16:00:00.011Z,0.00005938
2021-10-03T00:00:00.019Z,0.0001
2021-10-03T08:00:00.011Z,0.0001
2021-10-03T16:00:00.004Z,0.0001
2021-10-04T00:00:00.004Z,0.0001
2021-10-04T08:00:00.000Z,0.0001
2021-10-04T16:00:00.000Z,0.0001
2021-10-05T00:00:00.007Z,0.0001
2021-10-05T08:00:00.007Z,-0.00002427
2021-10-05T16:00:00.004Z,0.00000161
2021-10-06T00:00:00.002Z,0.0001
2021-10-06T08:00:00.000Z,0.0001
2021-10-06T16:00:00.003Z,0.0001
2021-10-07T00:00:00.007Z,0.0001
2021-10-07T08:00:00.002Z,0.0002918
2021-10-07T16:00:00.000Z,0.00032669
2021-10-08T00:00:00.011Z,0.00033379
2021-10-08T08:00:00.003Z,0.00023355
2021-10-08T16:00:00.002Z,0.00013417
2021-10-09T00:00:00.006Z,0.0001
2021-10-09T08:00:00.003Z,0.0001
2021-10-09T16:00:00.000Z,0.00015717
2021-10-10T00:00:00.000Z,0.0001
2021-10-10T08:00:00.008Z,0.00020906
2021-10-10T16:00:00.000Z,0.0001
2021-10-11T00:00:00.002Z,0.0001
2021-10-11T08:00:00.001Z,0.0001
2021-10-11T16:00:00.006Z,0.0001
2021-10-12T00:00:00.008Z,0.0001
2021-10-12T08:00:00.013Z,0.0001
2021-10-12T16:00:00.003Z,0.0001
2021-10-13T00:00:00.003Z,0.0001
2021-10-13T08:00:00.015Z,0.0001
2021-10-13T16:00:00.000Z,0.0001
2021-10-14T00:00:00.011Z,0.0001
2021-10-14T08:00:00.017Z,0.00022797
2021-10-14T16:00:00.000Z,0.00017282
2021-10-15T00:00:00.005Z,0.0001
2021-10-15T08:00:00.002Z,0.00036685
2021-10-15T16:00:00.005Z,0.0001
2021-10-16T00:00:00.009Z,0.00048084
2021-10-16T08:00:00.000Z,0.00027876
2021-10-16T16:00:00.003Z,0.00043303
2021-10-17T00:00:00.001Z,0.00031281
2021-10-17T08:00:00.002Z,0.00040131
2021-10-17T16:00:00.002Z,0.0004425
2021-10-18T00:00:00.006Z,0.00038415
2021-10-18T08:00:00.004Z,0.00022227
2021-10-18T16:00:00.001Z,0.0001
2021-10-19T00:00:00.002Z,0.0001
2021-10-19T08:00:00.000Z,0.00014974
2021-10-19T16:00:00.000Z,0.0001
2021-10-20T00:00:00.017Z,0.0001
2021-10-20T08:00:00.004Z,0.0001
2021-10-20T16:00:00.020Z,0.00063237
2021-10-21T00:00:00.000Z,0.00068927
2021-10-21T08:00:00.000Z,0.00057124
2021-10-21T16:00:00.008Z,0.00062183
2021-10-22T00:00:00.005Z,0.00033487
2021-10-22T08:00:00.005Z,0.00024509
2021-10-22T16:00:00.018Z,0.00033222
2021-10-23T00:00:00.005Z,0.00026183
2021-10-23T08:00:00.001Z,0.00014854
2021-10-23T16:00:00.004Z,0.0001739
2021-10-24T00:00:00.006Z,0.00030335
2021-10-24T08:00:00.012Z,0.00037238
2021-10-24T16:00:00.001Z,0.00032862
2021-10-25T00:00:00.012Z,0.00048777
2021-10-25T08:00:00.002Z,0.00020028
2021-10-25T16:00:00.022Z,0.00017861
2021-10-26T00:00:00.005Z,0.00040992
2021-10-26T08:00:00.016Z,0.00060638
2021-10-26T16:00:00.000Z,0.00055995
2021-10-27T00:00:00.004Z,0.00033175
2021-10-27T08:00:00.000Z,0.00030309
2021-10-27T16:00:00.002Z,0.00023017
2021-10-28T00:00:00.002Z,0.00015574
2021-10-28T08:00:00.000Z,0.0001
2021-10-28T16:00:00.005Z,0.00013782
2021-10-29T00:00:00.000Z,0.0002352
2021-10-29T08:00:00.007Z,0.00024122
2021-10-29T16:00:00.001Z,0.00017968
2021-10-30T00:00:00.000Z,0.00016972
2021-10-30T08:00:00.001Z,0.00038483
2021-10-30T16:00:00.013Z,0.00023181
2021-10-31T00:00:00.008Z,0.00019088
2021-10-31T08:00:00.010Z,0.00048915
2021-10-31T16:00:00.001Z,0.00043874
2021-11-01T00:00:00.009Z,0.00032554
2021-11-01T08:00:00.014Z,0.00031437
2021-11-01T16:00:00.001Z,0.00056812
2021-11-02T00:00:00.000Z,0.00015524
2021-11-02T08:00:00.007Z,0.00033216
2021-11-02T16:00:00.010Z,0.00047797
2021-11-03T00:00:00.019Z,0.0008207
2021-11-03T08:00:00.000Z,0.00043965
2021-11-03T16:00:00.005Z,0.00031399
2021-11-04T00:00:00.006Z,0.00045987
2021-11-04T08:00:00.004Z,0.0005075
2021-11-04T16:00:00.004Z,0.00046368
2021-11-05T00:00:00.000Z,0.00018372
2021-11-05T08:00:00.013Z,0.00018568
2021-11-05T16:00:00.016Z,0.00041167
2021-11-06T00:00:00.010Z,0.00053155
2021-11-06T08:00:00.000Z,0.00045326
2021-11-06T16:00:00.007Z,0.00037687
2021-11-07T00:00:00.013Z,0.00017244
2021-11-07T08:00:00.005Z,0.00036277
2021-11-07T16:00:00.004Z,0.00037438
2021-11-08T00:00:00.001Z,0.00025861
2021-11-08T08:00:00.000Z,0.00049328
2021-11-08T16:00:00.000Z,0.0004876
2021-11-09T00:00:00.000Z,0.00038683
2021-11-09T08:00:00.014Z,0.00039251
2021-11-09T16:00:00.001Z,0.00067839
2021-11-10T00:00:00.000Z,0.00037679
2021-11-10T08:00:00.003Z,0.00068212
2021-11-10T16:00:00.001Z,0.00057535
2021-11-11T00:00:00.008Z,0.00023211
2021-11-11T08:00:00.012Z,0.0001
2021-11-11T16:00:00.007Z,0.00021812
2021-11-12T00:00:00.000Z,0.00018008
2021-11-12T08:00:00.000Z,0.00035543
2021-11-12T16:00:00.004Z,0.00036867
2021-11-13T00:00:00.000Z,0.00015442
2021-11-13T08:00:00.004Z,0.00031732
2021-11-13T16:00:00.006Z,0.00021842
2021-11-14T00:00:00.010Z,0.00013962
2021-11-14T08:00:00.001Z,0.0001
2021-11-14T16:00:00.000Z,0.00013059
2021-11-15T00:00:00.008Z,0.00016126
2021-11-15T08:00:00.000Z,0.00020745
2021-11-15T16:00:00.000Z,0.00040989
2021-11-16T00:00:00.000Z,0.00035998
2021-11-16T08:00:00.001Z,0.0001
2021-11-16T16:00:00.018Z,0.0001
2021-11-17T00:00:00.005Z,0.0001
2021-11-17T08:00:00.007Z,0.00013155
2021-11-17T16:00:00.003Z,0.0001
2021-11-18T00:00:00.017Z,0.0001
2021-11-18T08:00:00.007Z,0.0001
2021-11-18T16:00:00.011Z,0.00011235
2021-11-19T00:00:00.000Z,0.0001
2021-11-19T08:00:00.000Z,0.0001
2021-11-19T16:00:00.005Z,0.0001
2021-11-20T00:00:00.012Z,0.0001
2021-11-20T08:00:00.000Z,0.0001
2021-11-20T16:00:00.007Z,0.0001
2021-11-21T00:00:00.000Z,0.0001
2021-11-21T08:00:00.006Z,0.0001
2021-11-21T16:00:00.000Z,0.0001
2021-11-22T00:00:00.004Z,0.0001
2021-11-22T08:00:00.000Z,0.0001
2021-11-22T16:00:00.000Z,0.0001
2021-11-23T00:00:00.004Z,0.0001
2021-11-23T08:00:00.010Z,0.00012897
2021-11-23T16:00:00.005Z,0.0001
2021-11-24T00:00:00.001Z,0.0001
2021-11-24T08:00:00.003Z,0.0001
2021-11-24T16:00:00.010Z,0.0001201
2021-11-25T00:00:00.000Z,0.00014549
2021-11-25T08:00:00.010Z,0.00016775
2021-11-25T16:00:00.000Z,0.00011888
2021-11-26T00:00:00.000Z,0.00013863
2021-11-26T08:00:00.000Z,0.00033741
2021-11-26T16:00:00.016Z,0.0001
2021-11-27T00:00:00.005Z,0.00010824
2021-11-27T08:00:00.008Z,0.0001
2021-11-27T16:00:00.007Z,0.0001
2021-11-28T00:00:00.018Z,0.0001
2021-11-28T08:00:00.000Z,0.0001
2021-11-28T16:00:00.004Z,0.0001
2021-11-29T00:00:00.002Z,0.0001
2021-11-29T08:00:00.004Z,0.0001
2021-11-29T16:00:00.000Z,0.00020774
2021-11-30T00:00:00.000Z,0.0002781
2021-11-30T08:00:00.006Z,0.0001
2021-11-30T16:00:00.000Z,0.0001
2021-12-01T00:00:00.000Z,0.00012689
2021-12-01T08:00:00.000Z,0.00029146
2021-12-01T16:00:00.001Z,0.0001
2021-12-02T00:00:00.000Z,0.00015951
2021-12-02T08:00:00.007Z,0.0001
2021-12-02T16:00:00.008Z,0.0001
2021-12-03T00:00:00.004Z,0.0001
2021-12-03T08:00:00.002Z,0.00011686
2021-12-03T16:00:00.006Z,0.00027198
2021-12-04T00:00:00.006Z,0.0001
2021-12-04T08:00:00.004Z,0.00006285
2021-12-04T16:00:00.000Z,0.00002893
2021-12-05T00:00:00.003Z,0.00008272
2021-12-05T08:00:00.008Z,0.00009001
2021-12-05T16:00:00.007Z,0.0001
2021-12-06T00:00:00.009Z,0.0001
2021-12-06T08:00:00.001Z,0.0001
2021-12-06T16:00:00.000Z,0.0001
2021-12-07T00:00:00.018Z,0.0001
2021-12-07T08:00:00.000Z,0.00003977
2021-12-07T16:00:00.000Z,0.0001
2021-12-08T00:00:00.000Z,0.0001
2021-12-08T08:00:00.018Z,0.0001
2021-12-08T16:00:00.010Z,0.0001
2021-12-09T00:00:00.010Z,0.0001
2021-12-09T08:00:00.000Z,0.0001
2021-12-09T16:00:00.000Z,0.0001
2021-12-10T00:00:00.000Z,0.0001
2021-12-10T08:00:00.008Z,0.0001
2021-12-10T16:00:00.012Z,0.0001
2021-12-11T00:00:00.009Z,0.0001
2021-12-11T08:00:00.008Z,0.0001
2021-12-11T16:00:00.000Z,0.0001
2021-12-12T00:00:00.001Z,0.0001
2021-12-12T08:00:00.015Z,0.0001
2021-12-12T16:00:00.011Z,0.0001
2021-12-13T00:00:00.006Z,0.0001
2021-12-13T08:00:00.019Z,0.0001
2021-12-13T16:00:00.000Z,0.0001
2021-12-14T00:00:00.004Z,-0.00000493
2021-12-14T08:00:00.000Z,0.0001
2021-12-14T16:00:00.015Z,0.00008838
2021-12-15T00:00:00.000Z,0.0001
2021-12-15T08:00:00.008Z,0.0001
2021-12-15T16:00:00.005Z,0.0001
2021-12-16T00:00:00.006Z,0.0001
2021-12-16T08:00:00.009Z,0.0001
2021-12-16T16:00:00.000Z,0.0001
2021-12-17T00:00:00.000Z,0.0001
2021-12-17T08:00:00.005Z,0.0001
2021-12-17T16:00:00.006Z,0.00004678
2021-12-18T00:00:00.014Z,0.00009119
2021-12-18T08:00:00.012Z,0.00009221
2021-12-18T16:00:00.000Z,0.00008402
2021-12-19T00:00:00.031Z,0.0000708
2021-12-19T08:00:00.000Z,0.0001
2021-12-19T16:00:00.003Z,0.0001
2021-12-20T00:00:00.015Z,0.0001
2021-12-20T08:00:00.007Z,0.0001
2021-12-20T16:00:00.005Z,0.0001
2021-12-21T00:00:00.003Z,0.00009184
2021-12-21T08:00:00.012Z,0.0001
2021-12-21T16:00:00.005Z,0.0001
2021-12-22T00:00:00.000Z,0.0001
2021-12-22T08:00:00.001Z,0.0001
2021-12-22T16:00:00.006Z,0.0001
2021-12-23T00:00:00.011Z,0.0000972
2021-12-23T08:00:00.000Z,0.0001
2021-12-23T16:00:00.000Z,0.00004018
2021-12-24T00:00:00.005Z,0.0001
2021-12-24T08:00:00.000Z,0.0001
2021-12-24T16:00:00.011Z,0.0001
2021-12-25T00:00:00.000Z,0.0001
2021-12-25T08:00:00.001Z,0.0001
2021-12-25T16:00:00.005Z,0.0001
2021-12-26T00:00:00.004Z,0.0001
2021-12-26T08:00:00.002Z,0.0001
2021-12-26T16:00:00.000Z,0.0001
2021-12-27T00:00:00.002Z,0.0001
2021-12-27T08:00:00.005Z,0.0001
2021-12-27T16:00:00.000Z,0.0001
2021-12-28T00:00:00.000Z,0.0001
2021-12-28T08:00:00.012Z,0.0001
2021-12-28T16:00:00.000Z,0.0001
2021-12-29T00:00:00.006Z,0.0001
2021-12-29T08:00:00.003Z,0.0001
2021-12-29T16:00:00.004Z,0.0001
2021-12-30T00:00:00.003Z,0.0001
2021-12-30T08:00:00.001Z,0.0001
2021-12-30T16:00:00.017Z,0.0001
2021-12-31T00:00:00.006Z,-0.00003102
2021-12-31T08:00:00.009Z,0.0001
2021-12-31T16:00:00.000Z,0.0001
2022-01-01T00:00:00.006Z,0.0001
2022-01-01T08:00:00.009Z,0.0001
2022-01-01T16:00:00.000Z,0.0001
2022-01-02T00:00:00.028Z,0.0001
2022-01-02T08:00:00.000Z,0.0001
2022-01-02T16:00:00.000Z,0.0001
2022-01-03T00:00:00.010Z,0.0001
2022-01-03T08:00:00.013Z,0.0001
2022-01-03T16:00:00.018Z,0.0001
2022-01-04T00:00:00.000Z,0.0001
2022-01-04T08:00:00.010Z,0.0001
2022-01-04T16:00:00.002Z,0.0001
2022-01-05T00:00:00.001Z,0.0001
2022-01-05T08:00:00.017Z,0.0001
2022-01-05T16:00:00.000Z,0.0001
2022-01-06T00:00:00.002Z,0.0001
2022-01-06T08:00:00.021Z,0.0001
2022-01-06T16:00:00.006Z,0.0001
2022-01-07T00:00:00.005Z,0.0001
2022-01-07T08:00:00.000Z,0.0001
2022-01-07T16:00:00.001Z,0.0001
2022-01-08T00:00:00.014Z,0.0001
2022-01-08T08:00:00.013Z,0.0001
2022-01-08T16:00:00.000Z,0.0001
2022-01-09T00:00:00.003Z,0.0001
2022-01-09T08:00:00.000Z,0.0001
2022-01-09T16:00:00.000Z,0.0001
2022-01-10T00:00:00.000Z,0.0001
2022-01-10T08:00:00.010Z,0.00004522
2022-01-10T16:00:00.007Z,0.0001
2022-01-11T00:00:00.013Z,0.0001
2022-01-11T08:00:00.004Z,0.00007394
2022-01-11T16:00:00.000Z,0.0001
2022-01-12T00:00:00.012Z,-0.00004772
2022-01-12T08:00:00.015Z,0.00009625
2022-01-12T16:00:00.000Z,-0.00005342
2022-01-13T00:00:00.007Z,-0.00007506
2022-01-13T08:00:00.000Z,0.0001
2022-01-13T16:00:00.014Z,-0.00006081
2022-01-14T00:00:00.000Z,0.00000592
2022-01-14T08:00:00.006Z,-0.0000917
2022-01-14T16:00:00.014Z,-0.00006655
2022-01-15T00:00:00.000Z,0.00002282
2022-01-15T08:00:00.002Z,0.0001
2022-01-15T16:00:00.000Z,0.00002661
2022-01-16T00:00:00.000Z,0.0000907
2022-01-16T08:00:00.017Z,-0.0000233
2022-01-16T16:00:00.011Z,0.0000362
2022-01-17T00:00:00.005Z,0.00001751
2022-01-17T08:00:00.006Z,0.00006647
2022-01-17T16:00:00.012Z,0.0001
2022-01-18T00:00:00.020Z,0.0001
2022-01-18T08:00:00.000Z,0.00009998
2022-01-18T16:00:00.013Z,0.0001
2022-01-19T00:00:00.001Z,0.00004973
2022-01-19T08:00:00.000Z,0.0001
2022-01-19T16:00:00.000Z,0.0001
2022-01-20T00:00:00.015Z,0.0001
2022-01-20T08:00:00.000Z,0.0001
2022-01-20T16:00:00.000Z,0.0001
2022-01-21T00:00:00.007Z,0.0001
2022-01-21T08:00:00.015Z,0.00004523
2022-01-21T16:00:00.000Z,0.00008226
2022-01-22T00:00:00.017Z,-0.00001051
2022-01-22T08:00:00.003Z,0.00004122
2022-01-22T16:00:00.021Z,0.0001
2022-01-23T00:00:00.026Z,0.0001
2022-01-23T08:00:00.010Z,-0.00001256
2022-01-23T16:00:00.009Z,-0.00001573
2022-01-24T00:00:00.010Z,0.0000348
2022-01-24T08:00:00.000Z,0.00005605
2022-01-24T16:00:00.021Z,0.00005009
2022-01-25T00:00:00.000Z,0.0001
2022-01-25T08:00:00.000Z,0.00008126
2022-01-25T16:00:00.012Z,-0.00010008
2022-01-26T00:00:00.000Z,0.00000676
2022-01-26T08:00:00.001Z,-0.00001905
2022-01-26T16:00:00.005Z,-0.0000413
2022-01-27T00:00:00.004Z,-0.00004869
2022-01-27T08:00:00.004Z,-0.00010186
2022-01-27T16:00:00.019Z,-0.00007554
2022-01-28T00:00:00.000Z,-0.00000493
2022-01-28T08:00:00.000Z,0.00007165
2022-01-28T16:00:00.025Z,0.0000288
2022-01-29T00:00:00.017Z,-0.00001093
2022-01-29T08:00:00.000Z,0.00005239
2022-01-29T16:00:00.013Z,-0.00003029
2022-01-30T00:00:00.025Z,0.0000605
2022-01-30T08:00:00.009Z,0.00009126
2022-01-30T16:00:00.000Z,0.0001
2022-01-31T00:00:00.000Z,0.00008927
2022-01-31T08:00:00.000Z,-0.00007369
2022-01-31T16:00:00.000Z,-0.00005648
2022-02-01T00:00:00.010Z,-0.00004
2022-02-01T08:00:00.000Z,0.00006113
2022-02-01T16:00:00.004Z,-0.00006256
2022-02-02T00:00:00.004Z,-0.00002905
2022-02-02T08:00:00.000Z,0.0001
2022-02-02T16:00:00.002Z,0.00002553
2022-02-03T00:00:00.002Z,-0.00007716
2022-02-03T08:00:00.000Z,0.00001168
2022-02-03T16:00:00.000Z,-0.00001533
2022-02-04T00:00:00.018Z,0.00001462
2022-02-04T08:00:00.005Z,-0.00008571
2022-02-04T16:00:00.010Z,0.0001
2022-02-05T00:00:00.014Z,0.00007457
2022-02-05T08:00:00.000Z,0.0001
2022-02-05T16:00:00.000Z,0.0001
2022-02-06T00:00:00.000Z,0.0001
2022-02-06T08:00:00.000Z,0.0001
2022-02-06T16:00:00.000Z,0.0001
2022-02-07T00:00:00.003Z,0.00001477
2022-02-07T08:00:00.014Z,0.00005264
2022-02-07T16:00:00.003Z,-0.00009617
2022-02-08T00:00:00.001Z,0.0001
2022-02-08T08:00:00.003Z,0.0001
2022-02-08T16:00:00.002Z,0.0001
2022-02-09T00:00:00.000Z,0.00008216
2022-02-09T08:00:00.005Z,0.00005826
2022-02-09T16:00:00.001Z,0.0000512
2022-02-10T00:00:00.012Z,0.0001
2022-02-10T08:00:00.000Z,-0.00001799
2022-02-10T16:00:00.006Z,0.0001
2022-02-11T00:00:00.000Z,0.00003895
2022-02-11T08:00:00.009Z,-0.00005238
2022-02-11T16:00:00.015Z,-0.00007643
2022-02-12T00:00:00.020Z,0.0001
2022-02-12T08:00:00.001Z,0.0001
2022-02-12T16:00:00.007Z,0.0001
2022-02-13T00:00:00.022Z,0.00008047
2022-02-13T08:00:00.001Z,0.00007937
2022-02-13T16:00:00.007Z,0.00006814
2022-02-14T00:00:00.005Z,0.00009717
2022-02-14T08:00:00.013Z,0.00002867
2022-02-14T16:00:00.019Z,0.00006445
2022-02-15T00:00:00.012Z,0.0001
2022-02-15T08:00:00.005Z,-0.0000776
2022-02-15T16:00:00.011Z,0.00005462
2022-02-16T00:00:00.009Z,0.0001
2022-02-16T08:00:00.001Z,0.0001
2022-02-16T16:00:00.014Z,0.0001
2022-02-17T00:00:00.018Z,0.0001
2022-02-17T08:00:00.000Z,0.0001
2022-02-17T16:00:00.010Z,0.0001
2022-02-18T00:00:00.000Z,-0.00000438
2022-02-18T08:00:00.002Z,-0.00002923
2022-02-18T16:00:00.000Z,-0.00000936
2022-02-19T00:00:00.007Z,0.0001
2022-02-19T08:00:00.000Z,0.00000961
2022-02-19T16:00:00.023Z,0.0000771
2022-02-20T00:00:00.001Z,0.00003023
2022-02-20T08:00:00.003Z,0.00006581
2022-02-20T16:00:00.001Z,-0.00007517
2022-02-21T00:00:00.000Z,0.000065
2022-02-21T08:00:00.001Z,-0.00004498
2022-02-21T16:00:00.005Z,-0.00003473
2022-02-22T00:00:00.005Z,-0.00005357
2022-02-22T08:00:00.000Z,0.00002477
2022-02-22T16:00:00.000Z,-0.00003085
2022-02-23T00:00:00.002Z,-0.00002623
2022-02-23T08:00:00.005Z,-0.00012603
2022-02-23T16:00:00.010Z,-0.00003332
2022-02-24T00:00:00.008Z,0.00006475
2022-02-24T08:00:00.003Z,-0.00016045
2022-02-24T16:00:00.001Z,-0.0000921
2022-02-25T00:00:00.000Z,0.0001
2022-02-25T08:00:00.006Z,0.0000622
2022-02-25T16:00:00.001Z,0.00000998
2022-02-26T00:00:00.004Z,0.00009332
2022-02-26T08:00:00.004Z,0.0001
2022-02-26T16:00:00.007Z,0.00007614
2022-02-27T00:00:00.012Z,0.00005574
2022-02-27T08:00:00.000Z,0.00001803
2022-02-27T16:00:00.000Z,-0.00000628
2022-02-28T00:00:00.000Z,-0.00021167
2022-02-28T08:00:00.001Z,-0.00008986
2022-02-28T16:00:00.002Z,-0.00005386
2022-03-01T00:00:00.002Z,0.0001
2022-03-01T08:00:00.001Z,0.0001
2022-03-01T16:00:00.000Z,0.00004369
2022-03-02T00:00:00.000Z,-0.00000507
2022-03-02T08:00:00.000Z,0.0001
2022-03-02T16:00:00.002Z,0.0001
2022-03-03T00:00:00.000Z,0.0001
2022-03-03T08:00:00.000Z,0.0001
2022-03-03T16:00:00.005Z,0.0001
2022-03-04T00:00:00.018Z,0.0001
2022-03-04T08:00:00.000Z,0.0001
2022-03-04T16:00:00.000Z,0.0001
2022-03-05T00:00:00.006Z,0.0001
2022-03-05T08:00:00.004Z,0.0001
2022-03-05T16:00:00.000Z,0.00001656
2022-03-06T00:00:00.004Z,0.00004115
2022-03-06T08:00:00.000Z,-0.0000096
2022-03-06T16:00:00.013Z,0.00001957
2022-03-07T00:00:00.008Z,0.00000318
2022-03-07T08:00:00.006Z,-0.00008983
2022-03-07T16:00:00.000Z,-0.00003177
2022-03-08T00:00:00.008Z,0.00003378
2022-03-08T08:00:00.002Z,0.0001
2022-03-08T16:00:00.000Z,0.0001
2022-03-09T00:00:00.008Z,0.00006776
2022-03-09T08:00:00.000Z,0.0001
2022-03-09T16:00:00.004Z,0.0001
2022-03-10T00:00:00.000Z,0.0001
2022-03-10T08:00:00.017Z,0.0000828
2022-03-10T16:00:00.000Z,-0.00008919
2022-03-11T00:00:00.008Z,-0.00009808
2022-03-11T08:00:00.000Z,-0.00007765
2022-03-11T16:00:00.001Z,0.00004301
2022-03-12T00:00:00.010Z,-0.00000307
2022-03-12T08:00:00.001Z,0.00003168
2022-03-12T16:00:00.002Z,-0.00003565
2022-03-13T00:00:00.008Z,-0.00005855
2022-03-13T08:00:00.000Z,0.00000613
2022-03-13T16:00:00.002Z,-0.00005741
2022-03-14T00:00:00.014Z,-0.00008009
2022-03-14T08:00:00.005Z,-0.00006699
2022-03-14T16:00:00.002Z,0.00002708
2022-03-15T00:00:00.008Z,0.00005726
2022-03-15T08:00:00.000Z,0.00004476
2022-03-15T16:00:00.006Z,0.00009061
2022-03-16T00:00:00.013Z,0.0001
2022-03-16T08:00:00.000Z,0.00005871
2022-03-16T16:00:00.008Z,0.0001
2022-03-17T00:00:00.004Z,0.0001
2022-03-17T08:00:00.000Z,0.0001
2022-03-17T16:00:00.004Z,0.0001
2022-03-18T00:00:00.000Z,0.0001
2022-03-18T08:00:00.000Z,0.00001662
2022-03-18T16:00:00.017Z,0.0001
2022-03-19T00:00:00.008Z,0.0001
2022-03-19T08:00:00.015Z,0.0001
2022-03-19T16:00:00.000Z,0.0001
2022-03-20T00:00:00.000Z,0.0001
2022-03-20T08:00:00.001Z,0.0001
2022-03-20T16:00:00.002Z,0.0001
2022-03-21T00:00:00.013Z,0.0001
2022-03-21T08:00:00.004Z,-0.00000954
2022-03-21T16:00:00.010Z,-9.3e-7
2022-03-22T00:00:00.012Z,0.0001
2022-03-22T08:00:00.001Z,0.0001
2022-03-22T16:00:00.022Z,0.0001
2022-03-23T00:00:00.007Z,0.0001
2022-03-23T08:00:00.000Z,0.0001
2022-03-23T16:00:00.006Z,0.00007014
2022-03-24T00:00:00.013Z,0.00001664
2022-03-24T08:00:00.006Z,0.000008
2022-03-24T16:00:00.020Z,-0.00000907
2022-03-25T00:00:00.010Z,0.0000067
2022-03-25T08:00:00.001Z,0.00009286
2022-03-25T16:00:00.014Z,0.00005473
2022-03-26T00:00:00.020Z,0.00009739
2022-03-26T08:00:00.006Z,-0.00007111
2022-03-26T16:00:00.000Z,0.0001
2022-03-27T00:00:00.004Z,-0.00008253
2022-03-27T08:00:00.001Z,0.00001306
2022-03-27T16:00:00.006Z,0.0001
2022-03-28T00:00:00.012Z,0.0001
2022-03-28T08:00:00.007Z,0.0001
2022-03-28T16:00:00.000Z,0.0001
2022-03-29T00:00:00.000Z,0.0001
2022-03-29T08:00:00.015Z,0.0001
2022-03-29T16:00:00.000Z,0.00009594
2022-03-30T00:00:00.000Z,0.0001
2022-03-30T08:00:00.002Z,0.0001
2022-03-30T16:00:00.028Z,0.0001
2022-03-31T00:00:00.017Z,0.0001
2022-03-31T08:00:00.000Z,0.0001
2022-03-31T16:00:00.015Z,0.0001
2022-04-01T00:00:00.000Z,0.0001
2022-04-01T08:00:00.000Z,0.00007626
2022-04-01T16:00:00.018Z,0.00009193
2022-04-02T00:00:00.000Z,0.0001
2022-04-02T08:00:00.002Z,0.0001
2022-04-02T16:00:00.006Z,0.0001
2022-04-03T00:00:00.018Z,0.0001
2022-04-03T08:00:00.018Z,0.0001
2022-04-03T16:00:00.015Z,0.0001
2022-04-04T00:00:00.006Z,0.0001
2022-04-04T08:00:00.000Z,0.0001
2022-04-04T16:00:00.016Z,0.0001
2022-04-05T00:00:00.000Z,0.0001
2022-04-05T08:00:00.010Z,0.0001
2022-04-05T16:00:00.008Z,0.0001
2022-04-06T00:00:00.001Z,0.00009898
2022-04-06T08:00:00.021Z,0.0001
2022-04-06T16:00:00.000Z,0.0001
2022-04-07T00:00:00.009Z,0.0001
2022-04-07T08:00:00.000Z,0.0001
2022-04-07T16:00:00.000Z,0.00002421
2022-04-08T00:00:00.000Z,0.00004306
2022-04-08T08:00:00.004Z,0.0001
2022-04-08T16:00:00.008Z,0.0001
2022-04-09T00:00:00.008Z,0.0001
2022-04-09T08:00:00.000Z,0.00009279
2022-04-09T16:00:00.001Z,0.0001
2022-04-10T00:00:00.004Z,0.00002721
2022-04-10T08:00:00.007Z,0.00006231
2022-04-10T16:00:00.016Z,0.0001
2022-04-11T00:00:00.000Z,0.00000243
2022-04-11T08:00:00.000Z,0.0001
2022-04-11T16:00:00.009Z,0.0001
2022-04-12T00:00:00.000Z,-0.00006795
2022-04-12T08:00:00.006Z,-0.00010012
2022-04-12T16:00:00.013Z,-0.00007001
2022-04-13T00:00:00.005Z,-0.00001692
2022-04-13T08:00:00.008Z,0.00000753
2022-04-13T16:00:00.013Z,-0.00001485
2022-04-14T00:00:00.007Z,0.00005018
2022-04-14T08:00:00.000Z,0.00003533
2022-04-14T16:00:00.006Z,0.00004423
2022-04-15T00:00:00.008Z,-0.00013233
2022-04-15T08:00:00.002Z,-0.00006805
2022-04-15T16:00:00.000Z,0.00007697
2022-04-16T00:00:00.011Z,0.00002197
2022-04-16T08:00:00.007Z,0.00005199
2022-04-16T16:00:00.007Z,0.00006201
2022-04-17T00:00:00.000Z,0.0000072
2022-04-17T08:00:00.004Z,0.00009838
2022-04-17T16:00:00.000Z,0.0001
2022-04-18T00:00:00.008Z,-0.00003231
2022-04-18T08:00:00.012Z,-0.00017197
2022-04-18T16:00:00.000Z,-0.00005436
2022-04-19T00:00:00.021Z,0.0001
2022-04-19T08:00:00.031Z,0.00006251
2022-04-19T16:00:00.000Z,-0.00005028
2022-04-20T00:00:00.025Z,0.0000945
2022-04-20T08:00:00.003Z,0.00009543
2022-04-20T16:00:00.000Z,0.00003714
2022-04-21T00:00:00.000Z,0.00000177
2022-04-21T08:00:00.000Z,-0.00005245
2022-04-21T16:00:00.024Z,0.00005359
2022-04-22T00:00:00.008Z,0.00003026
2022-04-22T08:00:00.008Z,-0.00016984
2022-04-22T16:00:00.008Z,-0.00000415
2022-04-23T00:00:00.000Z,-0.00009023
2022-04-23T08:00:00.000Z,-0.00007562
2022-04-23T16:00:00.012Z,-0.00011883
2022-04-24T00:00:00.004Z,-0.00018273
2022-04-24T08:00:00.003Z,-0.00015276
2022-04-24T16:00:00.000Z,-0.00003654
2022-04-25T00:00:00.008Z,-0.00008908
2022-04-25T08:00:00.018Z,-0.00007844
2022-04-25T16:00:00.000Z,0.00007223
2022-04-26T00:00:00.014Z,0.0001
2022-04-26T08:00:00.000Z,0.0001
2022-04-26T16:00:00.017Z,0.0001
2022-04-27T00:00:00.012Z,-0.0001264
2022-04-27T08:00:00.000Z,-0.00011034
2022-04-27T16:00:00.002Z,0.00001968
2022-04-28T00:00:00.000Z,-0.00005716
2022-04-28T08:00:00.004Z,-0.00005544
2022-04-28T16:00:00.030Z,0.0001
2022-04-29T00:00:00.000Z,0.0001
2022-04-29T08:00:00.016Z,0.0001
2022-04-29T16:00:00.010Z,0.00002628
2022-04-30T00:00:00.000Z,-0.00009371
2022-04-30T08:00:00.005Z,0.00004536
2022-04-30T16:00:00.015Z,0.00005926
2022-05-01T00:00:00.000Z,0.00002403
2022-05-01T08:00:00.000Z,9.5e-7
2022-05-01T16:00:00.010Z,0.0001
2022-05-02T00:00:00.018Z,0.0001
2022-05-02T08:00:00.007Z,0.00009
2022-05-02T16:00:00.000Z,0.0001
2022-05-03T00:00:00.006Z,0.0001
2022-05-03T08:00:00.000Z,0.0001
2022-05-03T16:00:00.021Z,0.0001
2022-05-04T00:00:00.007Z,0.0001
2022-05-04T08:00:00.011Z,0.00002504
2022-05-04T16:00:00.000Z,0.0001
2022-05-05T00:00:00.005Z,0.0001
2022-05-05T08:00:00.019Z,0.0001
2022-05-05T16:00:00.005Z,0.0001
2022-05-06T00:00:00.005Z,-0.0001346
2022-05-06T08:00:00.001Z,-0.00005734
2022-05-06T16:00:00.010Z,0.00004197
2022-05-07T00:00:00.004Z,-0.00005273
2022-05-07T08:00:00.016Z,0.00005998
2022-05-07T16:00:00.011Z,0.00000713
2022-05-08T00:00:00.000Z,-0.00002659
2022-05-08T08:00:00.007Z,0.0001
2022-05-08T16:00:00.015Z,0.0001
2022-05-09T00:00:00.000Z,0.0001
2022-05-09T08:00:00.001Z,0.0001
2022-05-09T16:00:00.000Z,0.0001
2022-05-10T00:00:00.000Z,0.0001
2022-05-10T08:00:00.007Z,0.0001
2022-05-10T16:00:00.008Z,0.0001
2022-05-11T00:00:00.004Z,0.0000758
2022-05-11T08:00:00.007Z,0.00006939
2022-05-11T16:00:00.008Z,-0.00003512
2022-05-12T00:00:00.014Z,-0.00018773
2022-05-12T08:00:00.000Z,-0.00041995
2022-05-12T16:00:00.007Z,-0.00014678
2022-05-13T00:00:00.014Z,-0.00007127
2022-05-13T08:00:00.001Z,-0.00000605
2022-05-13T16:00:00.000Z,0.00006045
2022-05-14T00:00:00.000Z,0.0001
2022-05-14T08:00:00.000Z,0.0001
2022-05-14T16:00:00.001Z,0.0001
2022-05-15T00:00:00.000Z,0.0000829
2022-05-15T08:00:00.000Z,0.0001
2022-05-15T16:00:00.000Z,0.00009053
2022-05-16T00:00:00.021Z,0.0001
2022-05-16T08:00:00.013Z,0.00008883
2022-05-16T16:00:00.006Z,0.0000494
2022-05-17T00:00:00.000Z,0.0001
2022-05-17T08:00:00.010Z,-0.0000071
2022-05-17T16:00:00.023Z,0.00004705
2022-05-18T00:00:00.003Z,-0.00006956
2022-05-18T08:00:00.024Z,-0.00005753
2022-05-18T16:00:00.014Z,0.00002893
2022-05-19T00:00:00.000Z,-0.00000341
2022-05-19T08:00:00.008Z,0.00005624
2022-05-19T16:00:00.015Z,0.00007465
2022-05-20T00:00:00.001Z,0.0001
2022-05-20T08:00:00.003Z,0.0001
2022-05-20T16:00:00.012Z,0.0001
2022-05-21T00:00:00.008Z,-0.00000202
2022-05-21T08:00:00.001Z,-0.00002146
2022-05-21T16:00:00.007Z,0.00002549
2022-05-22T00:00:00.003Z,0.0000241
2022-05-22T08:00:00.016Z,-0.00003063
2022-05-22T16:00:00.000Z,0.0001
2022-05-23T00:00:00.011Z,0.0001
2022-05-23T08:00:00.000Z,0.0001
2022-05-23T16:00:00.023Z,0.0001
2022-05-24T00:00:00.011Z,-0.00012372
2022-05-24T08:00:00.000Z,-0.00000676
2022-05-24T16:00:00.009Z,0.00002892
2022-05-25T00:00:00.001Z,0.00003679
2022-05-25T08:00:00.000Z,0.0001
2022-05-25T16:00:00.015Z,0.0001
2022-05-26T00:00:00.005Z,0.00007516
2022-05-26T08:00:00.001Z,0.0001
2022-05-26T16:00:00.000Z,0.00000721
2022-05-27T00:00:00.007Z,0.0001
2022-05-27T08:00:00.008Z,0.0001
2022-05-27T16:00:00.000Z,0.0001
2022-05-28T00:00:00.018Z,0.0001
2022-05-28T08:00:00.016Z,0.00008712
2022-05-28T16:00:00.013Z,0.0001
2022-05-29T00:00:00.000Z,0.0001
2022-05-29T08:00:00.025Z,0.0001
2022-05-29T16:00:00.002Z,0.0001
2022-05-30T00:00:00.000Z,0.0001
2022-05-30T08:00:00.013Z,0.0001
2022-05-30T16:00:00.005Z,0.0001
2022-05-31T00:00:00.016Z,0.0001
2022-05-31T08:00:00.000Z,0.0001
2022-05-31T16:00:00.000Z,0.0001
2022-06-01T00:00:00.000Z,0.0001
2022-06-01T08:00:00.011Z,0.0001
2022-06-01T16:00:00.000Z,0.0001
2022-06-02T00:00:00.000Z,-0.00001452
2022-06-02T08:00:00.006Z,0.00002265
2022-06-02T16:00:00.021Z,0.00002107
2022-06-03T00:00:00.016Z,-0.00003378
2022-06-03T08:00:00.016Z,-0.00001456
2022-06-03T16:00:00.012Z,0.00006937
2022-06-04T00:00:00.005Z,0.0000027
2022-06-04T08:00:00.000Z,0.00004795
2022-06-04T16:00:00.007Z,0.00005506
2022-06-05T00:00:00.005Z,0.00004358
2022-06-05T08:00:00.015Z,0.00002828
2022-06-05T16:00:00.000Z,0.00004753
2022-06-06T00:00:00.000Z,0.00006036
2022-06-06T08:00:00.017Z,0.00009656
2022-06-06T16:00:00.000Z,0.0001
2022-06-07T00:00:00.000Z,0.0001
2022-06-07T08:00:00.011Z,-0.00010234
2022-06-07T16:00:00.000Z,-0.00003705
2022-06-08T00:00:00.008Z,0.0001
2022-06-08T08:00:00.020Z,0.0001
2022-06-08T16:00:00.012Z,0.0001
2022-06-09T00:00:00.000Z,0.0001
2022-06-09T08:00:00.000Z,0.00009106
2022-06-09T16:00:00.000Z,0.0001
2022-06-10T00:00:00.009Z,0.0001
2022-06-10T08:00:00.000Z,0.00009289
2022-06-10T16:00:00.006Z,0.00003503
2022-06-11T00:00:00.018Z,0.00001762
2022-06-11T08:00:00.014Z,0.00000379
2022-06-11T16:00:00.000Z,0.00006606
2022-06-12T00:00:00.015Z,0.0001
2022-06-12T08:00:00.019Z,0.00000563
2022-06-12T16:00:00.010Z,0.00000439
2022-06-13T00:00:00.009Z,0.00005616
2022-06-13T08:00:00.000Z,-0.00003182
2022-06-13T16:00:00.007Z,-0.0000058
2022-06-14T00:00:00.013Z,0.00004088
2022-06-14T08:00:00.008Z,-0.00010037
2022-06-14T16:00:00.006Z,-0.00005186
2022-06-15T00:00:00.000Z,-0.00002077
2022-06-15T08:00:00.016Z,-0.0000724
2022-06-15T16:00:00.008Z,-0.00000666
2022-06-16T00:00:00.009Z,-0.00004114
2022-06-16T08:00:00.016Z,0.00004475
2022-06-16T16:00:00.000Z,-0.00005277
2022-06-17T00:00:00.008Z,-0.00002222
2022-06-17T08:00:00.003Z,-0.00009486
2022-06-17T16:00:00.000Z,0.00005092
2022-06-18T00:00:00.020Z,0.00007356
2022-06-18T08:00:00.025Z,0.00004575
2022-06-18T16:00:00.014Z,0.00005227
2022-06-19T00:00:00.012Z,0.00004243
2022-06-19T08:00:00.012Z,-0.00004559
2022-06-19T16:00:00.008Z,0.00007239
2022-06-20T00:00:00.016Z,0.00000873
2022-06-20T08:00:00.000Z,-0.0000054
2022-06-20T16:00:00.013Z,0.0000608
2022-06-21T00:00:00.012Z,0.0001
2022-06-21T08:00:00.018Z,0.00004967
2022-06-21T16:00:00.010Z,0.00002028
2022-06-22T00:00:00.000Z,0.00000178
2022-06-22T08:00:00.001Z,-0.00002982
2022-06-22T16:00:00.012Z,-0.0000164
2022-06-23T00:00:00.000Z,-0.00000872
2022-06-23T08:00:00.000Z,-0.00001577
2022-06-23T16:00:00.016Z,-0.00002656
2022-06-24T00:00:00.005Z,0.00006006
2022-06-24T08:00:00.004Z,0.0001
2022-06-24T16:00:00.018Z,0.0001
2022-06-25T00:00:00.001Z,0.00002621
2022-06-25T08:00:00.010Z,0.0001
2022-06-25T16:00:00.000Z,0.0001
2022-06-26T00:00:00.002Z,0.0001
2022-06-26T08:00:00.016Z,0.0001
2022-06-26T16:00:00.006Z,0.00000669
2022-06-27T00:00:00.008Z,0.0000782
2022-06-27T08:00:00.000Z,0.00003533
2022-06-27T16:00:00.016Z,0.00006102
2022-06-28T00:00:00.016Z,-0.00002586
2022-06-28T08:00:00.001Z,-0.00005613
2022-06-28T16:00:00.005Z,0.00002435
2022-06-29T00:00:00.000Z,0.00004188
2022-06-29T08:00:00.013Z,0.00008335
2022-06-29T16:00:00.000Z,0.00005319
2022-06-30T00:00:00.000Z,0.00000324
2022-06-30T08:00:00.000Z,-0.00005159
2022-06-30T16:00:00.000Z,-0.00015879
2022-07-01T00:00:00.001Z,-0.00008786
2022-07-01T08:00:00.017Z,0.00003106
2022-07-01T16:00:00.005Z,-0.00008061
2022-07-02T00:00:00.000Z,-0.00002913
2022-07-02T08:00:00.000Z,0.00005218
2022-07-02T16:00:00.008Z,0.0000212
2022-07-03T00:00:00.015Z,0.0000357
2022-07-03T08:00:00.004Z,0.00004779
2022-07-03T16:00:00.005Z,0.00007251
2022-07-04T00:00:00.021Z,0.00007792
2022-07-04T08:00:00.001Z,0.0000463
2022-07-04T16:00:00.000Z,0.00002248
2022-07-05T00:00:00.000Z,0.00005291
2022-07-05T08:00:00.000Z,0.0001
2022-07-05T16:00:00.015Z,0.0000012
2022-07-06T00:00:00.006Z,0.0001
2022-07-06T08:00:00.000Z,0.0001
2022-07-06T16:00:00.000Z,0.00008373
2022-07-07T00:00:00.010Z,0.00005274
2022-07-07T08:00:00.010Z,0.0001
2022-07-07T16:00:00.011Z,0.0001
2022-07-08T00:00:00.008Z,0.00000212
2022-07-08T08:00:00.009Z,0.0001
2022-07-08T16:00:00.000Z,0.0001
2022-07-09T00:00:00.000Z,0.0001
2022-07-09T08:00:00.000Z,0.0001
2022-07-09T16:00:00.009Z,0.00006143
2022-07-10T00:00:00.001Z,0.00009962
2022-07-10T08:00:00.002Z,0.0001
2022-07-10T16:00:00.001Z,0.0001
2022-07-11T00:00:00.000Z,0.00004543
2022-07-11T08:00:00.003Z,0.00007236
2022-07-11T16:00:00.001Z,0.000085
2022-07-12T00:00:00.000Z,0.00008003
2022-07-12T08:00:00.021Z,0.00006433
2022-07-12T16:00:00.000Z,0.00002667
2022-07-13T00:00:00.012Z,-0.00001204
2022-07-13T08:00:00.022Z,0.00000617
2022-07-13T16:00:00.005Z,-0.00001218
2022-07-14T00:00:00.017Z,5.7e-7
2022-07-14T08:00:00.001Z,0.0001
2022-07-14T16:00:00.000Z,0.00003451
2022-07-15T00:00:00.004Z,0.00009257
2022-07-15T08:00:00.019Z,0.00001401
2022-07-15T16:00:00.017Z,0.00001601
2022-07-16T00:00:00.021Z,0.00006055
2022-07-16T08:00:00.014Z,0.00007996
2022-07-16T16:00:00.005Z,0.000008
2022-07-17T00:00:00.000Z,0.00008038
2022-07-17T08:00:00.003Z,0.0001
2022-07-17T16:00:00.007Z,0.00008709
2022-07-18T00:00:00.001Z,0.0001
2022-07-18T08:00:00.004Z,0.0001
2022-07-18T16:00:00.019Z,0.0001
2022-07-19T00:00:00.000Z,0.0001
2022-07-19T08:00:00.000Z,0.0001
2022-07-19T16:00:00.001Z,0.0001
2022-07-20T00:00:00.004Z,0.0001
2022-07-20T08:00:00.000Z,0.0001
2022-07-20T16:00:00.003Z,0.00008118
2022-07-21T00:00:00.000Z,0.0001
2022-07-21T08:00:00.018Z,0.0001
2022-07-21T16:00:00.011Z,0.0001
2022-07-22T00:00:00.014Z,0.0001
2022-07-22T08:00:00.000Z,0.0001
2022-07-22T16:00:00.000Z,0.00005172
2022-07-23T00:00:00.004Z,0.00009043
2022-07-23T08:00:00.002Z,0.00001021
2022-07-23T16:00:00.001Z,0.0001
2022-07-24T00:00:00.000Z,0.0000377
2022-07-24T08:00:00.011Z,0.0001
2022-07-24T16:00:00.000Z,0.00008293
2022-07-25T00:00:00.000Z,0.0001
2022-07-25T08:00:00.014Z,0.00001238
2022-07-25T16:00:00.006Z,0.00002319
2022-07-26T00:00:00.010Z,0.0001
2022-07-26T08:00:00.000Z,0.00003654
2022-07-26T16:00:00.000Z,0.00008659
2022-07-27T00:00:00.008Z,0.00004591
2022-07-27T08:00:00.000Z,0.00005085
2022-07-27T16:00:00.003Z,0.00002951
2022-07-28T00:00:00.009Z,0.00009229
2022-07-28T08:00:00.008Z,0.0001
2022-07-28T16:00:00.013Z,0.0001
2022-07-29T00:00:00.000Z,0.0001
2022-07-29T08:00:00.000Z,0.0001
2022-07-29T16:00:00.000Z,0.0001
2022-07-30T00:00:00.005Z,0.0001
2022-07-30T08:00:00.009Z,0.0001
2022-07-30T16:00:00.000Z,0.0001
2022-07-31T00:00:00.022Z,0.0001
2022-07-31T08:00:00.011Z,0.0001
2022-07-31T16:00:00.019Z,0.00006281
2022-08-01T00:00:00.010Z,0.0001
2022-08-01T08:00:00.019Z,0.0001
2022-08-01T16:00:00.017Z,0.00006449
2022-08-02T00:00:00.000Z,0.0001
2022-08-02T08:00:00.007Z,0.00009733
2022-08-02T16:00:00.014Z,0.00005885
2022-08-03T00:00:00.001Z,0.00000328
2022-08-03T08:00:00.020Z,-0.0000396
2022-08-03T16:00:00.008Z,0.00004382
2022-08-04T00:00:00.001Z,-0.00000191
2022-08-04T08:00:00.009Z,0.00001778
2022-08-04T16:00:00.015Z,0.00001436
2022-08-05T00:00:00.005Z,0.00001692
2022-08-05T08:00:00.000Z,0.00006774
2022-08-05T16:00:00.000Z,0.00002115
2022-08-06T00:00:00.021Z,0.00006888
2022-08-06T08:00:00.000Z,0.00008589
2022-08-06T16:00:00.015Z,0.0001
2022-08-07T00:00:00.013Z,0.0001
2022-08-07T08:00:00.000Z,-0.00000737
2022-08-07T16:00:00.014Z,0.00002401
2022-08-08T00:00:00.009Z,0.0001
2022-08-08T08:00:00.006Z,0.0000279
2022-08-08T16:00:00.000Z,0.0001
2022-08-09T00:00:00.020Z,0.0001
2022-08-09T08:00:00.000Z,0.0000792
2022-08-09T16:00:00.000Z,0.0001
2022-08-10T00:00:00.000Z,-0.00001314
2022-08-10T08:00:00.016Z,0.00000581
2022-08-10T16:00:00.018Z,0.0000944
2022-08-11T00:00:00.012Z,0.00007206
2022-08-11T08:00:00.000Z,0.0001
2022-08-11T16:00:00.000Z,0.00004911
2022-08-12T00:00:00.006Z,0.00009024
2022-08-12T08:00:00.000Z,0.00001412
2022-08-12T16:00:00.005Z,-0.00003384
2022-08-13T00:00:00.012Z,-0.00003559
2022-08-13T08:00:00.006Z,0.00008455
2022-08-13T16:00:00.018Z,0.00002154
2022-08-14T00:00:00.000Z,0.00002396
2022-08-14T08:00:00.000Z,-0.00000333
2022-08-14T16:00:00.000Z,0.00001239
2022-08-15T00:00:00.010Z,-0.00003766
2022-08-15T08:00:00.002Z,0.00001077
2022-08-15T16:00:00.010Z,-0.00001339
2022-08-16T00:00:00.010Z,0.00003243
2022-08-16T08:00:00.002Z,0.00000156
2022-08-16T16:00:00.000Z,0.0000287
2022-08-17T00:00:00.020Z,0.00000466
2022-08-17T08:00:00.016Z,0.00000262
2022-08-17T16:00:00.001Z,0.00009364
2022-08-18T00:00:00.005Z,0.00008391
2022-08-18T08:00:00.012Z,0.0001
2022-08-18T16:00:00.013Z,0.00007171
2022-08-19T00:00:00.000Z,0.0001
2022-08-19T08:00:00.000Z,0.00002108
2022-08-19T16:00:00.009Z,-0.00006746
2022-08-20T00:00:00.000Z,0.0000107
2022-08-20T08:00:00.005Z,-0.00006722
2022-08-20T16:00:00.000Z,-0.00004567
2022-08-21T00:00:00.010Z,-0.00001957
2022-08-21T08:00:00.013Z,-0.00003589
2022-08-21T16:00:00.000Z,-0.00003234
2022-08-22T00:00:00.011Z,-0.00008092
2022-08-22T08:00:00.005Z,-0.00003215
2022-08-22T16:00:00.005Z,0.00004021
2022-08-23T00:00:00.000Z,-0.00003345
2022-08-23T08:00:00.021Z,-0.00004031
2022-08-23T16:00:00.005Z,0.00000846
2022-08-24T00:00:00.017Z,0.00002509
2022-08-24T08:00:00.021Z,-0.00004353
2022-08-24T16:00:00.000Z,-0.00003538
2022-08-25T00:00:00.003Z,0.00000128
2022-08-25T08:00:00.000Z,0.00001547
2022-08-25T16:00:00.004Z,0.00004481
2022-08-26T00:00:00.001Z,-0.00001707
2022-08-26T08:00:00.004Z,0.00003207
2022-08-26T16:00:00.000Z,0.00002599
2022-08-27T00:00:00.010Z,-0.00002808
2022-08-27T08:00:00.007Z,-0.0000629
2022-08-27T16:00:00.008Z,-0.00004396
2022-08-28T00:00:00.019Z,-0.00001396
2022-08-28T08:00:00.000Z,-0.00008758
2022-08-28T16:00:00.000Z,-0.00002443
2022-08-29T00:00:00.000Z,-0.00013623
2022-08-29T08:00:00.000Z,-0.00010056
2022-08-29T16:00:00.001Z,-0.00006193
2022-08-30T00:00:00.001Z,0.00001123
2022-08-30T08:00:00.005Z,-0.00003356
2022-08-30T16:00:00.010Z,-0.00005903
2022-08-31T00:00:00.000Z,-0.00002089
2022-08-31T08:00:00.005Z,0.00005779
2022-08-31T16:00:00.013Z,0.0000495
2022-09-01T00:00:00.012Z,0.0000939
2022-09-01T08:00:00.000Z,0.00002266
2022-09-01T16:00:00.013Z,0.0000363
2022-09-02T00:00:00.002Z,0.00002498
2022-09-02T08:00:00.013Z,0.00004905
2022-09-02T16:00:00.000Z,0.00004443
2022-09-03T00:00:00.000Z,-0.00000199
2022-09-03T08:00:00.002Z,0.00009442
2022-09-03T16:00:00.007Z,0.00001115
2022-09-04T00:00:00.008Z,0.00000588
2022-09-04T08:00:00.009Z,0.00005463
2022-09-04T16:00:00.000Z,0.00002119
2022-09-05T00:00:00.015Z,0.00008292
2022-09-05T08:00:00.013Z,-0.00000737
2022-09-05T16:00:00.007Z,0.00004712
2022-09-06T00:00:00.018Z,-0.00000245
2022-09-06T08:00:00.020Z,0.00000343
2022-09-06T16:00:00.028Z,0.00003473
2022-09-07T00:00:00.013Z,-0.00008601
2022-09-07T08:00:00.022Z,0.00002729
2022-09-07T16:00:00.021Z,-0.0000348
2022-09-08T00:00:00.010Z,0.0000062
2022-09-08T08:00:00.000Z,0.00003327
2022-09-08T16:00:00.003Z,0.00005667
2022-09-09T00:00:00.011Z,0.00001312
2022-09-09T08:00:00.000Z,0.0001
2022-09-09T16:00:00.000Z,0.0001
2022-09-10T00:00:00.003Z,0.0001
2022-09-10T08:00:00.000Z,0.00009764
2022-09-10T16:00:00.012Z,0.0001
2022-09-11T00:00:00.009Z,0.00007115
2022-09-11T08:00:00.012Z,0.0001
2022-09-11T16:00:00.005Z,0.00006712
2022-09-12T00:00:00.007Z,0.0001
2022-09-12T08:00:00.013Z,0.00008246
2022-09-12T16:00:00.000Z,0.0001
2022-09-13T00:00:00.004Z,0.00009965
2022-09-13T08:00:00.000Z,0.0001
2022-09-13T16:00:00.000Z,0.0001
2022-09-14T00:00:00.000Z,-0.00003953
2022-09-14T08:00:00.000Z,0.00000727
2022-09-14T16:00:00.000Z,0.00001004
2022-09-15T00:00:00.019Z,0.00000324
2022-09-15T08:00:00.012Z,0.0001
2022-09-15T16:00:00.007Z,0.00000813
2022-09-16T00:00:00.000Z,0.00008055
2022-09-16T08:00:00.000Z,0.00004349
2022-09-16T16:00:00.000Z,0.00002919
2022-09-17T00:00:00.000Z,0.00003024
2022-09-17T08:00:00.012Z,0.00004336
2022-09-17T16:00:00.017Z,0.00001467
2022-09-18T00:00:00.000Z,0.00006428
2022-09-18T08:00:00.004Z,0.0000782
2022-09-18T16:00:00.000Z,0.00003564
2022-09-19T00:00:00.018Z,0.00003581
2022-09-19T08:00:00.006Z,-0.00009289
2022-09-19T16:00:00.010Z,0.000006
2022-09-20T00:00:00.007Z,0.00007813
2022-09-20T08:00:00.001Z,0.00005855
2022-09-20T16:00:00.000Z,0.00001721
2022-09-21T00:00:00.001Z,0.00005185
2022-09-21T08:00:00.005Z,0.00001478
2022-09-21T16:00:00.000Z,0.00002732
2022-09-22T00:00:00.000Z,-0.00011779
2022-09-22T08:00:00.000Z,-0.00006911
2022-09-22T16:00:00.011Z,0.00007743
2022-09-23T00:00:00.023Z,0.00007261
2022-09-23T08:00:00.004Z,0.00002959
2022-09-23T16:00:00.005Z,-0.00005008
2022-09-24T00:00:00.000Z,0.00002947
2022-09-24T08:00:00.005Z,0.00001676
2022-09-24T16:00:00.000Z,0.00005345
2022-09-25T00:00:00.010Z,0.00000999
2022-09-25T08:00:00.000Z,0.00003653
2022-09-25T16:00:00.003Z,0.00002593
2022-09-26T00:00:00.001Z,-0.0000066
2022-09-26T08:00:00.006Z,0.00003696
2022-09-26T16:00:00.000Z,0.00004497
2022-09-27T00:00:00.026Z,0.00002244
2022-09-27T08:00:00.004Z,0.0001
2022-09-27T16:00:00.006Z,0.00008538
2022-09-28T00:00:00.011Z,0.00001141
2022-09-28T08:00:00.000Z,-0.00001071
2022-09-28T16:00:00.000Z,0.00005332
2022-09-29T00:00:00.010Z,0.00005681
2022-09-29T08:00:00.000Z,0.00007641
2022-09-29T16:00:00.000Z,0.00006685
2022-09-30T00:00:00.006Z,0.0001
2022-09-30T08:00:00.002Z,0.0001
2022-09-30T16:00:00.007Z,0.0001
2022-10-01T00:00:00.008Z,0.00003198
2022-10-01T08:00:00.011Z,0.0001
2022-10-01T16:00:00.000Z,0.00007005
2022-10-02T00:00:00.000Z,0.00004262
2022-10-02T08:00:00.000Z,0.00005816
2022-10-02T16:00:00.006Z,0.00005384
2022-10-03T00:00:00.000Z,0.00003996
2022-10-03T08:00:00.014Z,0.00008316
2022-10-03T16:00:00.010Z,0.0001
2022-10-04T00:00:00.006Z,0.0001
2022-10-04T08:00:00.004Z,0.0001
2022-10-04T16:00:00.013Z,0.0001
2022-10-05T00:00:00.000Z,0.0001
2022-10-05T08:00:00.000Z,0.0001
2022-10-05T16:00:00.012Z,0.0001
2022-10-06T00:00:00.008Z,0.0001
2022-10-06T08:00:00.002Z,0.0001
2022-10-06T16:00:00.006Z,0.0001
2022-10-07T00:00:00.000Z,0.0001
2022-10-07T08:00:00.000Z,0.0001
2022-10-07T16:00:00.007Z,0.00007513
2022-10-08T00:00:00.010Z,0.0000385
2022-10-08T08:00:00.004Z,0.00007345
2022-10-08T16:00:00.018Z,0.00004149
2022-10-09T00:00:00.000Z,0.00003246
2022-10-09T08:00:00.007Z,0.00001776
2022-10-09T16:00:00.011Z,0.00001951
2022-10-10T00:00:00.018Z,0.00006241
2022-10-10T08:00:00.000Z,0.00006069
2022-10-10T16:00:00.026Z,0.0001
2022-10-11T00:00:00.020Z,0.0001
2022-10-11T08:00:00.027Z,0.0001
2022-10-11T16:00:00.000Z,0.0001
2022-10-12T00:00:00.014Z,0.0001
2022-10-12T08:00:00.000Z,0.0001
2022-10-12T16:00:00.000Z,0.0001
2022-10-13T00:00:00.013Z,0.00007466
2022-10-13T08:00:00.016Z,0.0001
2022-10-13T16:00:00.009Z,0.00003936
2022-10-14T00:00:00.020Z,0.00003235
2022-10-14T08:00:00.000Z,0.0001
2022-10-14T16:00:00.009Z,0.00008395
2022-10-15T00:00:00.001Z,0.00004317
2022-10-15T08:00:00.005Z,0.00003772
2022-10-15T16:00:00.004Z,0.00004563
2022-10-16T00:00:00.012Z,0.00002735
2022-10-16T08:00:00.000Z,0.00000461
2022-10-16T16:00:00.010Z,0.00003394
2022-10-17T00:00:00.012Z,0.00000331
2022-10-17T08:00:00.010Z,0.0000484
2022-10-17T16:00:00.017Z,0.00006458
2022-10-18T00:00:00.010Z,0.0001
2022-10-18T08:00:00.008Z,0.0001
2022-10-18T16:00:00.000Z,0.0001
2022-10-19T00:00:00.007Z,0.00007598
2022-10-19T08:00:00.022Z,0.0001
2022-10-19T16:00:00.016Z,0.0001
2022-10-20T00:00:00.000Z,0.0001
2022-10-20T08:00:00.013Z,0.00006021
2022-10-20T16:00:00.000Z,0.00002095
2022-10-21T00:00:00.005Z,0.00004708
2022-10-21T08:00:00.018Z,0.00004483
2022-10-21T16:00:00.000Z,-0.0000089
2022-10-22T00:00:00.000Z,0.00003721
2022-10-22T08:00:00.015Z,0.0000836
2022-10-22T16:00:00.000Z,-0.00000319
2022-10-23T00:00:00.025Z,0.00004152
2022-10-23T08:00:00.000Z,0.00001171
2022-10-23T16:00:00.004Z,0.00005174
2022-10-24T00:00:00.009Z,0.0001
2022-10-24T08:00:00.012Z,0.0001
2022-10-24T16:00:00.002Z,0.00002328
2022-10-25T00:00:00.013Z,0.00004327
2022-10-25T08:00:00.013Z,0.00009019
2022-10-25T16:00:00.000Z,-0.00000166
2022-10-26T00:00:00.006Z,0.00002243
2022-10-26T08:00:00.013Z,0.00005665
2022-10-26T16:00:00.000Z,0.00006122
2022-10-27T00:00:00.009Z,1.3e-7
2022-10-27T08:00:00.006Z,-0.00002276
2022-10-27T16:00:00.009Z,0.00001376
2022-10-28T00:00:00.000Z,-0.00001228
2022-10-28T08:00:00.000Z,0.00003541
2022-10-28T16:00:00.007Z,-0.00002629
2022-10-29T00:00:00.000Z,0.00002484
2022-10-29T08:00:00.003Z,0.00004755
2022-10-29T16:00:00.010Z,0.00004205
2022-10-30T00:00:00.000Z,-0.00002515
2022-10-30T08:00:00.013Z,0.00003212
2022-10-30T16:00:00.009Z,0.00005135
2022-10-31T00:00:00.012Z,0.00001504
2022-10-31T08:00:00.000Z,0.00003842
2022-10-31T16:00:00.010Z,-0.00000434
2022-11-01T00:00:00.000Z,0.00000722
2022-11-01T08:00:00.000Z,-0.00001088
2022-11-01T16:00:00.000Z,0.00001302
2022-11-02T00:00:00.000Z,0.00004787
2022-11-02T08:00:00.000Z,0.00001203
2022-11-02T16:00:00.019Z,0.00006046
2022-11-03T00:00:00.011Z,0.0000268
2022-11-03T08:00:00.016Z,0.0000044
2022-11-03T16:00:00.005Z,0.0000694
2022-11-04T00:00:00.000Z,0.00004429
2022-11-04T08:00:00.004Z,0.00001148
2022-11-04T16:00:00.020Z,0.00006899
2022-11-05T00:00:00.009Z,0.00004409
2022-11-05T08:00:00.007Z,0.00004541
2022-11-05T16:00:00.018Z,0.0001
2022-11-06T00:00:00.009Z,0.00006491
2022-11-06T08:00:00.000Z,0.00009732
2022-11-06T16:00:00.010Z,0.00006866
2022-11-07T00:00:00.012Z,0.00007813
2022-11-07T08:00:00.014Z,0.0001
2022-11-07T16:00:00.006Z,0.0001
2022-11-08T00:00:00.000Z,0.00006515
2022-11-08T08:00:00.001Z,-0.00000788
2022-11-08T16:00:00.005Z,0.00009446
2022-11-09T00:00:00.000Z,-0.00013884
2022-11-09T08:00:00.013Z,0.00007305
2022-11-09T16:00:00.004Z,-0.00032976
2022-11-10T00:00:00.006Z,-0.00119172
2022-11-10T08:00:00.000Z,-0.00111953
2022-11-10T16:00:00.015Z,-0.00023833
2022-11-11T00:00:00.000Z,-0.00019452
2022-11-11T08:00:00.015Z,-0.00007277
2022-11-11T16:00:00.027Z,-0.00005802
2022-11-12T00:00:00.007Z,0.000053
2022-11-12T08:00:00.016Z,-0.00002406
2022-11-12T16:00:00.000Z,0.00006521
2022-11-13T00:00:00.004Z,0.00000333
2022-11-13T08:00:00.000Z,-0.00007357
2022-11-13T16:00:00.017Z,0.00002816
2022-11-14T00:00:00.000Z,-0.00003809
2022-11-14T08:00:00.000Z,-0.00007645
2022-11-14T16:00:00.000Z,-0.00001132
2022-11-15T00:00:00.014Z,-0.00010925
2022-11-15T08:00:00.009Z,-0.00017664
2022-11-15T16:00:00.010Z,0.00002275
2022-11-16T00:00:00.011Z,-0.00013216
2022-11-16T08:00:00.004Z,0.00001121
2022-11-16T16:00:00.008Z,-0.00006617
2022-11-17T00:00:00.000Z,-0.00004542
2022-11-17T08:00:00.000Z,-0.00005138
2022-11-17T16:00:00.006Z,-0.00002701
2022-11-18T00:00:00.004Z,-0.00002836
2022-11-18T08:00:00.016Z,0.00002398
2022-11-18T16:00:00.000Z,0.00000955
2022-11-19T00:00:00.000Z,0.00005556
2022-11-19T08:00:00.004Z,0.00007897
2022-11-19T16:00:00.024Z,-0.00001169
2022-11-20T00:00:00.015Z,-0.00000779
2022-11-20T08:00:00.004Z,0.00003552
2022-11-20T16:00:00.000Z,-0.00000979
2022-11-21T00:00:00.006Z,0.00007898
2022-11-21T08:00:00.015Z,-0.00001218
2022-11-21T16:00:00.000Z,0.00002302
2022-11-22T00:00:00.000Z,-0.00007485
2022-11-22T08:00:00.000Z,0.00002033
2022-11-22T16:00:00.000Z,0.00007881
2022-11-23T00:00:00.000Z,0.00009406
2022-11-23T08:00:00.011Z,0.0001
2022-11-23T16:00:00.014Z,-0.0000039
2022-11-24T00:00:00.007Z,0.0000542
2022-11-24T08:00:00.014Z,0.00002012
2022-11-24T16:00:00.013Z,0.00006272
2022-11-25T00:00:00.004Z,0.00002058
2022-11-25T08:00:00.015Z,0.00000461
2022-11-25T16:00:00.000Z,0.00001329
2022-11-26T00:00:00.011Z,0.00003859
2022-11-26T08:00:00.000Z,-0.00002455
2022-11-26T16:00:00.000Z,0.00003523
2022-11-27T00:00:00.012Z,0.00001063
2022-11-27T08:00:00.000Z,-0.00003066
2022-11-27T16:00:00.003Z,0.00003784
2022-11-28T00:00:00.015Z,0.00002303
2022-11-28T08:00:00.004Z,0.00000536
2022-11-28T16:00:00.011Z,2.1e-7
2022-11-29T00:00:00.000Z,0.0000476
2022-11-29T08:00:00.015Z,-0.00000385
2022-11-29T16:00:00.000Z,0.00004171
2022-11-30T00:00:00.007Z,0.00003404
2022-11-30T08:00:00.000Z,0.00004038
2022-11-30T16:00:00.015Z,0.00009511
2022-12-01T00:00:00.001Z,0.00001029
2022-12-01T08:00:00.006Z,-0.00005001
2022-12-01T16:00:00.000Z,0.0001
2022-12-02T00:00:00.001Z,0.00008203
2022-12-02T08:00:00.016Z,0.00002825
2022-12-02T16:00:00.017Z,-0.00003753
2022-12-03T00:00:00.006Z,0.00003302
2022-12-03T08:00:00.000Z,0.00005123
2022-12-03T16:00:00.011Z,0.0001
2022-12-04T00:00:00.006Z,0.00006174
2022-12-04T08:00:00.000Z,0.00006437
2022-12-04T16:00:00.006Z,0.00004581
2022-12-05T00:00:00.002Z,5.4e-7
2022-12-05T08:00:00.011Z,-0.00004218
2022-12-05T16:00:00.008Z,0.00004603
2022-12-06T00:00:00.014Z,0.00002206
2022-12-06T08:00:00.027Z,0.00004118
2022-12-06T16:00:00.009Z,0.00002305
2022-12-07T00:00:00.000Z,0.00007887
2022-12-07T08:00:00.000Z,0.00000658
2022-12-07T16:00:00.000Z,-0.00001492
2022-12-08T00:00:00.006Z,0.00001183
2022-12-08T08:00:00.000Z,0.00002152
2022-12-08T16:00:00.014Z,0.00000167
2022-12-09T00:00:00.017Z,0.00001178
2022-12-09T08:00:00.005Z,0.00004007
2022-12-09T16:00:00.000Z,0.00003198
2022-12-10T00:00:00.009Z,-0.00001669
2022-12-10T08:00:00.010Z,-0.00000687
2022-12-10T16:00:00.001Z,0.00001711
2022-12-11T00:00:00.011Z,0.00000929
2022-12-11T08:00:00.007Z,0.00000873
2022-12-11T16:00:00.011Z,0.00000692
2022-12-12T00:00:00.000Z,0.00002406
2022-12-12T08:00:00.004Z,0.00002638
2022-12-12T16:00:00.000Z,-0.0000167
2022-12-13T00:00:00.000Z,0.00003003
2022-12-13T08:00:00.018Z,0.00001971
2022-12-13T16:00:00.011Z,0.0001
2022-12-14T00:00:00.010Z,0.0001
2022-12-14T08:00:00.015Z,0.0001
2022-12-14T16:00:00.004Z,0.0001
2022-12-15T00:00:00.000Z,0.0001
2022-12-15T08:00:00.023Z,0.0001
2022-12-15T16:00:00.010Z,0.0000518
2022-12-16T00:00:00.016Z,0.00004842
2022-12-16T08:00:00.011Z,0.00005706
2022-12-16T16:00:00.001Z,-0.00001987
2022-12-17T00:00:00.001Z,0.00002013
2022-12-17T08:00:00.011Z,0.0000781
2022-12-17T16:00:00.011Z,0.00009707
2022-12-18T00:00:00.008Z,0.00006274
2022-12-18T08:00:00.001Z,0.00006828
2022-12-18T16:00:00.012Z,-0.00000647
2022-12-19T00:00:00.000Z,0.00006468
2022-12-19T08:00:00.000Z,0.00003493
2022-12-19T16:00:00.000Z,0.00004496
2022-12-20T00:00:00.005Z,0.00005611
2022-12-20T08:00:00.016Z,-1.2e-7
2022-12-20T16:00:00.000Z,0.00003401
2022-12-21T00:00:00.007Z,0.00003778
2022-12-21T08:00:00.012Z,0.00007742
2022-12-21T16:00:00.017Z,0.00007582
2022-12-22T00:00:00.004Z,0.00002918
2022-12-22T08:00:00.000Z,0.00008167
2022-12-22T16:00:00.001Z,0.00007198
2022-12-23T00:00:00.018Z,0.0001
2022-12-23T08:00:00.000Z,0.0001
2022-12-23T16:00:00.000Z,0.00008903
2022-12-24T00:00:00.001Z,0.0001
2022-12-24T08:00:00.007Z,0.00004748
2022-12-24T16:00:00.008Z,0.00006222
2022-12-25T00:00:00.000Z,0.00000521
2022-12-25T08:00:00.013Z,0.00001855
2022-12-25T16:00:00.000Z,0.0000306
2022-12-26T00:00:00.001Z,0.00003319
2022-12-26T08:00:00.000Z,-0.00005064
2022-12-26T16:00:00.005Z,0.00002871
2022-12-27T00:00:00.005Z,0.00008655
2022-12-27T08:00:00.010Z,0.00001102
2022-12-27T16:00:00.006Z,0.00001951
2022-12-28T00:00:00.010Z,0.00004252
2022-12-28T08:00:00.010Z,0.00009764
2022-12-28T16:00:00.010Z,0.00002111
2022-12-29T00:00:00.011Z,0.00009985
2022-12-29T08:00:00.000Z,0.00008532
2022-12-29T16:00:00.008Z,0.0001
2022-12-30T00:00:00.000Z,0.0001
2022-12-30T08:00:00.000Z,0.00007132
2022-12-30T16:00:00.000Z,0.0001
2022-12-31T00:00:00.014Z,0.0001
2022-12-31T08:00:00.000Z,0.0001
2022-12-31T16:00:00.000Z,0.0001
2023-01-01T00:00:00.000Z,0.0001
2023-01-01T08:00:00.008Z,0.0001
2023-01-01T16:00:00.000Z,0.00000691
2023-01-02T00:00:00.000Z,-0.00001488
2023-01-02T08:00:00.008Z,-0.00004356
2023-01-02T16:00:00.015Z,0.0000267
2023-01-03T00:00:00.003Z,0.0001
2023-01-03T08:00:00.018Z,0.00008977
2023-01-03T16:00:00.000Z,0.00003322
2023-01-04T00:00:00.000Z,0.00006489
2023-01-04T08:00:00.016Z,0.00003388
2023-01-04T16:00:00.011Z,0.00004931
2023-01-05T00:00:00.009Z,0.00005417
2023-01-05T08:00:00.011Z,0.00004436
2023-01-05T16:00:00.000Z,0.00007264
2023-01-06T00:00:00.005Z,0.00005587
2023-01-06T08:00:00.001Z,0.00006591
2023-01-06T16:00:00.000Z,0.00008658
2023-01-07T00:00:00.006Z,0.00002508
2023-01-07T08:00:00.017Z,0.00000671
2023-01-07T16:00:00.000Z,0.0001
2023-01-08T00:00:00.015Z,0.00005657
2023-01-08T08:00:00.000Z,0.0001
2023-01-08T16:00:00.010Z,0.00007452
2023-01-09T00:00:00.003Z,0.00005796
2023-01-09T08:00:00.000Z,-0.00000666
2023-01-09T16:00:00.006Z,0.00000905
2023-01-10T00:00:00.003Z,0.00002417
2023-01-10T08:00:00.021Z,0.00009685
2023-01-10T16:00:00.000Z,0.00003129
2023-01-11T00:00:00.011Z,0.00002761
2023-01-11T08:00:00.006Z,0.00002477
2023-01-11T16:00:00.004Z,-0.00000211
2023-01-12T00:00:00.000Z,0.00007549
2023-01-12T08:00:00.000Z,0.0001
2023-01-12T16:00:00.000Z,0.0001
2023-01-13T00:00:00.004Z,0.0001
2023-01-13T08:00:00.000Z,0.0001
2023-01-13T16:00:00.018Z,0.0000716
2023-01-14T00:00:00.000Z,0.00008746
2023-01-14T08:00:00.001Z,0.00045847
2023-01-14T16:00:00.000Z,0.0001
2023-01-15T00:00:00.010Z,0.00013712
2023-01-15T08:00:00.002Z,0.00012434
2023-01-15T16:00:00.000Z,0.00019892
2023-01-16T00:00:00.010Z,0.0001
2023-01-16T08:00:00.007Z,0.0001
2023-01-16T16:00:00.000Z,0.0001
2023-01-17T00:00:00.004Z,0.0001
2023-01-17T08:00:00.005Z,0.0001
2023-01-17T16:00:00.001Z,0.0001
2023-01-18T00:00:00.008Z,0.0001
2023-01-18T08:00:00.009Z,0.0001
2023-01-18T16:00:00.017Z,0.0001
2023-01-19T00:00:00.000Z,0.0001
2023-01-19T08:00:00.015Z,0.0001
2023-01-19T16:00:00.012Z,0.0001
2023-01-20T00:00:00.000Z,0.0001
2023-01-20T08:00:00.000Z,0.0001
2023-01-20T16:00:00.000Z,0.0001
2023-01-21T00:00:00.013Z,0.0001
2023-01-21T08:00:00.001Z,0.0001
2023-01-21T16:00:00.016Z,0.0001
2023-01-22T00:00:00.000Z,0.0001
2023-01-22T08:00:00.000Z,0.0001
2023-01-22T16:00:00.023Z,0.0001
2023-01-23T00:00:00.014Z,0.0001
2023-01-23T08:00:00.014Z,0.0001
2023-01-23T16:00:00.016Z,0.0001
2023-01-24T00:00:00.008Z,0.0001
2023-01-24T08:00:00.008Z,0.0001
2023-01-24T16:00:00.000Z,0.0001
2023-01-25T00:00:00.012Z,0.0001
2023-01-25T08:00:00.000Z,0.0001
2023-01-25T16:00:00.010Z,0.0001
2023-01-26T00:00:00.010Z,0.0001
2023-01-26T08:00:00.003Z,0.0001
2023-01-26T16:00:00.020Z,0.0001
2023-01-27T00:00:00.008Z,0.0001
2023-01-27T08:00:00.000Z,0.00009541
2023-01-27T16:00:00.000Z,0.0001
2023-01-28T00:00:00.009Z,0.0001
2023-01-28T08:00:00.018Z,0.0001
2023-01-28T16:00:00.005Z,0.0001
2023-01-29T00:00:00.011Z,0.0001
2023-01-29T08:00:00.000Z,0.0001
2023-01-29T16:00:00.008Z,0.0001
2023-01-30T00:00:00.001Z,0.0001
2023-01-30T08:00:00.000Z,0.0001
2023-01-30T16:00:00.000Z,0.0001
2023-01-31T00:00:00.005Z,0.0001
2023-01-31T08:00:00.000Z,0.0001
2023-01-31T16:00:00.007Z,0.0001
2023-02-01T00:00:00.013Z,0.0001
2023-02-01T08:00:00.000Z,0.0001
2023-02-01T16:00:00.012Z,0.0001
2023-02-02T00:00:00.004Z,0.0001
2023-02-02T08:00:00.023Z,0.0001
2023-02-02T16:00:00.003Z,0.0001
2023-02-03T00:00:00.010Z,0.0001
2023-02-03T08:00:00.000Z,0.0001
2023-02-03T16:00:00.000Z,0.0001
2023-02-04T00:00:00.010Z,0.0001
2023-02-04T08:00:00.000Z,0.0001
2023-02-04T16:00:00.000Z,0.0001
2023-02-05T00:00:00.016Z,0.0001
2023-02-05T08:00:00.009Z,0.0001
2023-02-05T16:00:00.018Z,0.0001
2023-02-06T00:00:00.001Z,0.0001
2023-02-06T08:00:00.000Z,0.0001
2023-02-06T16:00:00.012Z,0.0001
2023-02-07T00:00:00.004Z,0.0001
2023-02-07T08:00:00.011Z,0.0001
2023-02-07T16:00:00.018Z,0.0001
2023-02-08T00:00:00.009Z,0.0001
2023-02-08T08:00:00.010Z,0.0001
2023-02-08T16:00:00.000Z,0.0001
2023-02-09T00:00:00.014Z,0.0001
2023-02-09T08:00:00.006Z,0.0001
2023-02-09T16:00:00.001Z,0.0001
2023-02-10T00:00:00.012Z,0.0001
2023-02-10T08:00:00.005Z,0.0001
2023-02-10T16:00:00.020Z,0.0001
2023-02-11T00:00:00.007Z,0.00007684
2023-02-11T08:00:00.002Z,0.00005572
2023-02-11T16:00:00.021Z,0.00005241
2023-02-12T00:00:00.004Z,0.00005343
2023-02-12T08:00:00.000Z,0.0001
2023-02-12T16:00:00.002Z,0.0000227
2023-02-13T00:00:00.006Z,0.00002074
2023-02-13T08:00:00.008Z,0.00006323
2023-02-13T16:00:00.002Z,0.0001
2023-02-14T00:00:00.013Z,0.0001
2023-02-14T08:00:00.014Z,0.0001
2023-02-14T16:00:00.016Z,0.00008887
2023-02-15T00:00:00.011Z,0.00002377
2023-02-15T08:00:00.000Z,0.0000263
2023-02-15T16:00:00.005Z,0.00009071
2023-02-16T00:00:00.019Z,0.0001
2023-02-16T08:00:00.000Z,0.0001
2023-02-16T16:00:00.001Z,0.00023171
2023-02-17T00:00:00.003Z,0.0001
2023-02-17T08:00:00.016Z,0.0001
2023-02-17T16:00:00.000Z,0.0001
2023-02-18T00:00:00.011Z,0.0001
2023-02-18T08:00:00.000Z,0.0001
2023-02-18T16:00:00.007Z,0.0001
2023-02-19T00:00:00.019Z,0.0001
2023-02-19T08:00:00.005Z,0.0001
2023-02-19T16:00:00.003Z,0.0001
2023-02-20T00:00:00.006Z,0.0001
2023-02-20T08:00:00.008Z,0.0001
2023-02-20T16:00:00.006Z,0.0001
2023-02-21T00:00:00.001Z,0.0001
2023-02-21T08:00:00.004Z,0.0001
2023-02-21T16:00:00.011Z,0.0001
2023-02-22T00:00:00.009Z,0.0001
2023-02-22T08:00:00.010Z,0.0001
2023-02-22T16:00:00.000Z,0.0001
2023-02-23T00:00:00.006Z,0.0001
2023-02-23T08:00:00.005Z,0.00003506
2023-02-23T16:00:00.002Z,0.00003631
2023-02-24T00:00:00.015Z,0.00004978
2023-02-24T08:00:00.011Z,0.00004949
2023-02-24T16:00:00.014Z,0.0000544
2023-02-25T00:00:00.015Z,0.00001183
2023-02-25T08:00:00.015Z,0.0000061
2023-02-25T16:00:00.015Z,-4.8e-7
2023-02-26T00:00:00.007Z,0.00007372
2023-02-26T08:00:00.012Z,0.0000276
2023-02-26T16:00:00.000Z,0.00006581
2023-02-27T00:00:00.011Z,0.00008144
2023-02-27T08:00:00.003Z,0.00001196
2023-02-27T16:00:00.000Z,0.00006826
2023-02-28T00:00:00.011Z,0.00003414
2023-02-28T08:00:00.018Z,0.00001985
2023-02-28T16:00:00.005Z,0.0000595
2023-03-01T00:00:00.016Z,0.00000185
2023-03-01T08:00:00.000Z,0.0001
2023-03-01T16:00:00.008Z,0.0001
2023-03-02T00:00:00.009Z,0.00008612
2023-03-02T08:00:00.013Z,0.00008703
2023-03-02T16:00:00.000Z,0.00008395
2023-03-03T00:00:00.000Z,0.0001
2023-03-03T08:00:00.013Z,-0.00004203
2023-03-03T16:00:00.000Z,-0.00000226
2023-03-04T00:00:00.001Z,0.0000053
2023-03-04T08:00:00.008Z,0.00003812
2023-03-04T16:00:00.012Z,0.00002104
2023-03-05T00:00:00.000Z,0.00001874
2023-03-05T08:00:00.000Z,0.00000544
2023-03-05T16:00:00.015Z,0.00003706
2023-03-06T00:00:00.007Z,0.00004054
2023-03-06T08:00:00.017Z,0.0000546
2023-03-06T16:00:00.000Z,0.00005414
2023-03-07T00:00:00.009Z,0.00001173
2023-03-07T08:00:00.016Z,0.00004375
2023-03-07T16:00:00.017Z,0.00002631
2023-03-08T00:00:00.000Z,0.00002917
2023-03-08T08:00:00.014Z,0.00003816
2023-03-08T16:00:00.021Z,0.0001
2023-03-09T00:00:00.010Z,0.0001
2023-03-09T08:00:00.013Z,0.0001
2023-03-09T16:00:00.002Z,0.0001
2023-03-10T00:00:00.000Z,-0.00008895
2023-03-10T08:00:00.000Z,0.00000526
2023-03-10T16:00:00.005Z,-0.00001647
2023-03-11T00:00:00.011Z,0.00002364
2023-03-11T08:00:00.003Z,-0.00002296
2023-03-11T16:00:00.011Z,-0.00002341
2023-03-12T00:00:00.001Z,0.00000376
2023-03-12T08:00:00.000Z,0.00009088
2023-03-12T16:00:00.005Z,-0.00004068
2023-03-13T00:00:00.010Z,0.0001
2023-03-13T08:00:00.018Z,0.00006011
2023-03-13T16:00:00.003Z,0.0001
2023-03-14T00:00:00.010Z,0.00015042
2023-03-14T08:00:00.009Z,0.0001
2023-03-14T16:00:00.010Z,0.00029811
2023-03-15T00:00:00.011Z,0.0001
2023-03-15T08:00:00.000Z,0.00024127
2023-03-15T16:00:00.012Z,0.00022126
2023-03-16T00:00:00.004Z,0.0001
2023-03-16T08:00:00.018Z,0.0001
2023-03-16T16:00:00.005Z,0.0001
2023-03-17T00:00:00.017Z,0.00003311
2023-03-17T08:00:00.010Z,0.0001
2023-03-17T16:00:00.003Z,0.0001
2023-03-18T00:00:00.012Z,0.0001
2023-03-18T08:00:00.000Z,0.0001
2023-03-18T16:00:00.016Z,0.0001
2023-03-19T00:00:00.013Z,0.0001
2023-03-19T08:00:00.024Z,0.0001
2023-03-19T16:00:00.000Z,0.0001
2023-03-20T00:00:00.005Z,0.0001
2023-03-20T08:00:00.012Z,0.00009081
2023-03-20T16:00:00.015Z,0.0001
2023-03-21T00:00:00.006Z,0.00008118
2023-03-21T08:00:00.004Z,0.00001254
2023-03-21T16:00:00.003Z,0.00000292
2023-03-22T00:00:00.000Z,0.00000268
2023-03-22T08:00:00.003Z,6e-8
2023-03-22T16:00:00.000Z,0.00005334
2023-03-23T00:00:00.016Z,0.00000248
2023-03-23T08:00:00.001Z,-0.0000109
2023-03-23T16:00:00.013Z,0.0001
2023-03-24T00:00:00.013Z,0.0001
2023-03-24T08:00:00.012Z,0.0001
2023-03-24T16:00:00.027Z,0.0001
2023-03-25T00:00:00.015Z,-0.0000031
2023-03-25T08:00:00.011Z,0.00000425
2023-03-25T16:00:00.011Z,0.00000292
2023-03-26T00:00:00.000Z,6.1e-7
2023-03-26T08:00:00.015Z,-0.00003326
2023-03-26T16:00:00.000Z,0.00003634
2023-03-27T00:00:00.019Z,0.00002905
2023-03-27T08:00:00.009Z,0.00002409
2023-03-27T16:00:00.000Z,-0.00000396
2023-03-28T00:00:00.007Z,-0.00001428
2023-03-28T08:00:00.000Z,0.00001123
2023-03-28T16:00:00.013Z,0.00007531
2023-03-29T00:00:00.010Z,0.00006075
2023-03-29T08:00:00.006Z,0.00007098
2023-03-29T16:00:00.014Z,0.0001
2023-03-30T00:00:00.000Z,0.00006987
2023-03-30T08:00:00.000Z,0.00005638
2023-03-30T16:00:00.006Z,0.00001123
2023-03-31T00:00:00.003Z,-0.00002712
2023-03-31T08:00:00.006Z,0.00006358
2023-03-31T16:00:00.011Z,0.0001
2023-04-01T00:00:00.000Z,0.0001
2023-04-01T08:00:00.000Z,0.0001
2023-04-01T16:00:00.018Z,0.0000884
2023-04-02T00:00:00.013Z,0.00004527
2023-04-02T08:00:00.014Z,0.00006893
2023-04-02T16:00:00.001Z,0.00004514
2023-04-03T00:00:00.000Z,0.00001759
2023-04-03T08:00:00.013Z,-0.0000124
2023-04-03T16:00:00.011Z,0.00005688
2023-04-04T00:00:00.002Z,-0.00006009
2023-04-04T08:00:00.017Z,-0.00001357
2023-04-04T16:00:00.008Z,-0.00001276
2023-04-05T00:00:00.000Z,0.0000276
2023-04-05T08:00:00.016Z,0.00008517
2023-04-05T16:00:00.004Z,0.00005265
2023-04-06T00:00:00.000Z,0.00001442
2023-04-06T08:00:00.011Z,0.00003598
2023-04-06T16:00:00.000Z,-0.00002975
2023-04-07T00:00:00.006Z,0.00001004
2023-04-07T08:00:00.005Z,-0.00001473
2023-04-07T16:00:00.000Z,0.00001055
2023-04-08T00:00:00.000Z,0.00000268
2023-04-08T08:00:00.014Z,0.00000466
2023-04-08T16:00:00.018Z,0.00003192
2023-04-09T00:00:00.013Z,0.0000095
2023-04-09T08:00:00.024Z,-0.00000904
2023-04-09T16:00:00.010Z,-0.00000853
2023-04-10T00:00:00.000Z,0.0001
2023-04-10T08:00:00.010Z,0.0001
2023-04-10T16:00:00.006Z,0.00006167
2023-04-11T00:00:00.008Z,0.0001
2023-04-11T08:00:00.007Z,0.0001
2023-04-11T16:00:00.016Z,0.0001
2023-04-12T00:00:00.006Z,0.00009582
2023-04-12T08:00:00.008Z,0.00008195
2023-04-12T16:00:00.014Z,0.00001747
2023-04-13T00:00:00.027Z,0.00006665
2023-04-13T08:00:00.010Z,0.00004427
2023-04-13T16:00:00.000Z,0.0001
2023-04-14T00:00:00.001Z,-0.00000113
2023-04-14T08:00:00.008Z,0.0001
2023-04-14T16:00:00.007Z,0.0000342
2023-04-15T00:00:00.007Z,-0.00004975
2023-04-15T08:00:00.007Z,0.00008455
2023-04-15T16:00:00.011Z,0.0001
2023-04-16T00:00:00.014Z,0.00007144
2023-04-16T08:00:00.007Z,0.0001
2023-04-16T16:00:00.002Z,0.0001
2023-04-17T00:00:00.017Z,0.0001
2023-04-17T08:00:00.006Z,0.00007376
2023-04-17T16:00:00.000Z,0.0001
2023-04-18T00:00:00.013Z,0.00004683
2023-04-18T08:00:00.017Z,-0.0000051
2023-04-18T16:00:00.000Z,0.00006772
2023-04-19T00:00:00.022Z,0.0001
2023-04-19T08:00:00.014Z,0.00006231
2023-04-19T16:00:00.000Z,-8.1e-7
2023-04-20T00:00:00.010Z,0.00008579
2023-04-20T08:00:00.012Z,0.00003668
2023-04-20T16:00:00.012Z,0.00005898
2023-04-21T00:00:00.009Z,0.00006297
2023-04-21T08:00:00.009Z,0.0001
2023-04-21T16:00:00.003Z,0.0001
2023-04-22T00:00:00.000Z,0.0001
2023-04-22T08:00:00.000Z,0.00006858
2023-04-22T16:00:00.016Z,0.0000209
2023-04-23T00:00:00.009Z,0.00003768
2023-04-23T08:00:00.020Z,0.00001376
2023-04-23T16:00:00.007Z,0.00002369
2023-04-24T00:00:00.000Z,0.00004679
2023-04-24T08:00:00.008Z,0.00003694
2023-04-24T16:00:00.006Z,0.0000263
2023-04-25T00:00:00.014Z,0.00005066
2023-04-25T08:00:00.009Z,0.00006606
2023-04-25T16:00:00.015Z,0.00008541
2023-04-26T00:00:00.015Z,0.00004346
2023-04-26T08:00:00.013Z,0.00001686
2023-04-26T16:00:00.001Z,0.0001
2023-04-27T00:00:00.014Z,0.00002518
2023-04-27T08:00:00.008Z,0.00005769
2023-04-27T16:00:00.005Z,0.00003265
2023-04-28T00:00:00.011Z,0.0001
2023-04-28T08:00:00.007Z,0.0001
2023-04-28T16:00:00.006Z,0.00004476
2023-04-29T00:00:00.004Z,3.7e-7
2023-04-29T08:00:00.016Z,0.00006751
2023-04-29T16:00:00.001Z,0.00007826
2023-04-30T00:00:00.008Z,0.00003132
2023-04-30T08:00:00.000Z,0.00003501
2023-04-30T16:00:00.010Z,0.00006078
2023-05-01T00:00:00.004Z,0.00002435
2023-05-01T08:00:00.008Z,-0.0000637
2023-05-01T16:00:00.014Z,0.00000566
2023-05-02T00:00:00.015Z,0.00000968
2023-05-02T08:00:00.018Z,0.00006135
2023-05-02T16:00:00.000Z,0.00001204
2023-05-03T00:00:00.009Z,0.00008568
2023-05-03T08:00:00.003Z,0.00005435
2023-05-03T16:00:00.011Z,0.00005701
2023-05-04T00:00:00.000Z,0.0001
2023-05-04T08:00:00.000Z,0.00009992
2023-05-04T16:00:00.011Z,0.00004314
2023-05-05T00:00:00.002Z,0.00003731
2023-05-05T08:00:00.000Z,0.00009909
2023-05-05T16:00:00.000Z,0.00008548
2023-05-06T00:00:00.009Z,0.0001
2023-05-06T08:00:00.000Z,0.0001
2023-05-06T16:00:00.000Z,0.0001
2023-05-07T00:00:00.000Z,0.00004321
2023-05-07T08:00:00.000Z,0.00004047
2023-05-07T16:00:00.006Z,0.00006046
2023-05-08T00:00:00.000Z,0.0000072
2023-05-08T08:00:00.007Z,0.00000407
2023-05-08T16:00:00.015Z,0.00003902
2023-05-09T00:00:00.015Z,0.0000511
2023-05-09T08:00:00.000Z,0.00006841
2023-05-09T16:00:00.000Z,0.00000378
2023-05-10T00:00:00.007Z,0.00003752
2023-05-10T08:00:00.003Z,0.00004785
2023-05-10T16:00:00.000Z,0.00003792
2023-05-11T00:00:00.011Z,0.00001596
2023-05-11T08:00:00.000Z,0.00006926
2023-05-11T16:00:00.005Z,0.00005207
2023-05-12T00:00:00.020Z,0.00003633
2023-05-12T08:00:00.001Z,0.00003964
2023-05-12T16:00:00.010Z,0.00002762
2023-05-13T00:00:00.000Z,-1e-7
2023-05-13T08:00:00.000Z,0.00005385
2023-05-13T16:00:00.026Z,0.00004494
2023-05-14T00:00:00.029Z,0.00001715
2023-05-14T08:00:00.010Z,0.00003039
2023-05-14T16:00:00.008Z,0.00003537
2023-05-15T00:00:00.006Z,0.00004407
2023-05-15T08:00:00.005Z,-0.00001576
2023-05-15T16:00:00.008Z,-0.0000019
2023-05-16T00:00:00.021Z,0.0000866
2023-05-16T08:00:00.000Z,0.00003165
2023-05-16T16:00:00.000Z,0.000058
2023-05-17T00:00:00.010Z,0.00008392
2023-05-17T08:00:00.000Z,0.00007029
2023-05-17T16:00:00.001Z,0.00004461
2023-05-18T00:00:00.000Z,0.0001
2023-05-18T08:00:00.026Z,0.0001
2023-05-18T16:00:00.019Z,0.00008342
2023-05-19T00:00:00.000Z,0.00002716
2023-05-19T08:00:00.002Z,0.00004474
2023-05-19T16:00:00.000Z,0.00003815
2023-05-20T00:00:00.005Z,0.00005313
2023-05-20T08:00:00.014Z,0.00002455
2023-05-20T16:00:00.020Z,-0.00000849
2023-05-21T00:00:00.014Z,0.00004776
2023-05-21T08:00:00.001Z,0.00007262
2023-05-21T16:00:00.015Z,0.00005071
2023-05-22T00:00:00.028Z,0.00003019
2023-05-22T08:00:00.000Z,0.0000021
2023-05-22T16:00:00.012Z,0.0000477
2023-05-23T00:00:00.006Z,0.0001
2023-05-23T08:00:00.014Z,0.0001
2023-05-23T16:00:00.008Z,0.0001
2023-05-24T00:00:00.000Z,0.0001
2023-05-24T08:00:00.025Z,0.00002067
2023-05-24T16:00:00.008Z,0.00004362
2023-05-25T00:00:00.000Z,0.0000582
2023-05-25T08:00:00.025Z,0.0001
2023-05-25T16:00:00.016Z,0.0001
2023-05-26T00:00:00.000Z,0.0001
2023-05-26T08:00:00.024Z,0.00009583
2023-05-26T16:00:00.012Z,0.00004953
2023-05-27T00:00:00.012Z,0.00007146
2023-05-27T08:00:00.018Z,0.00008564
2023-05-27T16:00:00.008Z,0.00007362
2023-05-28T00:00:00.017Z,0.0000988
2023-05-28T08:00:00.015Z,0.0001
2023-05-28T16:00:00.000Z,0.0001
2023-05-29T00:00:00.000Z,0.0001
2023-05-29T08:00:00.020Z,0.0001
2023-05-29T16:00:00.011Z,0.0001
2023-05-30T00:00:00.003Z,0.00006187
2023-05-30T08:00:00.000Z,0.00009036
2023-05-30T16:00:00.003Z,0.00003861
2023-05-31T00:00:00.013Z,0.00002344
2023-05-31T08:00:00.000Z,0.00002864
2023-05-31T16:00:00.000Z,0.00009865
2023-06-01T00:00:00.008Z,0.00002096
2023-06-01T08:00:00.012Z,0.00009641
2023-06-01T16:00:00.000Z,0.0001
2023-06-02T00:00:00.000Z,0.0000477
2023-06-02T08:00:00.006Z,0.00009266
2023-06-02T16:00:00.012Z,0.00009946
2023-06-03T00:00:00.000Z,0.0000742
2023-06-03T08:00:00.011Z,0.0001
2023-06-03T16:00:00.003Z,0.00005566
2023-06-04T00:00:00.000Z,0.0000485
2023-06-04T08:00:00.000Z,0.0001
2023-06-04T16:00:00.000Z,0.0001
2023-06-05T00:00:00.005Z,0.0001
2023-06-05T08:00:00.000Z,0.00009538
2023-06-05T16:00:00.000Z,0.00007856
2023-06-06T00:00:00.000Z,-0.00007157
2023-06-06T08:00:00.009Z,-0.00003047
2023-06-06T16:00:00.013Z,0.00004288
2023-06-07T00:00:00.000Z,0.0001
2023-06-07T08:00:00.016Z,0.0001
2023-06-07T16:00:00.000Z,0.00004005
2023-06-08T00:00:00.006Z,0.00005504
2023-06-08T08:00:00.000Z,0.0000309
2023-06-08T16:00:00.000Z,0.00004011
2023-06-09T00:00:00.000Z,0.00006588
2023-06-09T08:00:00.000Z,0.00007916
2023-06-09T16:00:00.000Z,0.00004404
2023-06-10T00:00:00.000Z,0.00008702
2023-06-10T08:00:00.000Z,0.00002417
2023-06-10T16:00:00.000Z,0.00003854
2023-06-11T00:00:00.001Z,0.0000445
2023-06-11T08:00:00.000Z,0.00003197
2023-06-11T16:00:00.000Z,0.00005925
2023-06-12T00:00:00.000Z,0.0000866
2023-06-12T08:00:00.000Z,0.00003065
2023-06-12T16:00:00.001Z,0.00003624
2023-06-13T00:00:00.000Z,0.0001
2023-06-13T08:00:00.000Z,0.0000618
2023-06-13T16:00:00.000Z,0.00006503
2023-06-14T00:00:00.000Z,0.00002438
2023-06-14T08:00:00.000Z,0.00002716
2023-06-14T16:00:00.000Z,0.00003661
2023-06-15T00:00:00.000Z,-0.00003265
2023-06-15T08:00:00.000Z,0.00006193
2023-06-15T16:00:00.000Z,0.00006687
2023-06-16T00:00:00.000Z,0.00003971
2023-06-16T08:00:00.000Z,0.00000781
2023-06-16T16:00:00.000Z,0.00000236
2023-06-17T00:00:00.000Z,0.00009868
2023-06-17T08:00:00.000Z,0.0001
2023-06-17T16:00:00.000Z,0.00007543
2023-06-18T00:00:00.000Z,0.00003706
2023-06-18T08:00:00.000Z,0.00008233
2023-06-18T16:00:00.000Z,0.00006705
2023-06-19T00:00:00.000Z,0.0000704
2023-06-19T08:00:00.000Z,0.00006397
2023-06-19T16:00:00.000Z,0.0000369
2023-06-20T00:00:00.001Z,0.0000435
2023-06-20T08:00:00.000Z,-0.00000448
2023-06-20T16:00:00.000Z,-0.00002597
2023-06-21T00:00:00.000Z,0.00006295
2023-06-21T08:00:00.000Z,0.0001
2023-06-21T16:00:00.000Z,0.00002551
2023-06-22T00:00:00.000Z,0.0001
2023-06-22T08:00:00.001Z,0.0001
2023-06-22T16:00:00.000Z,0.00009236
2023-06-23T00:00:00.000Z,0.0001
2023-06-23T08:00:00.000Z,0.0001
2023-06-23T16:00:00.000Z,0.0001
2023-06-24T00:00:00.000Z,0.0001
2023-06-24T08:00:00.000Z,0.0001
2023-06-24T16:00:00.000Z,0.0001
2023-06-25T00:00:00.000Z,0.0001
2023-06-25T08:00:00.000Z,0.0001
2023-06-25T16:00:00.000Z,0.0001
2023-06-26T00:00:00.000Z,0.0001
2023-06-26T08:00:00.000Z,0.0001
2023-06-26T16:00:00.000Z,0.0001
2023-06-27T00:00:00.000Z,0.0001
2023-06-27T08:00:00.000Z,0.0001
2023-06-27T16:00:00.000Z,0.0001
2023-06-28T00:00:00.000Z,0.0001
2023-06-28T08:00:00.000Z,0.00009302
2023-06-28T16:00:00.000Z,0.00004598
2023-06-29T00:00:00.000Z,0.00006574
2023-06-29T08:00:00.000Z,0.000093
2023-06-29T16:00:00.000Z,0.0001
2023-06-30T00:00:00.000Z,0.0001
2023-06-30T08:00:00.000Z,0.0001
2023-06-30T16:00:00.001Z,0.0001
2023-07-01T00:00:00.000Z,0.0001
2023-07-01T08:00:00.000Z,0.0001
2023-07-01T16:00:00.000Z,0.0001
2023-07-02T00:00:00.000Z,0.0001
2023-07-02T08:00:00.000Z,0.0001
2023-07-02T16:00:00.001Z,0.0001
2023-07-03T00:00:00.000Z,0.0001
2023-07-03T08:00:00.000Z,0.0001
2023-07-03T16:00:00.000Z,0.0001
2023-07-04T00:00:00.001Z,0.0001
2023-07-04T08:00:00.000Z,0.0001
2023-07-04T16:00:00.000Z,0.0001
2023-07-05T00:00:00.000Z,0.0001
2023-07-05T08:00:00.000Z,0.0001
2023-07-05T16:00:00.000Z,0.0001
2023-07-06T00:00:00.000Z,0.0001
2023-07-06T08:00:00.000Z,0.0000772
2023-07-06T16:00:00.000Z,0.00001492
2023-07-07T00:00:00.000Z,0.00000698
2023-07-07T08:00:00.000Z,0.00004221
2023-07-07T16:00:00.000Z,-0.00000658
2023-07-08T00:00:00.000Z,0.00003757
2023-07-08T08:00:00.000Z,0.00002631
2023-07-08T16:00:00.000Z,0.00001686
2023-07-09T00:00:00.000Z,0.00005707
2023-07-09T08:00:00.000Z,0.00006821
2023-07-09T16:00:00.000Z,0.00006153
2023-07-10T00:00:00.000Z,-0.00002182
2023-07-10T08:00:00.000Z,0.0000485
2023-07-10T16:00:00.000Z,0.00002995
2023-07-11T00:00:00.000Z,0.0000801
2023-07-11T08:00:00.000Z,0.00008265
2023-07-11T16:00:00.000Z,0.00003954
2023-07-12T00:00:00.000Z,0.00007041
2023-07-12T08:00:00.000Z,0.00006479
2023-07-12T16:00:00.000Z,0.0000465
2023-07-13T00:00:00.000Z,-0.00001135
2023-07-13T08:00:00.000Z,0.0000612
2023-07-13T16:00:00.000Z,0.00000529
2023-07-14T00:00:00.000Z,0.0001
2023-07-14T08:00:00.000Z,0.0001
2023-07-14T16:00:00.000Z,0.0001
2023-07-15T00:00:00.000Z,-0.00007313
2023-07-15T08:00:00.000Z,0.00003007
2023-07-15T16:00:00.000Z,0.00002984
2023-07-16T00:00:00.001Z,0.00001993
2023-07-16T08:00:00.000Z,0.00007772
2023-07-16T16:00:00.000Z,0.00004583
2023-07-17T00:00:00.000Z,0.00002785
2023-07-17T08:00:00.000Z,0.00006278
2023-07-17T16:00:00.000Z,0.00006261
2023-07-18T00:00:00.000Z,0.00003983
2023-07-18T08:00:00.000Z,0.00006798
2023-07-18T16:00:00.000Z,0.00007477
2023-07-19T00:00:00.000Z,0.0001
2023-07-19T08:00:00.000Z,0.00005224
2023-07-19T16:00:00.001Z,0.0000769
2023-07-20T00:00:00.000Z,0.00002652
2023-07-20T08:00:00.000Z,0.00009641
2023-07-20T16:00:00.000Z,0.00005563
2023-07-21T00:00:00.001Z,0.00002877
2023-07-21T08:00:00.000Z,0.00000777
2023-07-21T16:00:00.000Z,0.00003717
2023-07-22T00:00:00.000Z,0.00002195
2023-07-22T08:00:00.000Z,0.00000944
2023-07-22T16:00:00.000Z,0.00000177
2023-07-23T00:00:00.000Z,0.00002908
2023-07-23T08:00:00.000Z,0.0001
2023-07-23T16:00:00.000Z,0.00009372
2023-07-24T00:00:00.000Z,0.0001
2023-07-24T08:00:00.000Z,0.00004338
2023-07-24T16:00:00.000Z,0.0001
2023-07-25T00:00:00.000Z,0.00007702
2023-07-25T08:00:00.000Z,0.00006913
2023-07-25T16:00:00.000Z,0.00009465
2023-07-26T00:00:00.000Z,0.00009451
2023-07-26T08:00:00.001Z,0.0001
2023-07-26T16:00:00.000Z,0.00005768
2023-07-27T00:00:00.000Z,0.00003136
2023-07-27T08:00:00.000Z,0.0000383
2023-07-27T16:00:00.001Z,0.00002876
2023-07-28T00:00:00.000Z,0.00004373
2023-07-28T08:00:00.000Z,0.00006675
2023-07-28T16:00:00.000Z,0.0001
2023-07-29T00:00:00.000Z,0.0001
2023-07-29T08:00:00.000Z,0.00004567
2023-07-29T16:00:00.001Z,0.0000753
2023-07-30T00:00:00.000Z,0.00008151
2023-07-30T08:00:00.000Z,0.0000556
2023-07-30T16:00:00.000Z,0.00004357
2023-07-31T00:00:00.000Z,0.00002369
2023-07-31T08:00:00.000Z,0.00007362
2023-07-31T16:00:00.001Z,0.00008239
2023-08-01T00:00:00.000Z,0.000063
2023-08-01T08:00:00.000Z,0.00006768
2023-08-01T16:00:00.000Z,0.0001
2023-08-02T00:00:00.000Z,0.0001
2023-08-02T08:00:00.000Z,0.0001
2023-08-02T16:00:00.000Z,0.0001
2023-08-03T00:00:00.000Z,0.0001
2023-08-03T08:00:00.000Z,0.0001
2023-08-03T16:00:00.001Z,0.0001
2023-08-04T00:00:00.000Z,0.00008116
2023-08-04T08:00:00.000Z,0.0001
2023-08-04T16:00:00.000Z,0.0001
2023-08-05T00:00:00.000Z,0.00004181
2023-08-05T08:00:00.000Z,0.0001
2023-08-05T16:00:00.001Z,0.0001
2023-08-06T00:00:00.000Z,0.0001
2023-08-06T08:00:00.001Z,0.0001
2023-08-06T16:00:00.005Z,0.0001
2023-08-07T00:00:00.000Z,0.0001
2023-08-07T08:00:00.000Z,0.00007669
2023-08-07T16:00:00.000Z,0.0001
2023-08-08T00:00:00.000Z,0.0001
2023-08-08T08:00:00.000Z,0.00009136
2023-08-08T16:00:00.000Z,0.00005944
2023-08-09T00:00:00.000Z,0.0000811
2023-08-09T08:00:00.000Z,0.00009527
2023-08-09T16:00:00.000Z,0.00008877
2023-08-10T00:00:00.001Z,0.0001
2023-08-10T08:00:00.000Z,0.0001
2023-08-10T16:00:00.000Z,0.00008277
2023-08-11T00:00:00.000Z,0.0001
2023-08-11T08:00:00.000Z,0.0001
2023-08-11T16:00:00.000Z,0.00007123
2023-08-12T00:00:00.000Z,0.0001
2023-08-12T08:00:00.000Z,0.0001
2023-08-12T16:00:00.000Z,0.00009305
2023-08-13T00:00:00.000Z,0.0001
2023-08-13T08:00:00.000Z,0.00004637
2023-08-13T16:00:00.000Z,0.0001
2023-08-14T00:00:00.001Z,0.0001
2023-08-14T08:00:00.000Z,0.0001
2023-08-14T16:00:00.000Z,0.0001
2023-08-15T00:00:00.001Z,0.0001
2023-08-15T08:00:00.000Z,0.0001
2023-08-15T16:00:00.000Z,0.0001
2023-08-16T00:00:00.000Z,0.0001
2023-08-16T08:00:00.001Z,0.0001
2023-08-16T16:00:00.000Z,0.0001
2023-08-17T00:00:00.000Z,0.0001
2023-08-17T08:00:00.000Z,0.0001
2023-08-17T16:00:00.000Z,0.0001
2023-08-18T00:00:00.000Z,0.0001
2023-08-18T08:00:00.000Z,-4.6e-7
2023-08-18T16:00:00.000Z,0.00005166
2023-08-19T00:00:00.000Z,-0.00000274
2023-08-19T08:00:00.000Z,-0.00000322
2023-08-19T16:00:00.000Z,-0.00005286
2023-08-20T00:00:00.000Z,-0.00003069
2023-08-20T08:00:00.000Z,-0.00004364
2023-08-20T16:00:00.000Z,-0.00000193
2023-08-21T00:00:00.000Z,-0.00002797
2023-08-21T08:00:00.000Z,0.00000816
2023-08-21T16:00:00.000Z,-0.00001619
2023-08-22T00:00:00.000Z,-0.00000308
2023-08-22T08:00:00.000Z,-0.00001928
2023-08-22T16:00:00.000Z,0.00003048
2023-08-23T00:00:00.000Z,0.00000739
2023-08-23T08:00:00.000Z,-0.0000102
2023-08-23T16:00:00.000Z,0.00003247
2023-08-24T00:00:00.000Z,-0.00002822
2023-08-24T08:00:00.000Z,0.00002506
2023-08-24T16:00:00.000Z,0.000049
2023-08-25T00:00:00.000Z,-0.00000659
2023-08-25T08:00:00.000Z,0.00002802
2023-08-25T16:00:00.000Z,0.00005218
2023-08-26T00:00:00.000Z,0.0000382
2023-08-26T08:00:00.000Z,0.00005334
2023-08-26T16:00:00.000Z,0.00002096
2023-08-27T00:00:00.000Z,9.9e-7
2023-08-27T08:00:00.000Z,0.00003976
2023-08-27T16:00:00.000Z,0.00001232
2023-08-28T00:00:00.000Z,-0.00000395
2023-08-28T08:00:00.001Z,0.00004424
2023-08-28T16:00:00.001Z,0.00004524
2023-08-29T00:00:00.000Z,0.00000824
2023-08-29T08:00:00.000Z,0.00003769
2023-08-29T16:00:00.000Z,-0.00010934
2023-08-30T00:00:00.000Z,0.00004868
2023-08-30T08:00:00.000Z,0.00005731
2023-08-30T16:00:00.000Z,0.00003944
2023-08-31T00:00:00.000Z,0.00002909
2023-08-31T08:00:00.000Z,0.00006859
2023-08-31T16:00:00.000Z,0.00008105
2023-09-01T00:00:00.000Z,0.00002583
2023-09-01T08:00:00.000Z,0.00005968
2023-09-01T16:00:00.001Z,0.00006254
2023-09-02T00:00:00.000Z,0.00004998
2023-09-02T08:00:00.000Z,0.00001937
2023-09-02T16:00:00.000Z,-0.00002018
2023-09-03T00:00:00.000Z,0.00004839
2023-09-03T08:00:00.000Z,0.00000235
2023-09-03T16:00:00.000Z,0.0000289
2023-09-04T00:00:00.000Z,0.0000269
2023-09-04T08:00:00.000Z,0.00001469
2023-09-04T16:00:00.000Z,-0.00001059
2023-09-05T00:00:00.000Z,5.3e-7
2023-09-05T08:00:00.000Z,0.00001975
2023-09-05T16:00:00.000Z,0.00003366
2023-09-06T00:00:00.000Z,0.00001737
2023-09-06T08:00:00.000Z,-0.00002763
2023-09-06T16:00:00.001Z,0.00002135
2023-09-07T00:00:00.000Z,0.0000383
2023-09-07T08:00:00.000Z,0.00003883
2023-09-07T16:00:00.000Z,0.00006924
2023-09-08T00:00:00.000Z,-0.00001525
2023-09-08T08:00:00.000Z,0.00000512
2023-09-08T16:00:00.000Z,-0.00001691
2023-09-09T00:00:00.000Z,-0.00005057
2023-09-09T08:00:00.000Z,-0.00000377
2023-09-09T16:00:00.000Z,0.00001423
2023-09-10T00:00:00.000Z,-7.3e-7
2023-09-10T08:00:00.000Z,0.00003294
2023-09-10T16:00:00.000Z,0.00002609
2023-09-11T00:00:00.000Z,-0.000003
2023-09-11T08:00:00.000Z,0.00001823
2023-09-11T16:00:00.001Z,0.00001838
2023-09-12T00:00:00.000Z,0.0000273
2023-09-12T08:00:00.000Z,0.00005425
2023-09-12T16:00:00.000Z,-0.00003502
2023-09-13T00:00:00.000Z,0.00002342
2023-09-13T08:00:00.000Z,0.0000126
2023-09-13T16:00:00.000Z,0.00003099
2023-09-14T00:00:00.000Z,0.00000461
2023-09-14T08:00:00.001Z,0.00003428
2023-09-14T16:00:00.000Z,-0.00004748
2023-09-15T00:00:00.000Z,-0.00002641
2023-09-15T08:00:00.000Z,-0.00000761
2023-09-15T16:00:00.000Z,0.00007561
2023-09-16T00:00:00.000Z,-0.00001381
2023-09-16T08:00:00.000Z,-0.0000432
2023-09-16T16:00:00.000Z,-0.00003161
2023-09-17T00:00:00.000Z,0.00000897
2023-09-17T08:00:00.000Z,0.00001142
2023-09-17T16:00:00.000Z,0.00000649
2023-09-18T00:00:00.000Z,-0.00000508
2023-09-18T08:00:00.000Z,0.00000579
2023-09-18T16:00:00.000Z,-0.00006774
2023-09-19T00:00:00.000Z,0.00002468
2023-09-19T08:00:00.001Z,-0.00001972
2023-09-19T16:00:00.000Z,-0.00001756
2023-09-20T00:00:00.000Z,-0.00002614
2023-09-20T08:00:00.000Z,-0.00003777
2023-09-20T16:00:00.000Z,-0.00000991
2023-09-21T00:00:00.001Z,-2.9e-7
2023-09-21T08:00:00.000Z,0.00004303
2023-09-21T16:00:00.000Z,0.00007429
2023-09-22T00:00:00.000Z,-6.2e-7
2023-09-22T08:00:00.000Z,0.00001034
2023-09-22T16:00:00.000Z,0.00002136
2023-09-23T00:00:00.000Z,0.00006676
2023-09-23T08:00:00.000Z,0.00001556
2023-09-23T16:00:00.000Z,0.00000209
2023-09-24T00:00:00.000Z,-0.00001392
2023-09-24T08:00:00.000Z,0.00004721
2023-09-24T16:00:00.000Z,0.00002887
2023-09-25T00:00:00.000Z,-0.0000126
2023-09-25T08:00:00.000Z,0.00008565
2023-09-25T16:00:00.000Z,0.00004792
2023-09-26T00:00:00.000Z,-0.0000391
2023-09-26T08:00:00.000Z,-0.00001215
2023-09-26T16:00:00.000Z,0.00005626
2023-09-27T00:00:00.000Z,0.00009944
2023-09-27T08:00:00.001Z,0.00003378
2023-09-27T16:00:00.000Z,0.00002074
2023-09-28T00:00:00.000Z,0.00000674
2023-09-28T08:00:00.000Z,-0.00001581
2023-09-28T16:00:00.000Z,-0.00004732
2023-09-29T00:00:00.000Z,-0.00003894
2023-09-29T08:00:00.000Z,-0.00002567
2023-09-29T16:00:00.000Z,0.00000476
2023-09-30T00:00:00.000Z,0.00000643
2023-09-30T08:00:00.000Z,0.00001864
2023-09-30T16:00:00.000Z,0.00001525
2023-10-01T00:00:00.000Z,0.00000295
2023-10-01T08:00:00.000Z,-0.00000619
2023-10-01T16:00:00.000Z,-0.00002263
2023-10-02T00:00:00.000Z,0.00005831
2023-10-02T08:00:00.000Z,0.00000728
2023-10-02T16:00:00.000Z,-0.00001477
2023-10-03T00:00:00.000Z,0.00004172
2023-10-03T08:00:00.000Z,0.00001667
2023-10-03T16:00:00.000Z,0.000025
2023-10-04T00:00:00.000Z,0.00006031
2023-10-04T08:00:00.000Z,0.000062
2023-10-04T16:00:00.000Z,-0.00002857
2023-10-05T00:00:00.000Z,-0.00003807
2023-10-05T08:00:00.000Z,-0.00004268
2023-10-05T16:00:00.001Z,-0.00002302
2023-10-06T00:00:00.000Z,-0.00001106
2023-10-06T08:00:00.000Z,0.00001436
2023-10-06T16:00:00.000Z,-0.00003149
2023-10-07T00:00:00.000Z,0.00002124
2023-10-07T08:00:00.000Z,0.00002849
2023-10-07T16:00:00.000Z,0.00002083
2023-10-08T00:00:00.000Z,0.00000314
2023-10-08T08:00:00.001Z,0.00000974
2023-10-08T16:00:00.000Z,0.00005163
2023-10-09T00:00:00.000Z,0.00003992
2023-10-09T08:00:00.000Z,0.00003515
2023-10-09T16:00:00.000Z,0.00007838
2023-10-10T00:00:00.000Z,0.00006349
2023-10-10T08:00:00.000Z,0.00001894
2023-10-10T16:00:00.000Z,0.00004548
2023-10-11T00:00:00.000Z,0.00005918
2023-10-11T08:00:00.000Z,0.0000833
2023-10-11T16:00:00.000Z,0.00006319
2023-10-12T00:00:00.000Z,0.0001
2023-10-12T08:00:00.000Z,0.00002661
2023-10-12T16:00:00.000Z,0.00007304
2023-10-13T00:00:00.000Z,0.00002294
2023-10-13T08:00:00.000Z,0.00002039
2023-10-13T16:00:00.000Z,0.00002326
2023-10-14T00:00:00.000Z,0.00000105
2023-10-14T08:00:00.000Z,0.00002211
2023-10-14T16:00:00.000Z,0.00002456
2023-10-15T00:00:00.000Z,-0.00001509
2023-10-15T08:00:00.000Z,0.00004292
2023-10-15T16:00:00.000Z,0.00002224
2023-10-16T00:00:00.000Z,0.00000511
2023-10-16T08:00:00.000Z,2.8e-7
2023-10-16T16:00:00.000Z,0.00009644
2023-10-17T00:00:00.000Z,0.00000204
2023-10-17T08:00:00.000Z,0.00001493
2023-10-17T16:00:00.000Z,-0.00002311
2023-10-18T00:00:00.000Z,-0.00003343
2023-10-18T08:00:00.000Z,-0.00001216
2023-10-18T16:00:00.000Z,0.00001644
2023-10-19T00:00:00.000Z,-0.00001028
2023-10-19T08:00:00.001Z,-0.00000624
2023-10-19T16:00:00.000Z,-0.00011006
2023-10-20T00:00:00.000Z,-0.00009272
2023-10-20T08:00:00.005Z,0.00001938
2023-10-20T16:00:00.000Z,0.00002687
2023-10-21T00:00:00.000Z,-0.00001585
2023-10-21T08:00:00.000Z,0.00004374
2023-10-21T16:00:00.000Z,0.00005827
2023-10-22T00:00:00.000Z,0.00002567
2023-10-22T08:00:00.000Z,0.00002579
2023-10-22T16:00:00.000Z,0.00003115
2023-10-23T00:00:00.000Z,0.0000825
2023-10-23T08:00:00.001Z,0.0000959
2023-10-23T16:00:00.001Z,0.00000648
2023-10-24T00:00:00.000Z,0.0001
2023-10-24T08:00:00.000Z,0.0001
2023-10-24T16:00:00.000Z,0.0001
2023-10-25T00:00:00.000Z,0.0001
2023-10-25T08:00:00.000Z,0.0001
2023-10-25T16:00:00.001Z,0.0001
2023-10-26T00:00:00.001Z,0.0001
2023-10-26T08:00:00.000Z,0.0001
2023-10-26T16:00:00.000Z,0.0001
2023-10-27T00:00:00.000Z,0.0001
2023-10-27T08:00:00.000Z,0.0001
2023-10-27T16:00:00.000Z,0.0001
2023-10-28T00:00:00.000Z,0.0001
2023-10-28T08:00:00.001Z,0.0001
2023-10-28T16:00:00.000Z,0.0001
2023-10-29T00:00:00.000Z,0.0001
2023-10-29T08:00:00.000Z,0.0001
2023-10-29T16:00:00.000Z,0.0001
2023-10-30T00:00:00.000Z,0.0001
2023-10-30T08:00:00.000Z,0.0001
2023-10-30T16:00:00.000Z,0.0001
2023-10-31T00:00:00.001Z,0.0001
2023-10-31T08:00:00.000Z,0.0001
2023-10-31T16:00:00.000Z,0.0001
2023-11-01T00:00:00.000Z,0.0001
2023-11-01T08:00:00.000Z,0.0001
2023-11-01T16:00:00.000Z,0.0001
2023-11-02T00:00:00.001Z,0.0001
2023-11-02T08:00:00.000Z,0.0001
2023-11-02T16:00:00.000Z,0.0001
2023-11-03T00:00:00.000Z,0.0001
2023-11-03T08:00:00.000Z,0.0001
2023-11-03T16:00:00.000Z,0.0001
2023-11-04T00:00:00.000Z,0.0001
2023-11-04T08:00:00.000Z,0.0001
2023-11-04T16:00:00.000Z,0.0001
2023-11-05T00:00:00.000Z,0.0001
2023-11-05T08:00:00.000Z,0.0001
2023-11-05T16:00:00.000Z,0.0001
2023-11-06T00:00:00.000Z,0.0001
2023-11-06T08:00:00.001Z,0.0001
2023-11-06T16:00:00.000Z,0.0001
2023-11-07T00:00:00.001Z,0.0001
2023-11-07T08:00:00.000Z,0.0001
2023-11-07T16:00:00.000Z,0.0001
2023-11-08T00:00:00.000Z,0.0001
2023-11-08T08:00:00.000Z,0.0001
2023-11-08T16:00:00.000Z,0.0001
2023-11-09T00:00:00.000Z,0.0001
2023-11-09T08:00:00.000Z,0.0001
2023-11-09T16:00:00.000Z,0.00020027
2023-11-10T00:00:00.000Z,0.0001
2023-11-10T08:00:00.000Z,0.00011682
2023-11-10T16:00:00.000Z,0.0001
2023-11-11T00:00:00.000Z,0.0001
2023-11-11T08:00:00.000Z,0.00016607
2023-11-11T16:00:00.000Z,0.00014648
2023-11-12T00:00:00.000Z,0.0001543
2023-11-12T08:00:00.000Z,0.00023487
2023-11-12T16:00:00.001Z,0.00027221
2023-11-13T00:00:00.000Z,0.00032467
2023-11-13T08:00:00.000Z,0.00010893
2023-11-13T16:00:00.000Z,0.00020492
2023-11-14T00:00:00.000Z,0.00017382
2023-11-14T08:00:00.000Z,0.00016369
2023-11-14T16:00:00.001Z,0.00014477
2023-11-15T00:00:00.000Z,0.0001
2023-11-15T08:00:00.000Z,0.0001
2023-11-15T16:00:00.000Z,0.0001
2023-11-16T00:00:00.000Z,0.0001
2023-11-16T08:00:00.000Z,0.00015199
2023-11-16T16:00:00.001Z,0.00012014
2023-11-17T00:00:00.000Z,0.0001
2023-11-17T08:00:00.001Z,0.0001
2023-11-17T16:00:00.001Z,0.0001
2023-11-18T00:00:00.000Z,0.0001
2023-11-18T08:00:00.000Z,0.0001
2023-11-18T16:00:00.000Z,0.0001
2023-11-19T00:00:00.000Z,0.0001
2023-11-19T08:00:00.000Z,0.0001
2023-11-19T16:00:00.000Z,0.0001
2023-11-20T00:00:00.000Z,0.0001
2023-11-20T08:00:00.000Z,0.0001
2023-11-20T16:00:00.000Z,0.0001
2023-11-21T00:00:00.000Z,0.0001
2023-11-21T08:00:00.000Z,0.0001
2023-11-21T16:00:00.000Z,0.0001
2023-11-22T00:00:00.000Z,0.0001
2023-11-22T08:00:00.000Z,0.0001
2023-11-22T16:00:00.000Z,0.0001
2023-11-23T00:00:00.000Z,0.0001
2023-11-23T08:00:00.000Z,0.0001
2023-11-23T16:00:00.001Z,0.0001
2023-11-24T00:00:00.000Z,0.0001
2023-11-24T08:00:00.000Z,0.0001
2023-11-24T16:00:00.000Z,0.0001
2023-11-25T00:00:00.000Z,0.0001
2023-11-25T08:00:00.000Z,0.0001
2023-11-25T16:00:00.000Z,0.0001
2023-11-26T00:00:00.000Z,0.0001
2023-11-26T08:00:00.000Z,0.0001
2023-11-26T16:00:00.000Z,0.0001
2023-11-27T00:00:00.000Z,0.0001
2023-11-27T08:00:00.001Z,0.0001
2023-11-27T16:00:00.000Z,0.0001
2023-11-28T00:00:00.000Z,0.0001
2023-11-28T08:00:00.000Z,0.0001
2023-11-28T16:00:00.000Z,0.0001
2023-11-29T00:00:00.001Z,0.0001
2023-11-29T08:00:00.000Z,0.0001
2023-11-29T16:00:00.000Z,0.0001
2023-11-30T00:00:00.000Z,0.0001
2023-11-30T08:00:00.000Z,0.0001
2023-11-30T16:00:00.000Z,0.0001
2023-12-01T00:00:00.000Z,0.0001
2023-12-01T08:00:00.000Z,0.0001
2023-12-01T16:00:00.000Z,0.0001
2023-12-02T00:00:00.000Z,0.0000995
2023-12-02T08:00:00.000Z,0.00006973
2023-12-02T16:00:00.000Z,0.00008541
2023-12-03T00:00:00.000Z,0.0001
2023-12-03T08:00:00.000Z,0.0001
2023-12-03T16:00:00.000Z,0.0001
2023-12-04T00:00:00.000Z,0.0001
2023-12-04T08:00:00.000Z,0.0001
2023-12-04T16:00:00.000Z,0.0001
2023-12-05T00:00:00.000Z,0.0001
2023-12-05T08:00:00.000Z,0.0001
2023-12-05T16:00:00.000Z,0.0001
2023-12-06T00:00:00.000Z,0.0001
2023-12-06T08:00:00.000Z,0.0001
2023-12-06T16:00:00.000Z,0.0001
2023-12-07T00:00:00.000Z,0.0001
2023-12-07T08:00:00.000Z,0.0001
2023-12-07T16:00:00.000Z,0.0001
2023-12-08T00:00:00.000Z,0.0001
2023-12-08T08:00:00.000Z,0.00023288
2023-12-08T16:00:00.000Z,0.00020242
2023-12-09T00:00:00.000Z,0.00011504
2023-12-09T08:00:00.000Z,0.00030159
2023-12-09T16:00:00.000Z,0.00017192
2023-12-10T00:00:00.000Z,0.00020724
2023-12-10T08:00:00.000Z,0.00020383
2023-12-10T16:00:00.000Z,0.00023923
2023-12-11T00:00:00.000Z,0.0001473
2023-12-11T08:00:00.000Z,0.0001
2023-12-11T16:00:00.000Z,0.0001
2023-12-12T00:00:00.000Z,0.0001
2023-12-12T08:00:00.000Z,0.0001
2023-12-12T16:00:00.000Z,0.0001
2023-12-13T00:00:00.000Z,0.00011909
2023-12-13T08:00:00.000Z,0.00010162
2023-12-13T16:00:00.001Z,0.00012601
2023-12-14T00:00:00.000Z,0.0001
2023-12-14T08:00:00.000Z,0.0001
2023-12-14T16:00:00.000Z,0.0001
2023-12-15T00:00:00.000Z,0.0001
2023-12-15T08:00:00.000Z,0.0001
2023-12-15T16:00:00.000Z,0.0001
2023-12-16T00:00:00.000Z,0.0001
2023-12-16T08:00:00.000Z,0.0001
2023-12-16T16:00:00.001Z,0.0001
2023-12-17T00:00:00.000Z,0.0001
2023-12-17T08:00:00.000Z,0.0001
2023-12-17T16:00:00.000Z,0.0001
2023-12-18T00:00:00.000Z,0.00013355
2023-12-18T08:00:00.001Z,0.0001
2023-12-18T16:00:00.000Z,0.00015611
2023-12-19T00:00:00.000Z,0.0001
2023-12-19T08:00:00.000Z,0.0001
2023-12-19T16:00:00.000Z,0.0001
2023-12-20T00:00:00.000Z,0.00010506
2023-12-20T08:00:00.000Z,0.0001
2023-12-20T16:00:00.000Z,0.00023637
2023-12-21T00:00:00.000Z,0.00027143
2023-12-21T08:00:00.000Z,0.00029216
2023-12-21T16:00:00.000Z,0.00028948
2023-12-22T00:00:00.000Z,0.00030806
2023-12-22T08:00:00.000Z,0.0002961
2023-12-22T16:00:00.000Z,0.00018011
2023-12-23T00:00:00.000Z,0.00016285
2023-12-23T08:00:00.001Z,0.0001
2023-12-23T16:00:00.000Z,0.00015066
2023-12-24T00:00:00.000Z,0.0001
2023-12-24T08:00:00.000Z,0.0002079
2023-12-24T16:00:00.000Z,0.00019729
2023-12-25T00:00:00.000Z,0.0001
2023-12-25T08:00:00.000Z,0.0001
2023-12-25T16:00:00.000Z,0.00037908
2023-12-26T00:00:00.000Z,0.00043391
2023-12-26T08:00:00.000Z,0.00023757
2023-12-26T16:00:00.000Z,0.00029559
2023-12-27T00:00:00.000Z,0.00027621
2023-12-27T08:00:00.000Z,0.00037942
2023-12-27T16:00:00.000Z,0.00032304
2023-12-28T00:00:00.000Z,0.00013021
2023-12-28T08:00:00.000Z,0.00037879
2023-12-28T16:00:00.000Z,0.00050152
2023-12-29T00:00:00.001Z,0.0005517
2023-12-29T08:00:00.000Z,0.00049912
2023-12-29T16:00:00.000Z,0.00047082
2023-12-30T00:00:00.001Z,0.00033033
2023-12-30T08:00:00.000Z,0.0004358
2023-12-30T16:00:00.000Z,0.00037842
2023-12-31T00:00:00.000Z,0.00027855
2023-12-31T08:00:00.001Z,0.00034573
2023-12-31T16:00:00.000Z,0.00033597
2024-01-01T00:00:00.000Z,0.00037409
2024-01-01T08:00:00.000Z,0.00027213
2024-01-01T16:00:00.000Z,0.00033601
2024-01-02T00:00:00.000Z,0.00065846
2024-01-02T08:00:00.000Z,0.00035179
2024-01-02T16:00:00.000Z,0.0005373
2024-01-03T00:00:00.000Z,0.00021159
2024-01-03T08:00:00.000Z,0.00017123
2024-01-03T16:00:00.000Z,0.0001
2024-01-04T00:00:00.000Z,0.0001
2024-01-04T08:00:00.000Z,0.0001
2024-01-04T16:00:00.000Z,0.0001
2024-01-05T00:00:00.001Z,0.0001
2024-01-05T08:00:00.000Z,0.0001
2024-01-05T16:00:00.000Z,0.0001
2024-01-06T00:00:00.000Z,0.0001
2024-01-06T08:00:00.000Z,0.0001
2024-01-06T16:00:00.000Z,0.0001
2024-01-07T00:00:00.000Z,0.0001
2024-01-07T08:00:00.001Z,0.0001
2024-01-07T16:00:00.001Z,0.0001
2024-01-08T00:00:00.000Z,0.0001
2024-01-08T08:00:00.000Z,0.0001
2024-01-08T16:00:00.000Z,0.0001
2024-01-09T00:00:00.001Z,0.0001
2024-01-09T08:00:00.000Z,0.0001
2024-01-09T16:00:00.000Z,0.0001
2024-01-10T00:00:00.000Z,0.0001
2024-01-10T08:00:00.000Z,0.0001
2024-01-10T16:00:00.000Z,0.0001
2024-01-11T00:00:00.000Z,0.0001
2024-01-11T08:00:00.000Z,0.0001
2024-01-11T16:00:00.000Z,0.0001
2024-01-12T00:00:00.001Z,0.0001
2024-01-12T08:00:00.000Z,0.0001
2024-01-12T16:00:00.000Z,0.0001
2024-01-13T00:00:00.000Z,0.0001
2024-01-13T08:00:00.000Z,0.0001
2024-01-13T16:00:00.001Z,0.0001
2024-01-14T00:00:00.000Z,0.0001
2024-01-14T08:00:00.000Z,0.0001
2024-01-14T16:00:00.001Z,0.0001
2024-01-15T00:00:00.000Z,0.0001
2024-01-15T08:00:00.000Z,0.0001
2024-01-15T16:00:00.000Z,0.0001
2024-01-16T00:00:00.000Z,0.0001
2024-01-16T08:00:00.000Z,0.0001
2024-01-16T16:00:00.001Z,0.0001
2024-01-17T00:00:00.000Z,0.0001
2024-01-17T08:00:00.000Z,0.0001
2024-01-17T16:00:00.000Z,0.0001
2024-01-18T00:00:00.001Z,0.0001
2024-01-18T08:00:00.000Z,0.0001
2024-01-18T16:00:00.000Z,0.0001
2024-01-19T00:00:00.000Z,0.0001
2024-01-19T08:00:00.000Z,0.0001
2024-01-19T16:00:00.002Z,0.0001
2024-01-20T00:00:00.000Z,0.0001
2024-01-20T08:00:00.003Z,0.0001
2024-01-20T16:00:00.000Z,0.0001
2024-01-21T00:00:00.000Z,0.0001
2024-01-21T08:00:00.000Z,0.0001
2024-01-21T16:00:00.000Z,0.0001
2024-01-22T00:00:00.000Z,0.0001
2024-01-22T08:00:00.000Z,0.0001
2024-01-22T16:00:00.000Z,0.0001
2024-01-23T00:00:00.000Z,0.0001
2024-01-23T08:00:00.000Z,0.0001
2024-01-23T16:00:00.000Z,0.0001
2024-01-24T00:00:00.000Z,0.0001
2024-01-24T08:00:00.000Z,0.0001
2024-01-24T16:00:00.000Z,0.0001
2024-01-25T00:00:00.000Z,0.0001
2024-01-25T08:00:00.001Z,0.0001
2024-01-25T16:00:00.000Z,0.0001
2024-01-26T00:00:00.001Z,0.0001
2024-01-26T08:00:00.000Z,0.0001
2024-01-26T16:00:00.000Z,0.0001
2024-01-27T00:00:00.000Z,0.00008966
2024-01-27T08:00:00.000Z,0.0001
2024-01-27T16:00:00.000Z,0.000083
2024-01-28T00:00:00.000Z,0.0001
2024-01-28T08:00:00.000Z,0.00004725
2024-01-28T16:00:00.000Z,0.0001
2024-01-29T00:00:00.000Z,0.0001
2024-01-29T08:00:00.001Z,0.00009142
2024-01-29T16:00:00.000Z,0.0001
2024-01-30T00:00:00.000Z,0.0001
2024-01-30T08:00:00.000Z,0.00009492
2024-01-30T16:00:00.001Z,0.00005149
2024-01-31T00:00:00.000Z,0.00002154
2024-01-31T08:00:00.000Z,0.0001
2024-01-31T16:00:00.000Z,0.0001
2024-02-01T00:00:00.000Z,0.0001
2024-02-01T08:00:00.000Z,0.0001
2024-02-01T16:00:00.002Z,0.0001
2024-02-02T00:00:00.000Z,0.0001
2024-02-02T08:00:00.000Z,0.0001
2024-02-02T16:00:00.000Z,0.0001
2024-02-03T00:00:00.000Z,0.00007627
2024-02-03T08:00:00.000Z,0.00009042
2024-02-03T16:00:00.001Z,0.00008028
2024-02-04T00:00:00.000Z,0.00008307
2024-02-04T08:00:00.004Z,0.00008846
2024-02-04T16:00:00.000Z,0.0001
2024-02-05T00:00:00.000Z,0.0001
2024-02-05T08:00:00.000Z,0.0001
2024-02-05T16:00:00.000Z,0.0001
2024-02-06T00:00:00.000Z,0.0001
2024-02-06T08:00:00.001Z,0.00006723
2024-02-06T16:00:00.000Z,0.0001
2024-02-07T00:00:00.000Z,0.00007527
2024-02-07T08:00:00.000Z,0.00005373
2024-02-07T16:00:00.000Z,0.00008306
2024-02-08T00:00:00.000Z,0.0001
2024-02-08T08:00:00.000Z,0.00006535
2024-02-08T16:00:00.000Z,0.0000259
2024-02-09T00:00:00.000Z,0.0000316
2024-02-09T08:00:00.000Z,0.0001
2024-02-09T16:00:00.001Z,0.00009801
2024-02-10T00:00:00.001Z,0.00008041
2024-02-10T08:00:00.000Z,0.0001
2024-02-10T16:00:00.000Z,0.0001
2024-02-11T00:00:00.000Z,0.0001
2024-02-11T08:00:00.001Z,0.0001
2024-02-11T16:00:00.000Z,0.0001
2024-02-12T00:00:00.000Z,0.0001
2024-02-12T08:00:00.000Z,0.0001
2024-02-12T16:00:00.000Z,0.0001
2024-02-13T00:00:00.000Z,0.0001
2024-02-13T08:00:00.000Z,0.0001
2024-02-13T16:00:00.000Z,0.0001
2024-02-14T00:00:00.000Z,0.0001
2024-02-14T08:00:00.000Z,0.0001
2024-02-14T16:00:00.000Z,0.00012283
2024-02-15T00:00:00.000Z,0.0001
2024-02-15T08:00:00.000Z,0.0001
2024-02-15T16:00:00.000Z,0.0001
2024-02-16T00:00:00.000Z,0.0001
2024-02-16T08:00:00.000Z,0.0001
2024-02-16T16:00:00.000Z,0.0001
2024-02-17T00:00:00.000Z,0.0001
2024-02-17T08:00:00.000Z,0.0001
2024-02-17T16:00:00.000Z,0.00016041
2024-02-18T00:00:00.000Z,0.0001724
2024-02-18T08:00:00.000Z,0.00015305
2024-02-18T16:00:00.000Z,0.00017095
2024-02-19T00:00:00.000Z,0.00023064
2024-02-19T08:00:00.000Z,0.00019594
2024-02-19T16:00:00.000Z,0.00013327
2024-02-20T00:00:00.000Z,0.00010461
2024-02-20T08:00:00.000Z,0.00010912
2024-02-20T16:00:00.000Z,0.00020259
2024-02-21T00:00:00.000Z,0.0001
2024-02-21T08:00:00.000Z,0.00011242
2024-02-21T16:00:00.000Z,0.0001
2024-02-22T00:00:00.001Z,0.0001
2024-02-22T08:00:00.001Z,0.0001348
2024-02-22T16:00:00.000Z,0.00012557
2024-02-23T00:00:00.000Z,0.0001
2024-02-23T08:00:00.000Z,0.0001
2024-02-23T16:00:00.000Z,0.00012991
2024-02-24T00:00:00.000Z,0.0001
2024-02-24T08:00:00.001Z,0.0001
2024-02-24T16:00:00.000Z,0.0001
2024-02-25T00:00:00.001Z,0.00011438
2024-02-25T08:00:00.000Z,0.00015012
2024-02-25T16:00:00.000Z,0.00015062
2024-02-26T00:00:00.000Z,0.00026761
2024-02-26T08:00:00.000Z,0.00021567
2024-02-26T16:00:00.000Z,0.00027227
2024-02-27T00:00:00.000Z,0.00032262
2024-02-27T08:00:00.000Z,0.00073521
2024-02-27T16:00:00.000Z,0.00022965
2024-02-28T00:00:00.000Z,0.00026729
2024-02-28T08:00:00.000Z,0.00023682
2024-02-28T16:00:00.000Z,0.00053538
2024-02-29T00:00:00.000Z,0.00069091
2024-02-29T08:00:00.000Z,0.00076337
2024-02-29T16:00:00.000Z,0.00057031
2024-03-01T00:00:00.000Z,0.00053322
2024-03-01T08:00:00.000Z,0.00064824
2024-03-01T16:00:00.000Z,0.0004601
2024-03-02T00:00:00.000Z,0.00033426
2024-03-02T08:00:00.001Z,0.00057174
2024-03-02T16:00:00.000Z,0.00056396
2024-03-03T00:00:00.000Z,0.00046267
2024-03-03T08:00:00.000Z,0.00042989
2024-03-03T16:00:00.000Z,0.00044598
2024-03-04T00:00:00.000Z,0.00055071
2024-03-04T08:00:00.000Z,0.00046833
2024-03-04T16:00:00.000Z,0.0006362
2024-03-05T00:00:00.000Z,0.0004896
2024-03-05T08:00:00.000Z,0.00082969
2024-03-05T16:00:00.000Z,0.00088148
2024-03-06T00:00:00.000Z,0.0003628
2024-03-06T08:00:00.001Z,0.00033876
2024-03-06T16:00:00.000Z,0.00049354
2024-03-07T00:00:00.000Z,0.00030311
2024-03-07T08:00:00.000Z,0.00040984
2024-03-07T16:00:00.000Z,0.00054217
2024-03-08T00:00:00.000Z,0.00034819
2024-03-08T08:00:00.000Z,0.00043497
2024-03-08T16:00:00.000Z,0.00062913
2024-03-09T00:00:00.000Z,0.00019134
2024-03-09T08:00:00.001Z,0.00031281
2024-03-09T16:00:00.000Z,0.00026407
2024-03-10T00:00:00.000Z,0.0003101
2024-03-10T08:00:00.000Z,0.00063451
2024-03-10T16:00:00.000Z,0.00054479
2024-03-11T00:00:00.000Z,0.00035489
2024-03-11T08:00:00.000Z,0.00078428
2024-03-11T16:00:00.000Z,0.00066396
2024-03-12T00:00:00.000Z,0.0004447
2024-03-12T08:00:00.000Z,0.000453
2024-03-12T16:00:00.000Z,0.00047935
2024-03-13T00:00:00.000Z,0.00033224
2024-03-13T08:00:00.001Z,0.0006442
2024-03-13T16:00:00.000Z,0.00045402
2024-03-14T00:00:00.001Z,0.00024393
2024-03-14T08:00:00.000Z,0.00038753
2024-03-14T16:00:00.000Z,0.00038258
2024-03-15T00:00:00.000Z,0.00038515
2024-03-15T08:00:00.000Z,0.00014328
2024-03-15T16:00:00.000Z,0.00015306
2024-03-16T00:00:00.000Z,0.0001
2024-03-16T08:00:00.000Z,0.00023202
2024-03-16T16:00:00.000Z,0.00020813
2024-03-17T00:00:00.000Z,0.00013089
2024-03-17T08:00:00.000Z,0.00017773
2024-03-17T16:00:00.000Z,0.00024827
2024-03-18T00:00:00.000Z,0.00020181
2024-03-18T08:00:00.000Z,0.00030597
2024-03-18T16:00:00.001Z,0.00027195
2024-03-19T00:00:00.000Z,0.00026923
2024-03-19T08:00:00.000Z,0.00029065
2024-03-19T16:00:00.001Z,0.00024018
2024-03-20T00:00:00.000Z,0.00015847
2024-03-20T08:00:00.004Z,0.00018388
2024-03-20T16:00:00.000Z,0.0001
2024-03-21T00:00:00.000Z,0.00010403
2024-03-21T08:00:00.000Z,0.00019304
2024-03-21T16:00:00.000Z,0.0001951
2024-03-22T00:00:00.000Z,0.00016271
2024-03-22T08:00:00.000Z,0.0001
2024-03-22T16:00:00.000Z,0.00011993
2024-03-23T00:00:00.000Z,0.0001
2024-03-23T08:00:00.000Z,0.0001
2024-03-23T16:00:00.000Z,0.00010806
2024-03-24T00:00:00.000Z,0.00010351
2024-03-24T08:00:00.000Z,0.00014616
2024-03-24T16:00:00.000Z,0.00015884
2024-03-25T00:00:00.000Z,0.00025549
2024-03-25T08:00:00.001Z,0.00016324
2024-03-25T16:00:00.000Z,0.00028815
2024-03-26T00:00:00.000Z,0.00021963
2024-03-26T08:00:00.000Z,0.00018348
2024-03-26T16:00:00.000Z,0.00026764
2024-03-27T00:00:00.000Z,0.00028757
2024-03-27T08:00:00.001Z,0.00029551
2024-03-27T16:00:00.000Z,0.00043631
2024-03-28T00:00:00.000Z,0.00024195
2024-03-28T08:00:00.000Z,0.00029899
2024-03-28T16:00:00.000Z,0.0002943
2024-03-29T00:00:00.000Z,0.0001825
2024-03-29T08:00:00.000Z,0.00025456
2024-03-29T16:00:00.000Z,0.0003017
2024-03-30T00:00:00.000Z,0.00019624
2024-03-30T08:00:00.000Z,0.00032267
2024-03-30T16:00:00.000Z,0.0003436
2024-03-31T00:00:00.000Z,0.00032351
2024-03-31T08:00:00.000Z,0.00039889
2024-03-31T16:00:00.001Z,0.00040301
2024-04-01T00:00:00.000Z,0.00070161
2024-04-01T08:00:00.000Z,0.00033491
2024-04-01T16:00:00.000Z,0.00027469
2024-04-02T00:00:00.007Z,0.00010926
2024-04-02T08:00:00.015Z,0.0001
2024-04-02T16:00:00.000Z,0.00016456
2024-04-03T00:00:00.000Z,0.0001
2024-04-03T08:00:00.000Z,0.0001
2024-04-03T16:00:00.000Z,0.0001
2024-04-04T00:00:00.000Z,0.0001
2024-04-04T08:00:00.000Z,0.0001
2024-04-04T16:00:00.000Z,0.0001
2024-04-05T00:00:00.000Z,0.0001
2024-04-05T08:00:00.000Z,0.0001
2024-04-05T16:00:00.000Z,0.0001
2024-04-06T00:00:00.000Z,0.0001
2024-04-06T08:00:00.000Z,0.0001
2024-04-06T16:00:00.000Z,0.0001
2024-04-07T00:00:00.000Z,0.0001
2024-04-07T08:00:00.000Z,0.0001
2024-04-07T16:00:00.000Z,0.0001
2024-04-08T00:00:00.001Z,0.0001
2024-04-08T08:00:00.000Z,0.0001
2024-04-08T16:00:00.006Z,0.00035189
2024-04-09T00:00:00.000Z,0.00020915
2024-04-09T08:00:00.001Z,0.00020603
2024-04-09T16:00:00.001Z,0.00019061
2024-04-10T00:00:00.000Z,0.00011929
2024-04-10T08:00:00.001Z,0.00012457
2024-04-10T16:00:00.000Z,0.0001
2024-04-11T00:00:00.000Z,0.00013979
2024-04-11T08:00:00.000Z,0.00020153
2024-04-11T16:00:00.000Z,0.00019763
2024-04-12T00:00:00.000Z,0.00011258
2024-04-12T08:00:00.001Z,0.0002563
2024-04-12T16:00:00.000Z,0.00012214
2024-04-13T00:00:00.000Z,0.0001
2024-04-13T08:00:00.000Z,0.0001
2024-04-13T16:00:00.001Z,0.0001
2024-04-14T00:00:00.000Z,0.0001
2024-04-14T08:00:00.000Z,0.0001
2024-04-14T16:00:00.000Z,0.0001
2024-04-15T00:00:00.000Z,0.0001
2024-04-15T08:00:00.001Z,0.00001759
2024-04-15T16:00:00.000Z,0.0001
2024-04-16T00:00:00.001Z,0.00005953
2024-04-16T08:00:00.000Z,0.00009525
2024-04-16T16:00:00.000Z,0.00003513
2024-04-17T00:00:00.000Z,0.00006375
2024-04-17T08:00:00.000Z,0.00003574
2024-04-17T16:00:00.000Z,0.00006534
2024-04-18T00:00:00.000Z,0.00006937
2024-04-18T08:00:00.000Z,0.00005982
2024-04-18T16:00:00.000Z,-0.00003334
2024-04-19T00:00:00.001Z,-0.0000312
2024-04-19T08:00:00.000Z,0.00006641
2024-04-19T16:00:00.000Z,0.0000588
2024-04-20T00:00:00.000Z,0.0001
2024-04-20T08:00:00.000Z,-0.00000766
2024-04-20T16:00:00.000Z,0.00004204
2024-04-21T00:00:00.000Z,0.00003186
2024-04-21T08:00:00.000Z,-0.00002093
2024-04-21T16:00:00.000Z,0.00008271
2024-04-22T00:00:00.000Z,0.00004409
2024-04-22T08:00:00.000Z,0.00002497
2024-04-22T16:00:00.000Z,0.00000898
2024-04-23T00:00:00.000Z,-0.00001236
2024-04-23T08:00:00.000Z,0.0000524
2024-04-23T16:00:00.001Z,-0.00001083
2024-04-24T00:00:00.000Z,0.00001413
2024-04-24T08:00:00.000Z,0.00005302
2024-04-24T16:00:00.000Z,0.00007047
2024-04-25T00:00:00.000Z,0.0000702
2024-04-25T08:00:00.000Z,0.00004069
2024-04-25T16:00:00.010Z,0.0000114
2024-04-26T00:00:00.001Z,0.00001709
2024-04-26T08:00:00.000Z,0.00000685
2024-04-26T16:00:00.000Z,0.00005562
2024-04-27T00:00:00.000Z,0.0001
2024-04-27T08:00:00.001Z,0.0000747
2024-04-27T16:00:00.000Z,0.00002834
2024-04-28T00:00:00.000Z,0.00001006
2024-04-28T08:00:00.000Z,-0.00002081
2024-04-28T16:00:00.000Z,0.00002782
2024-04-29T00:00:00.000Z,0.00002472
2024-04-29T08:00:00.000Z,0.00005544
2024-04-29T16:00:00.000Z,0.00006828
2024-04-30T00:00:00.000Z,0.0000974
2024-04-30T08:00:00.000Z,0.00009154
2024-04-30T16:00:00.000Z,0.0001
2024-05-01T00:00:00.000Z,0.0001
2024-05-01T08:00:00.000Z,0.00008946
2024-05-01T16:00:00.000Z,0.00009902
2024-05-02T00:00:00.000Z,0.00006634
2024-05-02T08:00:00.000Z,0.00006169
2024-05-02T16:00:00.002Z,-0.00000123
2024-05-03T00:00:00.000Z,-0.00001549
2024-05-03T08:00:00.000Z,-0.00003764
2024-05-03T16:00:00.000Z,0.00008091
2024-05-04T00:00:00.000Z,0.00002703
2024-05-04T08:00:00.000Z,0.00007455
2024-05-04T16:00:00.000Z,0.00006265
2024-05-05T00:00:00.000Z,0.00006906
2024-05-05T08:00:00.000Z,0.00000647
2024-05-05T16:00:00.000Z,0.00003893
2024-05-06T00:00:00.000Z,0.00000602
2024-05-06T08:00:00.000Z,-0.00001031
2024-05-06T16:00:00.000Z,0.00007746
2024-05-07T00:00:00.000Z,0.00006064
2024-05-07T08:00:00.000Z,0.00001581
2024-05-07T16:00:00.000Z,0.00009028
2024-05-08T00:00:00.000Z,0.00004891
2024-05-08T08:00:00.000Z,0.00005553
2024-05-08T16:00:00.000Z,0.00009292
2024-05-09T00:00:00.000Z,0.00005648
2024-05-09T08:00:00.000Z,0.00003315
2024-05-09T16:00:00.000Z,0.00007253
2024-05-10T00:00:00.000Z,0.00001026
2024-05-10T08:00:00.000Z,0.00005934
2024-05-10T16:00:00.000Z,0.00007653
2024-05-11T00:00:00.000Z,0.00008881
2024-05-11T08:00:00.000Z,0.00003771
2024-05-11T16:00:00.000Z,0.00005067
2024-05-12T00:00:00.000Z,0.00002604
2024-05-12T08:00:00.000Z,0.0000283
2024-05-12T16:00:00.000Z,0.0001
2024-05-13T00:00:00.001Z,0.0001
2024-05-13T08:00:00.001Z,0.00008469
2024-05-13T16:00:00.000Z,0.00009151
2024-05-14T00:00:00.000Z,0.00009866
2024-05-14T08:00:00.000Z,0.0001
2024-05-14T16:00:00.000Z,0.00004392
2024-05-15T00:00:00.000Z,0.0001
2024-05-15T08:00:00.000Z,-0.00000385
2024-05-15T16:00:00.000Z,0.00002373
2024-05-16T00:00:00.004Z,0.00002103
2024-05-16T08:00:00.000Z,0.00005148
2024-05-16T16:00:00.000Z,0.00003543
2024-05-17T00:00:00.000Z,0.00004647
2024-05-17T08:00:00.000Z,0.00000815
2024-05-17T16:00:00.000Z,-0.00000298
2024-05-18T00:00:00.000Z,0.00000628
2024-05-18T08:00:00.000Z,0.00008012
2024-05-18T16:00:00.000Z,-0.00000792
2024-05-19T00:00:00.000Z,0.00003339
2024-05-19T08:00:00.000Z,0.0000521
2024-05-19T16:00:00.000Z,0.00004779
2024-05-20T00:00:00.000Z,0.00005607
2024-05-20T08:00:00.000Z,0.00002479
2024-05-20T16:00:00.003Z,0.00002552
2024-05-21T00:00:00.000Z,0.0001
2024-05-21T08:00:00.001Z,0.00010517
2024-05-21T16:00:00.000Z,0.0001
2024-05-22T00:00:00.000Z,0.0001
2024-05-22T08:00:00.000Z,0.00015759
2024-05-22T16:00:00.000Z,0.0001
2024-05-23T00:00:00.000Z,0.0001
2024-05-23T08:00:00.000Z,0.0001
2024-05-23T16:00:00.000Z,0.0001
2024-05-24T00:00:00.000Z,0.0001
2024-05-24T08:00:00.000Z,0.0001
2024-05-24T16:00:00.000Z,0.0001
2024-05-25T00:00:00.000Z,0.0001
2024-05-25T08:00:00.000Z,0.0001
2024-05-25T16:00:00.000Z,0.0001
2024-05-26T00:00:00.000Z,0.0001
2024-05-26T08:00:00.000Z,0.0001
2024-05-26T16:00:00.000Z,0.0001
2024-05-27T00:00:00.000Z,0.0001
2024-05-27T08:00:00.000Z,0.0001
2024-05-27T16:00:00.000Z,0.0001
2024-05-28T00:00:00.000Z,0.0001
2024-05-28T08:00:00.000Z,0.0001
2024-05-28T16:00:00.000Z,0.0001
2024-05-29T00:00:00.001Z,0.0001
2024-05-29T08:00:00.000Z,0.0001
2024-05-29T16:00:00.000Z,0.00012558
2024-05-30T00:00:00.000Z,0.0001
2024-05-30T08:00:00.000Z,0.0001
2024-05-30T16:00:00.000Z,0.0001
2024-05-31T00:00:00.000Z,0.00014599
2024-05-31T08:00:00.000Z,0.00012268
2024-05-31T16:00:00.000Z,0.0001
2024-06-01T00:00:00.000Z,0.0001
2024-06-01T08:00:00.000Z,0.0001
2024-06-01T16:00:00.001Z,0.0001025
2024-06-02T00:00:00.000Z,0.0001
2024-06-02T08:00:00.000Z,0.0001
2024-06-02T16:00:00.000Z,0.0001
2024-06-03T00:00:00.000Z,0.0001
2024-06-03T08:00:00.000Z,0.00014135
2024-06-03T16:00:00.000Z,0.0001
2024-06-04T00:00:00.000Z,0.00012008
2024-06-04T08:00:00.000Z,0.0001
2024-06-04T16:00:00.000Z,0.0001
2024-06-05T00:00:00.000Z,0.0001
2024-06-05T08:00:00.000Z,0.00016387
2024-06-05T16:00:00.000Z,0.00013226
2024-06-06T00:00:00.000Z,0.0001
2024-06-06T08:00:00.008Z,0.00010438
2024-06-06T16:00:00.000Z,0.0001177
2024-06-07T00:00:00.000Z,0.0001
2024-06-07T08:00:00.000Z,0.0001
2024-06-07T16:00:00.000Z,0.00010166
2024-06-08T00:00:00.000Z,0.0001
2024-06-08T08:00:00.000Z,0.0001
2024-06-08T16:00:00.000Z,0.0001
2024-06-09T00:00:00.000Z,0.0001
2024-06-09T08:00:00.000Z,0.0001
2024-06-09T16:00:00.001Z,0.0001
2024-06-10T00:00:00.000Z,0.0001
2024-06-10T08:00:00.000Z,0.0001
2024-06-10T16:00:00.001Z,0.0001
2024-06-11T00:00:00.001Z,0.0001
2024-06-11T08:00:00.000Z,0.0001
2024-06-11T16:00:00.000Z,0.0001
2024-06-12T00:00:00.000Z,0.0001
2024-06-12T08:00:00.000Z,0.0001
2024-06-12T16:00:00.000Z,0.0001
2024-06-13T00:00:00.000Z,0.0001
2024-06-13T08:00:00.001Z,0.0001
2024-06-13T16:00:00.000Z,0.0001
2024-06-14T00:00:00.000Z,0.0001
2024-06-14T08:00:00.000Z,0.0001
2024-06-14T16:00:00.000Z,0.0001
2024-06-15T00:00:00.000Z,0.0001
2024-06-15T08:00:00.000Z,0.0001
2024-06-15T16:00:00.000Z,0.0001
2024-06-16T00:00:00.001Z,0.0001
2024-06-16T08:00:00.000Z,0.0001
2024-06-16T16:00:00.000Z,0.0001
2024-06-17T00:00:00.000Z,0.0001
2024-06-17T08:00:00.000Z,0.0001
2024-06-17T16:00:00.000Z,0.0001
2024-06-18T00:00:00.000Z,0.0001
2024-06-18T08:00:00.000Z,0.00008236
2024-06-18T16:00:00.000Z,0.0001
2024-06-19T00:00:00.001Z,0.0001
2024-06-19T08:00:00.001Z,0.00004127
2024-06-19T16:00:00.000Z,0.00002967
2024-06-20T00:00:00.000Z,0.00003934
2024-06-20T08:00:00.000Z,0.00005953
2024-06-20T16:00:00.000Z,0.00006879
2024-06-21T00:00:00.000Z,0.00003344
2024-06-21T08:00:00.000Z,0.00007328
2024-06-21T16:00:00.000Z,0.0001
2024-06-22T00:00:00.000Z,0.0001
2024-06-22T08:00:00.000Z,0.00004146
2024-06-22T16:00:00.000Z,0.0001
2024-06-23T00:00:00.000Z,0.0001
2024-06-23T08:00:00.000Z,0.00002307
2024-06-23T16:00:00.000Z,0.00004676
2024-06-24T00:00:00.002Z,0.00009534
2024-06-24T08:00:00.000Z,0.0001
2024-06-24T16:00:00.000Z,0.00007488
2024-06-25T00:00:00.000Z,0.00007447
2024-06-25T08:00:00.000Z,0.00005949
2024-06-25T16:00:00.000Z,0.00007752
2024-06-26T00:00:00.002Z,0.0001
2024-06-26T08:00:00.000Z,0.0001
2024-06-26T16:00:00.000Z,0.0001
2024-06-27T00:00:00.000Z,0.0001
2024-06-27T08:00:00.001Z,0.0001
2024-06-27T16:00:00.000Z,0.0001
2024-06-28T00:00:00.000Z,0.0001
2024-06-28T08:00:00.000Z,0.0001
2024-06-28T16:00:00.000Z,0.0001
2024-06-29T00:00:00.001Z,0.0001
2024-06-29T08:00:00.000Z,0.0001
2024-06-29T16:00:00.000Z,0.0001
2024-06-30T00:00:00.000Z,0.0001
2024-06-30T08:00:00.000Z,0.0001
2024-06-30T16:00:00.000Z,0.0001
2024-07-01T00:00:00.000Z,0.0001
2024-07-01T08:00:00.000Z,0.0001
2024-07-01T16:00:00.001Z,0.0001
2024-07-02T00:00:00.000Z,0.0001
2024-07-02T08:00:00.000Z,0.0001
2024-07-02T16:00:00.000Z,0.0001
2024-07-03T00:00:00.000Z,0.0001
2024-07-03T08:00:00.001Z,0.0001
2024-07-03T16:00:00.000Z,0.0001
2024-07-04T00:00:00.000Z,0.0001
2024-07-04T08:00:00.000Z,0.0001
2024-07-04T16:00:00.000Z,0.0001
2024-07-05T00:00:00.000Z,0.0001
2024-07-05T08:00:00.000Z,0.0001
2024-07-05T16:00:00.000Z,0.00001762
2024-07-06T00:00:00.000Z,0.00005729
2024-07-06T08:00:00.000Z,0.00007512
2024-07-06T16:00:00.000Z,0.0000325
2024-07-07T00:00:00.001Z,0.00008164
2024-07-07T08:00:00.000Z,0.0001
2024-07-07T16:00:00.000Z,0.0001
2024-07-08T00:00:00.000Z,0.00007905
2024-07-08T08:00:00.000Z,0.00008222
2024-07-08T16:00:00.000Z,0.0001
2024-07-09T00:00:00.000Z,0.0001
2024-07-09T08:00:00.001Z,0.00000861
2024-07-09T16:00:00.000Z,0.0001
2024-07-10T00:00:00.000Z,0.0001
2024-07-10T08:00:00.000Z,0.00009225
2024-07-10T16:00:00.000Z,0.00005485
2024-07-11T00:00:00.002Z,0.0001
2024-07-11T08:00:00.002Z,0.0001
2024-07-11T16:00:00.004Z,0.0001
2024-07-12T00:00:00.000Z,0.00006378
2024-07-12T08:00:00.000Z,0.00003026
2024-07-12T16:00:00.000Z,0.00004037
2024-07-13T00:00:00.000Z,0.00008319
2024-07-13T08:00:00.000Z,0.00006865
2024-07-13T16:00:00.000Z,0.0001
2024-07-14T00:00:00.000Z,0.00008737
2024-07-14T08:00:00.000Z,0.0000371
2024-07-14T16:00:00.000Z,0.00008342
2024-07-15T00:00:00.000Z,0.0000459
2024-07-15T08:00:00.000Z,0.00003202
2024-07-15T16:00:00.000Z,-0.00000514
2024-07-16T00:00:00.000Z,-0.00005062
2024-07-16T08:00:00.000Z,0.00008814
2024-07-16T16:00:00.000Z,0.00002717
2024-07-17T00:00:00.000Z,-0.00003419
2024-07-17T08:00:00.001Z,0.00001775
2024-07-17T16:00:00.000Z,0.00002143
2024-07-18T00:00:00.000Z,0.00000689
2024-07-18T08:00:00.000Z,0.00001546
2024-07-18T16:00:00.000Z,0.00003127
2024-07-19T00:00:00.000Z,0.00004029
2024-07-19T08:00:00.000Z,0.00004855
2024-07-19T16:00:00.000Z,0.00004606
2024-07-20T00:00:00.001Z,-0.00003077
2024-07-20T08:00:00.000Z,0.00001944
2024-07-20T16:00:00.000Z,0.00001622
2024-07-21T00:00:00.000Z,-0.00005313
2024-07-21T08:00:00.000Z,0.00002194
2024-07-21T16:00:00.000Z,0.00000646
2024-07-22T00:00:00.000Z,0.00009136
2024-07-22T08:00:00.000Z,0.00005953
2024-07-22T16:00:00.000Z,0.00002769
2024-07-23T00:00:00.000Z,0.00004709
2024-07-23T08:00:00.000Z,0.0000431
2024-07-23T16:00:00.000Z,0.00004642
2024-07-24T00:00:00.000Z,0.0001
2024-07-24T08:00:00.000Z,0.0001
2024-07-24T16:00:00.000Z,0.0001
2024-07-25T00:00:00.000Z,0.0001
2024-07-25T08:00:00.000Z,0.0001
2024-07-25T16:00:00.000Z,0.0001
2024-07-26T00:00:00.000Z,0.0001
2024-07-26T08:00:00.000Z,0.0001
2024-07-26T16:00:00.000Z,0.0000334
2024-07-27T00:00:00.000Z,0.00006547
2024-07-27T08:00:00.000Z,0.00008022
2024-07-27T16:00:00.000Z,0.00009109
2024-07-28T00:00:00.000Z,0.0000818
2024-07-28T08:00:00.000Z,0.00009177
2024-07-28T16:00:00.001Z,0.00002804
2024-07-29T00:00:00.001Z,0.00008361
2024-07-29T08:00:00.000Z,0.00005623
2024-07-29T16:00:00.001Z,0.0001
2024-07-30T00:00:00.000Z,0.00003396
2024-07-30T08:00:00.001Z,0.00003562
2024-07-30T16:00:00.000Z,0.00007691
2024-07-31T00:00:00.000Z,0.00003063
2024-07-31T08:00:00.000Z,0.00007178
2024-07-31T16:00:00.000Z,0.00003826
2024-08-01T00:00:00.000Z,0.00008208
2024-08-01T08:00:00.000Z,0.0001
2024-08-01T16:00:00.000Z,0.0001
2024-08-02T00:00:00.000Z,0.0001
2024-08-02T08:00:00.001Z,0.0001
2024-08-02T16:00:00.000Z,0.0001
2024-08-03T00:00:00.000Z,0.0001
2024-08-03T08:00:00.000Z,0.00009788
2024-08-03T16:00:00.001Z,0.00004247
2024-08-04T00:00:00.000Z,0.0001
2024-08-04T08:00:00.000Z,0.00005343
2024-08-04T16:00:00.000Z,0.0001
2024-08-05T00:00:00.000Z,0.0001
2024-08-05T08:00:00.000Z,0.00004429
2024-08-05T16:00:00.000Z,0.00005967
2024-08-06T00:00:00.000Z,0.00003566
2024-08-06T08:00:00.000Z,-0.00002845
2024-08-06T16:00:00.000Z,0.00004485
2024-08-07T00:00:00.000Z,-0.0000073
2024-08-07T08:00:00.001Z,-0.00006859
2024-08-07T16:00:00.000Z,0.00003241
2024-08-08T00:00:00.001Z,0.00002637
2024-08-08T08:00:00.000Z,0.00003086
2024-08-08T16:00:00.000Z,0.00001147
2024-08-09T00:00:00.000Z,0.00004994
2024-08-09T08:00:00.000Z,0.00002184
2024-08-09T16:00:00.000Z,0.00004846
2024-08-10T00:00:00.000Z,-0.00003942
2024-08-10T08:00:00.000Z,-0.00001379
2024-08-10T16:00:00.000Z,-0.00001949
2024-08-11T00:00:00.000Z,0.00004049
2024-08-11T08:00:00.000Z,-0.00001839
2024-08-11T16:00:00.001Z,0.00001185
2024-08-12T00:00:00.000Z,0.00001113
2024-08-12T08:00:00.000Z,0.00008783
2024-08-12T16:00:00.000Z,-0.00002238
2024-08-13T00:00:00.000Z,0.0000614
2024-08-13T08:00:00.000Z,0.00000521
2024-08-13T16:00:00.000Z,-0.00003902
2024-08-14T00:00:00.000Z,0.00001152
2024-08-14T08:00:00.000Z,-0.0000133
2024-08-14T16:00:00.000Z,-0.00007811
2024-08-15T00:00:00.000Z,-0.00008488
2024-08-15T08:00:00.000Z,0.00006339
2024-08-15T16:00:00.000Z,-0.00006181
2024-08-16T00:00:00.000Z,-0.00011235
2024-08-16T08:00:00.000Z,-0.00007387
2024-08-16T16:00:00.000Z,-0.00000557
2024-08-17T00:00:00.000Z,0.00001912
2024-08-17T08:00:00.000Z,0.00004177
2024-08-17T16:00:00.000Z,-0.00000152
2024-08-18T00:00:00.000Z,0.00003966
2024-08-18T08:00:00.000Z,-0.00001323
2024-08-18T16:00:00.000Z,-0.00003149
2024-08-19T00:00:00.000Z,-0.00003616
2024-08-19T08:00:00.000Z,-0.0000675
2024-08-19T16:00:00.002Z,-0.00001957
2024-08-20T00:00:00.000Z,-0.00002656
2024-08-20T08:00:00.000Z,0.00001349
2024-08-20T16:00:00.001Z,0.00001419
2024-08-21T00:00:00.001Z,-0.00006756
2024-08-21T08:00:00.000Z,-0.00000591
2024-08-21T16:00:00.001Z,0.00000396
2024-08-22T00:00:00.000Z,-0.00002229
2024-08-22T08:00:00.000Z,0.00001338
2024-08-22T16:00:00.008Z,-0.00007261
2024-08-23T00:00:00.000Z,-0.00003329
2024-08-23T08:00:00.000Z,0.00002391
2024-08-23T16:00:00.000Z,-0.00004317
2024-08-24T00:00:00.000Z,-0.00000772
2024-08-24T08:00:00.005Z,-0.00000723
2024-08-24T16:00:00.000Z,0.00006395
2024-08-25T00:00:00.000Z,-0.00004806
2024-08-25T08:00:00.000Z,-0.00001531
2024-08-25T16:00:00.000Z,0.00003108
2024-08-26T00:00:00.000Z,0.00002439
2024-08-26T08:00:00.001Z,0.00003448
2024-08-26T16:00:00.000Z,0.00003789
2024-08-27T00:00:00.001Z,0.00002795
2024-08-27T08:00:00.000Z,0.00001751
2024-08-27T16:00:00.000Z,0.00007753
2024-08-28T00:00:00.000Z,-0.00006803
2024-08-28T08:00:00.000Z,0.00002433
2024-08-28T16:00:00.001Z,0.00001143
2024-08-29T00:00:00.000Z,-0.00000976
2024-08-29T08:00:00.001Z,-0.00001644
2024-08-29T16:00:00.000Z,0.00000559
2024-08-30T00:00:00.000Z,0.00000936
2024-08-30T08:00:00.000Z,0.00003578
2024-08-30T16:00:00.000Z,0.00002927
2024-08-31T00:00:00.000Z,-0.00001749
2024-08-31T08:00:00.000Z,0.00003578
2024-08-31T16:00:00.000Z,0.000038
2024-09-01T00:00:00.000Z,0.00004113
2024-09-01T08:00:00.001Z,-0.00003432
2024-09-01T16:00:00.000Z,-0.00000382
2024-09-02T00:00:00.001Z,-0.00003386
2024-09-02T08:00:00.001Z,0.00000248
2024-09-02T16:00:00.000Z,-0.00000363
2024-09-03T00:00:00.000Z,0.00006245
2024-09-03T08:00:00.001Z,0.00005123
2024-09-03T16:00:00.000Z,0.00004598
2024-09-04T00:00:00.000Z,0.00002209
2024-09-04T08:00:00.000Z,0.0000105
2024-09-04T16:00:00.000Z,-0.0000147
2024-09-05T00:00:00.000Z,0.00009016
2024-09-05T08:00:00.000Z,0.00002025
2024-09-05T16:00:00.005Z,0.0000249
2024-09-06T00:00:00.000Z,0.0000228
2024-09-06T08:00:00.001Z,-1e-8
2024-09-06T16:00:00.000Z,0.00001428
2024-09-07T00:00:00.000Z,-0.00000557
2024-09-07T08:00:00.000Z,-0.00007634
2024-09-07T16:00:00.000Z,-0.00007236
2024-09-08T00:00:00.000Z,0.00003745
2024-09-08T08:00:00.000Z,-0.00005999
2024-09-08T16:00:00.000Z,-0.00005245
2024-09-09T00:00:00.000Z,-0.00007585
2024-09-09T08:00:00.000Z,-0.00007108
2024-09-09T16:00:00.001Z,-0.00003875
2024-09-10T00:00:00.000Z,-0.00006028
2024-09-10T08:00:00.000Z,-0.0000293
2024-09-10T16:00:00.000Z,-0.00001126
2024-09-11T00:00:00.000Z,-0.00008953
2024-09-11T08:00:00.000Z,-0.00002247
2024-09-11T16:00:00.000Z,-0.00005212
2024-09-12T00:00:00.000Z,-0.00001951
2024-09-12T08:00:00.000Z,-0.00000546
2024-09-12T16:00:00.000Z,-0.0000295
2024-09-13T00:00:00.000Z,-6.9e-7
2024-09-13T08:00:00.001Z,-0.00000869
2024-09-13T16:00:00.001Z,-0.00002443
2024-09-14T00:00:00.000Z,-0.00008699
2024-09-14T08:00:00.000Z,0.00000859
2024-09-14T16:00:00.001Z,0.00002326
2024-09-15T00:00:00.000Z,-0.00000491
2024-09-15T08:00:00.000Z,1e-8
2024-09-15T16:00:00.000Z,0.00000402
2024-09-16T00:00:00.000Z,0.00002402
2024-09-16T08:00:00.001Z,0.00003564
2024-09-16T16:00:00.000Z,0.00006762
2024-09-17T00:00:00.001Z,0.00008529
2024-09-17T08:00:00.000Z,0.00001911
2024-09-17T16:00:00.000Z,0.00005327
2024-09-18T00:00:00.000Z,0.00001344
2024-09-18T08:00:00.000Z,0.00001678
2024-09-18T16:00:00.004Z,0.00004648
2024-09-19T00:00:00.000Z,0.00003512
2024-09-19T08:00:00.000Z,0.00002949
2024-09-19T16:00:00.001Z,0.00004072
2024-09-20T00:00:00.000Z,0.00008065
2024-09-20T08:00:00.001Z,-0.00000503
2024-09-20T16:00:00.000Z,0.00005543
2024-09-21T00:00:00.001Z,0.00004638
2024-09-21T08:00:00.000Z,0.0001
2024-09-21T16:00:00.000Z,0.00008234
2024-09-22T00:00:00.000Z,0.00006285
2024-09-22T08:00:00.000Z,0.00009254
2024-09-22T16:00:00.000Z,0.00005537
2024-09-23T00:00:00.000Z,0.00006546
2024-09-23T08:00:00.000Z,0.00001364
2024-09-23T16:00:00.000Z,0.00005304
2024-09-24T00:00:00.000Z,0.00002324
2024-09-24T08:00:00.000Z,0.00002895
2024-09-24T16:00:00.001Z,-0.00000182
2024-09-25T00:00:00.000Z,0.00001223
2024-09-25T08:00:00.003Z,0.00001141
2024-09-25T16:00:00.000Z,0.00001336
2024-09-26T00:00:00.005Z,0.0000165
2024-09-26T08:00:00.000Z,0.00006246
2024-09-26T16:00:00.000Z,0.0001
2024-09-27T00:00:00.000Z,0.0001
2024-09-27T08:00:00.000Z,0.00006722
2024-09-27T16:00:00.000Z,0.00002275
2024-09-28T00:00:00.000Z,0.00005455
2024-09-28T08:00:00.001Z,0.000083
2024-09-28T16:00:00.000Z,0.00001414
2024-09-29T00:00:00.001Z,0.00000725
2024-09-29T08:00:00.000Z,0.00003128
2024-09-29T16:00:00.000Z,0.00007253
2024-09-30T00:00:00.000Z,0.00003077
2024-09-30T08:00:00.001Z,0.00007939
2024-09-30T16:00:00.000Z,0.0001
2024-10-01T00:00:00.000Z,0.0001
2024-10-01T08:00:00.000Z,0.0001
2024-10-01T16:00:00.001Z,0.0001
2024-10-02T00:00:00.000Z,0.00006632
2024-10-02T08:00:00.000Z,0.00008409
2024-10-02T16:00:00.000Z,0.00008191
2024-10-03T00:00:00.000Z,0.00004381
2024-10-03T08:00:00.000Z,0.00003746
2024-10-03T16:00:00.000Z,0.0000499
2024-10-04T00:00:00.000Z,0.00007097
2024-10-04T08:00:00.000Z,0.00002119
2024-10-04T16:00:00.001Z,0.00000243
2024-10-05T00:00:00.000Z,-0.00001596
2024-10-05T08:00:00.000Z,0.00001088
2024-10-05T16:00:00.000Z,0.00000861
2024-10-06T00:00:00.000Z,0.00000572
2024-10-06T08:00:00.001Z,0.00003288
2024-10-06T16:00:00.000Z,0.0000418
2024-10-07T00:00:00.000Z,0.00004573
2024-10-07T08:00:00.000Z,-0.00000952
2024-10-07T16:00:00.001Z,0.00002177
2024-10-08T00:00:00.000Z,-0.00001678
2024-10-08T08:00:00.000Z,0.00007094
2024-10-08T16:00:00.000Z,0.000081
2024-10-09T00:00:00.000Z,0.0001
2024-10-09T08:00:00.000Z,0.00005138
2024-10-09T16:00:00.000Z,0.00007939
2024-10-10T00:00:00.000Z,0.0000209
2024-10-10T08:00:00.000Z,0.00001532
2024-10-10T16:00:00.000Z,0.0001
2024-10-11T00:00:00.000Z,0.00002231
2024-10-11T08:00:00.000Z,-0.00001874
2024-10-11T16:00:00.001Z,0.0000012
2024-10-12T00:00:00.000Z,0.00004558
2024-10-12T08:00:00.001Z,0.00007664
2024-10-12T16:00:00.000Z,-0.00001489
2024-10-13T00:00:00.000Z,0.00000693
2024-10-13T08:00:00.000Z,0.00001638
2024-10-13T16:00:00.000Z,0.00003938
2024-10-14T00:00:00.000Z,0.00005429
2024-10-14T08:00:00.000Z,0.0001
2024-10-14T16:00:00.000Z,0.0001
2024-10-15T00:00:00.000Z,0.0001
2024-10-15T08:00:00.000Z,0.0001
2024-10-15T16:00:00.000Z,0.0001
2024-10-16T00:00:00.000Z,0.00008325
2024-10-16T08:00:00.001Z,0.000085
2024-10-16T16:00:00.000Z,0.0001
2024-10-17T00:00:00.000Z,0.0001
2024-10-17T08:00:00.000Z,0.0001
2024-10-17T16:00:00.001Z,0.0001
2024-10-18T00:00:00.010Z,0.0001
2024-10-18T08:00:00.001Z,0.0001
2024-10-18T16:00:00.000Z,0.0001
2024-10-19T00:00:00.000Z,0.0001
2024-10-19T08:00:00.000Z,0.0001
2024-10-19T16:00:00.000Z,0.0001
2024-10-20T00:00:00.000Z,0.0001
2024-10-20T08:00:00.000Z,0.0001
2024-10-20T16:00:00.000Z,0.0001
2024-10-21T00:00:00.000Z,0.0001
2024-10-21T08:00:00.000Z,0.0001
2024-10-21T16:00:00.000Z,0.0001
2024-10-22T00:00:00.000Z,0.0001
2024-10-22T08:00:00.000Z,0.0001
2024-10-22T16:00:00.000Z,0.0001
2024-10-23T00:00:00.000Z,0.0001
2024-10-23T08:00:00.000Z,0.0001
2024-10-23T16:00:00.000Z,0.0001
2024-10-24T00:00:00.000Z,0.0001
2024-10-24T08:00:00.000Z,0.0001
2024-10-24T16:00:00.000Z,0.0001
2024-10-25T00:00:00.000Z,0.0001
2024-10-25T08:00:00.000Z,0.0001
2024-10-25T16:00:00.000Z,0.0001
2024-10-26T00:00:00.000Z,0.00004755
2024-10-26T08:00:00.001Z,0.00007569
2024-10-26T16:00:00.000Z,0.0001
2024-10-27T00:00:00.000Z,0.0001
2024-10-27T08:00:00.000Z,0.00009724
2024-10-27T16:00:00.000Z,0.0001
2024-10-28T00:00:00.000Z,0.00009425
2024-10-28T08:00:00.001Z,0.0001
2024-10-28T16:00:00.000Z,0.00008946
2024-10-29T00:00:00.000Z,0.0001
2024-10-29T08:00:00.000Z,0.0001
2024-10-29T16:00:00.004Z,0.0001
2024-10-30T00:00:00.000Z,0.0001
2024-10-30T08:00:00.000Z,0.0001
2024-10-30T16:00:00.013Z,0.0001
2024-10-31T00:00:00.000Z,0.0001
2024-10-31T08:00:00.000Z,0.0001
2024-10-31T16:00:00.000Z,0.0001
2024-11-01T00:00:00.000Z,0.0001
2024-11-01T08:00:00.000Z,0.0001
2024-11-01T16:00:00.000Z,0.0001
2024-11-02T00:00:00.000Z,0.0001
2024-11-02T08:00:00.000Z,0.0001
2024-11-02T16:00:00.000Z,0.0001
2024-11-03T00:00:00.000Z,0.0001
2024-11-03T08:00:00.000Z,0.0001
2024-11-03T16:00:00.000Z,0.0001
2024-11-04T00:00:00.000Z,0.0001
2024-11-04T08:00:00.000Z,0.0001
2024-11-04T16:00:00.000Z,0.0001
2024-11-05T00:00:00.000Z,0.0001
2024-11-05T08:00:00.003Z,0.0001
2024-11-05T16:00:00.001Z,0.0001
2024-11-06T00:00:00.000Z,0.0001
2024-11-06T08:00:00.000Z,0.0001
2024-11-06T16:00:00.000Z,0.0001
2024-11-07T00:00:00.000Z,0.0001
2024-11-07T08:00:00.000Z,0.0001
2024-11-07T16:00:00.000Z,0.0001
2024-11-08T00:00:00.000Z,0.0001
2024-11-08T08:00:00.000Z,0.0001
2024-11-08T16:00:00.000Z,0.0001
2024-11-09T00:00:00.000Z,0.0001
2024-11-09T08:00:00.000Z,0.0001
2024-11-09T16:00:00.000Z,0.0001
2024-11-10T00:00:00.000Z,0.0001
2024-11-10T08:00:00.000Z,0.00025603
2024-11-10T16:00:00.000Z,0.00014113
2024-11-11T00:00:00.001Z,0.00036878
2024-11-11T08:00:00.000Z,0.0001
2024-11-11T16:00:00.000Z,0.0001
2024-11-12T00:00:00.002Z,0.00049133
2024-11-12T08:00:00.000Z,0.00043737
2024-11-12T16:00:00.000Z,0.00038754
2024-11-13T00:00:00.000Z,0.0001
2024-11-13T08:00:00.010Z,0.00013101
2024-11-13T16:00:00.000Z,0.00021856
2024-11-14T00:00:00.001Z,0.0001
2024-11-14T08:00:00.000Z,0.0001
2024-11-14T16:00:00.000Z,0.0001
2024-11-15T00:00:00.000Z,0.0001
2024-11-15T08:00:00.000Z,0.0001
2024-11-15T16:00:00.000Z,0.00010977
2024-11-16T00:00:00.001Z,0.0001
2024-11-16T08:00:00.001Z,0.0001
2024-11-16T16:00:00.000Z,0.00013231
2024-11-17T00:00:00.000Z,0.00015765
2024-11-17T08:00:00.000Z,0.0001
2024-11-17T16:00:00.001Z,0.00010577
2024-11-18T00:00:00.000Z,0.0001
2024-11-18T08:00:00.000Z,0.0003645
2024-11-18T16:00:00.000Z,0.00021318
2024-11-19T00:00:00.000Z,0.00021606
2024-11-19T08:00:00.000Z,0.00030216
2024-11-19T16:00:00.000Z,0.00017959
2024-11-20T00:00:00.003Z,0.0001
2024-11-20T08:00:00.000Z,0.0001
2024-11-20T16:00:00.000Z,0.0001
2024-11-21T00:00:00.001Z,0.0001
2024-11-21T08:00:00.000Z,0.0001
2024-11-21T16:00:00.001Z,0.0001
2024-11-22T00:00:00.000Z,0.0001
2024-11-22T08:00:00.000Z,0.0001
2024-11-22T16:00:00.001Z,0.0001
2024-11-23T00:00:00.000Z,0.0001
2024-11-23T08:00:00.000Z,0.0001
2024-11-23T16:00:00.000Z,0.0001
2024-11-24T00:00:00.001Z,0.0001
2024-11-24T08:00:00.000Z,0.00016148
2024-11-24T16:00:00.000Z,0.00023228
2024-11-25T00:00:00.000Z,0.00021035
2024-11-25T08:00:00.000Z,0.0001
2024-11-25T16:00:00.000Z,0.00025233
2024-11-26T00:00:00.000Z,0.00021902
2024-11-26T08:00:00.000Z,0.00017936
2024-11-26T16:00:00.000Z,0.00029599
2024-11-27T00:00:00.000Z,0.00031205
2024-11-27T08:00:00.000Z,0.00016795
2024-11-27T16:00:00.001Z,0.0001
2024-11-28T00:00:00.000Z,0.0001
2024-11-28T08:00:00.000Z,0.00014326
2024-11-28T16:00:00.000Z,0.00011859
2024-11-29T00:00:00.000Z,0.00020619
2024-11-29T08:00:00.000Z,0.00011747
2024-11-29T16:00:00.000Z,0.00021921
2024-11-30T00:00:00.000Z,0.0001
2024-11-30T08:00:00.000Z,0.00015909
2024-11-30T16:00:00.000Z,0.00012063
2024-12-01T00:00:00.000Z,0.00015901
2024-12-01T08:00:00.000Z,0.00019581
2024-12-01T16:00:00.000Z,0.0001
2024-12-02T00:00:00.001Z,0.00025726
2024-12-02T08:00:00.001Z,0.00024556
2024-12-02T16:00:00.000Z,0.00013387
2024-12-03T00:00:00.000Z,0.00012779
2024-12-03T08:00:00.000Z,0.00024926
2024-12-03T16:00:00.000Z,0.00011952
2024-12-04T00:00:00.000Z,0.00026634
2024-12-04T08:00:00.000Z,0.00026254
2024-12-04T16:00:00.000Z,0.00023234
2024-12-05T00:00:00.001Z,0.00027625
2024-12-05T08:00:00.000Z,0.00072446
2024-12-05T16:00:00.000Z,0.00047059
2024-12-06T00:00:00.000Z,0.0001
2024-12-06T08:00:00.000Z,0.00014634
2024-12-06T16:00:00.000Z,0.0001
2024-12-07T00:00:00.000Z,0.00031972
2024-12-07T08:00:00.000Z,0.00012374
2024-12-07T16:00:00.000Z,0.0001409
2024-12-08T00:00:00.000Z,0.00016985
2024-12-08T08:00:00.000Z,0.00016572
2024-12-08T16:00:00.000Z,0.0001758
2024-12-09T00:00:00.000Z,0.00030413
2024-12-09T08:00:00.000Z,0.00021032
2024-12-09T16:00:00.001Z,0.00011115
2024-12-10T00:00:00.007Z,0.0001
2024-12-10T08:00:00.000Z,0.0001
2024-12-10T16:00:00.000Z,0.0001
2024-12-11T00:00:00.000Z,0.0001
2024-12-11T08:00:00.000Z,0.0001
2024-12-11T16:00:00.001Z,0.0001
2024-12-12T00:00:00.001Z,0.0001
2024-12-12T08:00:00.000Z,0.0001
2024-12-12T16:00:00.001Z,0.0001
2024-12-13T00:00:00.000Z,0.0001
2024-12-13T08:00:00.000Z,0.0001
2024-12-13T16:00:00.001Z,0.0001
2024-12-14T00:00:00.000Z,0.0000675
2024-12-14T08:00:00.000Z,0.0001
2024-12-14T16:00:00.000Z,0.0001
2024-12-15T00:00:00.000Z,0.0001
2024-12-15T08:00:00.000Z,0.00008194
2024-12-15T16:00:00.000Z,0.0001
2024-12-16T00:00:00.000Z,0.0001
2024-12-16T08:00:00.001Z,0.0001
2024-12-16T16:00:00.000Z,0.00009181
2024-12-17T00:00:00.000Z,0.00007866
2024-12-17T08:00:00.000Z,0.0001
2024-12-17T16:00:00.000Z,0.0001
2024-12-18T00:00:00.000Z,0.0001
2024-12-18T08:00:00.000Z,0.00009159
2024-12-18T16:00:00.000Z,0.0001
2024-12-19T00:00:00.000Z,0.0001
2024-12-19T08:00:00.000Z,0.0001
2024-12-19T16:00:00.000Z,0.0001
2024-12-20T00:00:00.000Z,0.0001
2024-12-20T08:00:00.001Z,0.0001
2024-12-20T16:00:00.014Z,0.0001
2024-12-21T00:00:00.000Z,0.0001
2024-12-21T08:00:00.000Z,0.00001206
2024-12-21T16:00:00.001Z,0.0001
2024-12-22T00:00:00.000Z,0.0001
2024-12-22T08:00:00.000Z,0.0001
2024-12-22T16:00:00.000Z,0.00009629
2024-12-23T00:00:00.000Z,0.0001
2024-12-23T08:00:00.000Z,0.0001
2024-12-23T16:00:00.001Z,0.00008981
2024-12-24T00:00:00.000Z,0.0001
2024-12-24T08:00:00.000Z,0.0001
2024-12-24T16:00:00.001Z,0.0001
2024-12-25T00:00:00.001Z,0.0001
2024-12-25T08:00:00.000Z,0.0001
2024-12-25T16:00:00.000Z,0.0001
2024-12-26T00:00:00.000Z,0.00009827
2024-12-26T08:00:00.000Z,0.00007453
2024-12-26T16:00:00.000Z,0.00008585
2024-12-27T00:00:00.000Z,0.0001
2024-12-27T08:00:00.000Z,0.0001
2024-12-27T16:00:00.000Z,0.0001
2024-12-28T00:00:00.001Z,0.0001
2024-12-28T08:00:00.000Z,0.00007639
2024-12-28T16:00:00.000Z,0.00005173
2024-12-29T00:00:00.000Z,0.00008013
2024-12-29T08:00:00.000Z,0.0001
2024-12-29T16:00:00.000Z,0.0001
2024-12-30T00:00:00.000Z,-4.2e-7
2024-12-30T08:00:00.001Z,0.00008791
2024-12-30T16:00:00.000Z,0.0001
2024-12-31T00:00:00.000Z,0.0001
2024-12-31T08:00:00.000Z,0.0001
2024-12-31T16:00:00.000Z,0.0001
2025-01-01T00:00:00.015Z,0.0001
2025-01-01T08:00:00.000Z,0.0001
2025-01-01T16:00:00.001Z,0.0001
2025-01-02T00:00:00.000Z,0.0001
2025-01-02T08:00:00.006Z,0.0001
2025-01-02T16:00:00.000Z,0.0001
2025-01-03T00:00:00.000Z,0.0001
2025-01-03T08:00:00.000Z,0.0001
2025-01-03T16:00:00.000Z,0.00005242
2025-01-04T00:00:00.000Z,0.00007699
2025-01-04T08:00:00.000Z,0.0001
2025-01-04T16:00:00.000Z,0.00000798
2025-01-05T00:00:00.000Z,0.0001
2025-01-05T08:00:00.000Z,0.0001
2025-01-05T16:00:00.000Z,0.0000832
2025-01-06T00:00:00.000Z,0.0001
2025-01-06T08:00:00.001Z,0.0001
2025-01-06T16:00:00.000Z,0.0001
2025-01-07T00:00:00.000Z,0.0001
2025-01-07T08:00:00.000Z,0.00008903
2025-01-07T16:00:00.008Z,0.00008279
2025-01-08T00:00:00.001Z,0.0001
2025-01-08T08:00:00.000Z,0.0001
2025-01-08T16:00:00.000Z,0.0001
2025-01-09T00:00:00.000Z,0.0001
2025-01-09T08:00:00.000Z,0.00009834
2025-01-09T16:00:00.000Z,-0.00000544
2025-01-10T00:00:00.000Z,0.00003966
2025-01-10T08:00:00.000Z,-0.0000106
2025-01-10T16:00:00.000Z,0.00008078
2025-01-11T00:00:00.000Z,0.0000568
2025-01-11T08:00:00.000Z,0.00004055
2025-01-11T16:00:00.000Z,0.00002608
2025-01-12T00:00:00.000Z,0.00005009
2025-01-12T08:00:00.000Z,0.0000321
2025-01-12T16:00:00.000Z,0.00006647
2025-01-13T00:00:00.000Z,0.00005266
2025-01-13T08:00:00.000Z,0.00006989
2025-01-13T16:00:00.000Z,0.00000881
2025-01-14T00:00:00.000Z,0.0001
2025-01-14T08:00:00.000Z,0.0001
2025-01-14T16:00:00.000Z,0.00009496
2025-01-15T00:00:00.000Z,0.00004989
2025-01-15T08:00:00.000Z,0.00008795
2025-01-15T16:00:00.000Z,0.00005844
2025-01-16T00:00:00.000Z,0.00000728
2025-01-16T08:00:00.000Z,0.00007568
2025-01-16T16:00:00.000Z,0.00004598
2025-01-17T00:00:00.004Z,0.00004597
2025-01-17T08:00:00.000Z,0.00009386
2025-01-17T16:00:00.008Z,0.00003432
2025-01-18T00:00:00.000Z,0.00006707
2025-01-18T08:00:00.007Z,0.0001
2025-01-18T16:00:00.000Z,0.0001
2025-01-19T00:00:00.000Z,0.0001
2025-01-19T08:00:00.000Z,0.0001
2025-01-19T16:00:00.000Z,0.0001
2025-01-20T00:00:00.000Z,0.0001
2025-01-20T08:00:00.009Z,0.0001
2025-01-20T16:00:00.000Z,0.0001
2025-01-21T00:00:00.000Z,0.0001
2025-01-21T08:00:00.000Z,0.0001
2025-01-21T16:00:00.000Z,0.0001
2025-01-22T00:00:00.000Z,0.0001
2025-01-22T08:00:00.000Z,0.0001
2025-01-22T16:00:00.000Z,0.0001
2025-01-23T00:00:00.001Z,0.00008654
2025-01-23T08:00:00.000Z,0.0001
2025-01-23T16:00:00.000Z,0.00008616
2025-01-24T00:00:00.000Z,0.00000334
2025-01-24T08:00:00.000Z,0.00007537
2025-01-24T16:00:00.000Z,0.0000954
2025-01-25T00:00:00.000Z,0.00005702
2025-01-25T08:00:00.000Z,0.00008495
2025-01-25T16:00:00.001Z,0.00007782
2025-01-26T00:00:00.000Z,0.00008363
2025-01-26T08:00:00.000Z,0.0001
2025-01-26T16:00:00.000Z,0.00008443
2025-01-27T00:00:00.000Z,0.00009084
2025-01-27T08:00:00.000Z,0.00003712
2025-01-27T16:00:00.000Z,9.8e-7
2025-01-28T00:00:00.000Z,0.0001
2025-01-28T08:00:00.000Z,0.00003714
2025-01-28T16:00:00.000Z,0.00009848
2025-01-29T00:00:00.000Z,0.0001
2025-01-29T08:00:00.000Z,0.0001
2025-01-29T16:00:00.000Z,0.00009949
2025-01-30T00:00:00.000Z,0.0000759
2025-01-30T08:00:00.000Z,0.0001
2025-01-30T16:00:00.000Z,0.00009499
2025-01-31T00:00:00.000Z,0.00001225
2025-01-31T08:00:00.000Z,0.0001
2025-01-31T16:00:00.000Z,0.0001
2025-02-01T00:00:00.000Z,0.00008098
2025-02-01T08:00:00.000Z,0.00005369
2025-02-01T16:00:00.000Z,0.00005968
2025-02-02T00:00:00.001Z,0.00005824
2025-02-02T08:00:00.000Z,0.0000338
2025-02-02T16:00:00.000Z,-0.00000861
2025-02-03T00:00:00.000Z,0.0001
2025-02-03T08:00:00.000Z,0.0001
2025-02-03T16:00:00.000Z,0.00004845
2025-02-04T00:00:00.000Z,0.00002612
2025-02-04T08:00:00.001Z,0.000068
2025-02-04T16:00:00.000Z,0.00004138
2025-02-05T00:00:00.001Z,-0.00000461
2025-02-05T08:00:00.001Z,0.00004774
2025-02-05T16:00:00.000Z,0.0000161
2025-02-06T00:00:00.001Z,0.00002186
2025-02-06T08:00:00.001Z,-0.00000238
2025-02-06T16:00:00.000Z,0.00005903
2025-02-07T00:00:00.000Z,0.00007983
2025-02-07T08:00:00.000Z,0.00006989
2025-02-07T16:00:00.000Z,0.00005167
2025-02-08T00:00:00.000Z,-0.000041
2025-02-08T08:00:00.000Z,0.00001137
2025-02-08T16:00:00.000Z,0.00000324
2025-02-09T00:00:00.000Z,0.00003873
2025-02-09T08:00:00.000Z,0.000096
2025-02-09T16:00:00.000Z,0.00002839
2025-02-10T00:00:00.000Z,0.00001802
2025-02-10T08:00:00.000Z,0.00009176
2025-02-10T16:00:00.000Z,0.00007457
2025-02-11T00:00:00.000Z,0.00004218
2025-02-11T08:00:00.000Z,0.0000709
2025-02-11T16:00:00.000Z,-0.00002446
2025-02-12T00:00:00.000Z,0.00001298
2025-02-12T08:00:00.000Z,0.00004899
2025-02-12T16:00:00.001Z,0.0000496
2025-02-13T00:00:00.001Z,0.0001
2025-02-13T08:00:00.000Z,0.00004117
2025-02-13T16:00:00.001Z,0.00000805
2025-02-14T00:00:00.000Z,0.000041
2025-02-14T08:00:00.001Z,0.0000551
2025-02-14T16:00:00.000Z,0.00007093
2025-02-15T00:00:00.000Z,5.5e-7
2025-02-15T08:00:00.000Z,0.00003297
2025-02-15T16:00:00.000Z,0.00003735
2025-02-16T00:00:00.000Z,0.0000339
2025-02-16T08:00:00.000Z,0.00000182
2025-02-16T16:00:00.000Z,0.00003799
2025-02-17T00:00:00.000Z,0.00006239
2025-02-17T08:00:00.000Z,0.00006397
2025-02-17T16:00:00.000Z,0.00002009
2025-02-18T00:00:00.000Z,0.00009488
2025-02-18T08:00:00.000Z,0.0001
2025-02-18T16:00:00.000Z,0.0001
2025-02-19T00:00:00.000Z,0.00007007
2025-02-19T08:00:00.000Z,0.00007779
2025-02-19T16:00:00.000Z,0.0000896
2025-02-20T00:00:00.000Z,0.0000242
2025-02-20T08:00:00.000Z,0.00003269
2025-02-20T16:00:00.000Z,0.00007346
2025-02-21T00:00:00.001Z,0.00000123
2025-02-21T08:00:00.000Z,0.00002286
2025-02-21T16:00:00.000Z,-9.7e-7
2025-02-22T00:00:00.000Z,0.0001
2025-02-22T08:00:00.000Z,0.00006466
2025-02-22T16:00:00.000Z,0.00002318
2025-02-23T00:00:00.000Z,0.00004112
2025-02-23T08:00:00.000Z,0.0000314
2025-02-23T16:00:00.000Z,0.00001478
2025-02-24T00:00:00.000Z,-0.0000297
2025-02-24T08:00:00.000Z,0.00006881
2025-02-24T16:00:00.000Z,0.0000205
2025-02-25T00:00:00.000Z,0.0001
2025-02-25T08:00:00.000Z,0.00005245
2025-02-25T16:00:00.000Z,0.00001385
2025-02-26T00:00:00.000Z,0.00003521
2025-02-26T08:00:00.000Z,0.00006005
2025-02-26T16:00:00.000Z,0.0001
2025-02-27T00:00:00.001Z,0.00009305
2025-02-27T08:00:00.000Z,-0.00000617
2025-02-27T16:00:00.000Z,0.00009433
2025-02-28T00:00:00.001Z,0.00009444
2025-02-28T08:00:00.000Z,0.00009521
2025-02-28T16:00:00.000Z,-0.00000373
2025-03-01T00:00:00.000Z,-1.4e-7
2025-03-01T08:00:00.000Z,-0.00006108
2025-03-01T16:00:00.001Z,-0.00000858
2025-03-02T00:00:00.000Z,-0.00001094
2025-03-02T08:00:00.000Z,-0.00002783
2025-03-02T16:00:00.000Z,-0.00002869
2025-03-03T00:00:00.001Z,-0.00005518
2025-03-03T08:00:00.000Z,0.00000791
2025-03-03T16:00:00.000Z,0.00005272
2025-03-04T00:00:00.001Z,-0.00001526
2025-03-04T08:00:00.005Z,-0.0000027
2025-03-04T16:00:00.000Z,0.00001306
2025-03-05T00:00:00.000Z,0.00004113
2025-03-05T08:00:00.000Z,0.00002722
2025-03-05T16:00:00.000Z,0.00005028
2025-03-06T00:00:00.000Z,0.00003538
2025-03-06T08:00:00.001Z,0.00006413
2025-03-06T16:00:00.000Z,0.00006818
2025-03-07T00:00:00.000Z,-0.00000612
2025-03-07T08:00:00.001Z,-0.00001539
2025-03-07T16:00:00.000Z,0.00002028
2025-03-08T00:00:00.000Z,0.00005328
2025-03-08T08:00:00.001Z,0.00000373
2025-03-08T16:00:00.001Z,0.00001208
2025-03-09T00:00:00.001Z,-0.00002779
2025-03-09T08:00:00.000Z,0.00003218
2025-03-09T16:00:00.000Z,0.0001
2025-03-10T00:00:00.000Z,0.00003952
2025-03-10T08:00:00.000Z,0.00001344
2025-03-10T16:00:00.000Z,0.00004037
2025-03-11T00:00:00.000Z,0.00004705
2025-03-11T08:00:00.000Z,0.0000326
2025-03-11T16:00:00.001Z,0.00008746
2025-03-12T00:00:00.000Z,0.00000576
2025-03-12T08:00:00.000Z,0.00005815
2025-03-12T16:00:00.001Z,0.00004013
2025-03-13T00:00:00.000Z,0.0000043
2025-03-13T08:00:00.000Z,0.00002069
2025-03-13T16:00:00.000Z,0.0000319
2025-03-14T00:00:00.000Z,0.00005386
2025-03-14T08:00:00.000Z,0.00005331
2025-03-14T16:00:00.000Z,0.00000357
2025-03-15T00:00:00.000Z,-0.00006035
2025-03-15T08:00:00.000Z,-0.00002389
2025-03-15T16:00:00.000Z,-0.00000321
2025-03-16T00:00:00.000Z,0.00000432
2025-03-16T08:00:00.000Z,0.00004236
2025-03-16T16:00:00.000Z,0.00001247
2025-03-17T00:00:00.000Z,0.00001065
2025-03-17T08:00:00.000Z,0.00008474
2025-03-17T16:00:00.000Z,0.00000859
2025-03-18T00:00:00.000Z,0.00000703
2025-03-18T08:00:00.000Z,0.00002059
2025-03-18T16:00:00.000Z,0.00003514
2025-03-19T00:00:00.000Z,0.000002
2025-03-19T08:00:00.000Z,0.00005961
2025-03-19T16:00:00.000Z,0.00005024
2025-03-20T00:00:00.000Z,0.00001944
2025-03-20T08:00:00.000Z,0.0000379
2025-03-20T16:00:00.000Z,0.00001086
2025-03-21T00:00:00.000Z,0.00001615
2025-03-21T08:00:00.000Z,0.00005324
2025-03-21T16:00:00.000Z,0.00002518
2025-03-22T00:00:00.000Z,0.00002836
2025-03-22T08:00:00.004Z,-0.0000177
2025-03-22T16:00:00.000Z,0.00005092
2025-03-23T00:00:00.000Z,0.00002099
2025-03-23T08:00:00.000Z,-0.00000184
2025-03-23T16:00:00.000Z,0.0000402
2025-03-24T00:00:00.000Z,0.00002039
2025-03-24T08:00:00.000Z,0.00005512
2025-03-24T16:00:00.000Z,-0.00003422
2025-03-25T00:00:00.001Z,-0.00000247
2025-03-25T08:00:00.000Z,0.0000115
2025-03-25T16:00:00.000Z,-0.00003776
2025-03-26T00:00:00.000Z,-0.0000299
2025-03-26T08:00:00.000Z,0.00001659
2025-03-26T16:00:00.001Z,-0.00003082
2025-03-27T00:00:00.001Z,0.00003136
2025-03-27T08:00:00.001Z,0.00005512
2025-03-27T16:00:00.002Z,-0.0000376
2025-03-28T00:00:00.001Z,0.00001584
2025-03-28T08:00:00.001Z,-0.00000457
2025-03-28T16:00:00.000Z,0.00008118
2025-03-29T00:00:00.000Z,0.00005364
2025-03-29T08:00:00.000Z,0.00008214
2025-03-29T16:00:00.000Z,0.0000253
2025-03-30T00:00:00.000Z,0.00000341
2025-03-30T08:00:00.000Z,0.00000427
2025-03-30T16:00:00.000Z,0.00004588
2025-03-31T00:00:00.000Z,0.00002643
2025-03-31T08:00:00.000Z,0.0000602
2025-03-31T16:00:00.000Z,0.00001845
2025-04-01T00:00:00.000Z,0.00003961
2025-04-01T08:00:00.001Z,0.00002889
2025-04-01T16:00:00.000Z,0.00003573
2025-04-02T00:00:00.001Z,-0.00002112
2025-04-02T08:00:00.000Z,0.00003036
2025-04-02T16:00:00.000Z,0.00000733
2025-04-03T00:00:00.000Z,0.00005862
2025-04-03T08:00:00.000Z,0.00005038
2025-04-03T16:00:00.000Z,0.00006484
2025-04-04T00:00:00.000Z,0.00004283
2025-04-04T08:00:00.000Z,0.00004736
2025-04-04T16:00:00.000Z,0.00008038
2025-04-05T00:00:00.000Z,0.00008559
2025-04-05T08:00:00.000Z,0.00007437
2025-04-05T16:00:00.000Z,0.00000408
2025-04-06T00:00:00.000Z,0.00000221
2025-04-06T08:00:00.000Z,0.00005363
2025-04-06T16:00:00.002Z,-0.00000603
2025-04-07T00:00:00.000Z,0.00004946
2025-04-07T08:00:00.000Z,0.00006857
2025-04-07T16:00:00.000Z,0.00004998
2025-04-08T00:00:00.000Z,0.00004074
2025-04-08T08:00:00.000Z,0.00003575
2025-04-08T16:00:00.000Z,0.00003134
2025-04-09T00:00:00.000Z,0.00009568
2025-04-09T08:00:00.001Z,-0.00002252
2025-04-09T16:00:00.000Z,0.00006856
2025-04-10T00:00:00.000Z,0.00007705
2025-04-10T08:00:00.000Z,0.00000114
2025-04-10T16:00:00.000Z,0.00006775
2025-04-11T00:00:00.001Z,0.00002065
2025-04-11T08:00:00.000Z,-0.00004294
2025-04-11T16:00:00.000Z,0.0000329
2025-04-12T00:00:00.000Z,0.00003654
2025-04-12T08:00:00.001Z,0.0000564
2025-04-12T16:00:00.000Z,0.00005388
2025-04-13T00:00:00.000Z,0.00005057
2025-04-13T08:00:00.000Z,0.00008429
2025-04-13T16:00:00.000Z,0.00009642
2025-04-14T00:00:00.000Z,0.00008113
2025-04-14T08:00:00.000Z,0.00007127
2025-04-14T16:00:00.000Z,0.00002428
2025-04-15T00:00:00.000Z,-0.00002073
2025-04-15T08:00:00.000Z,0.00006606
2025-04-15T16:00:00.001Z,0.00001883
2025-04-16T00:00:00.000Z,0.00002428
2025-04-16T08:00:00.000Z,0.00006917
2025-04-16T16:00:00.000Z,0.00001978
2025-04-17T00:00:00.001Z,0.00001404
2025-04-17T08:00:00.000Z,0.00005679
2025-04-17T16:00:00.001Z,0.00003425
2025-04-18T00:00:00.000Z,0.00001788
2025-04-18T08:00:00.000Z,0.00007071
2025-04-18T16:00:00.000Z,0.00002995
2025-04-19T00:00:00.000Z,0.0000293
2025-04-19T08:00:00.000Z,0.00006024
2025-04-19T16:00:00.000Z,-0.00001953
2025-04-20T00:00:00.000Z,-0.00000298
2025-04-20T08:00:00.000Z,-0.00001078
2025-04-20T16:00:00.000Z,-0.00002258
2025-04-21T00:00:00.000Z,0.00005232
2025-04-21T08:00:00.005Z,0.00005403
2025-04-21T16:00:00.003Z,0.00001553
2025-04-22T00:00:00.008Z,0.00007749
2025-04-22T08:00:00.000Z,-0.00000744
2025-04-22T16:00:00.000Z,-0.00007045
2025-04-23T00:00:00.000Z,-0.00001389
2025-04-23T08:00:00.002Z,0.00001374
2025-04-23T16:00:00.000Z,0.00004587
2025-04-24T00:00:00.000Z,-0.00002671
2025-04-24T08:00:00.001Z,0.0000521
2025-04-24T16:00:00.001Z,-0.00002165
2025-04-25T00:00:00.007Z,-0.00001764
2025-04-25T08:00:00.002Z,0.0000017
2025-04-25T16:00:00.003Z,0.0000012
2025-04-26T00:00:00.002Z,-0.00010085
2025-04-26T08:00:00.000Z,-0.00002774
2025-04-26T16:00:00.002Z,0.00002855
2025-04-27T00:00:00.001Z,-0.000015
2025-04-27T08:00:00.000Z,-0.0000066
2025-04-27T16:00:00.000Z,-0.00000421
2025-04-28T00:00:00.001Z,0.00000373
2025-04-28T08:00:00.003Z,0.00000246
2025-04-28T16:00:00.005Z,-0.00005821
2025-04-29T00:00:00.000Z,-0.00000773
2025-04-29T08:00:00.000Z,0.00000413
2025-04-29T16:00:00.010Z,0.00001305
2025-04-30T00:00:00.001Z,-0.00005181
2025-04-30T08:00:00.000Z,0.00002939
2025-04-30T16:00:00.003Z,-0.00003797
2025-05-01T00:00:00.000Z,0.00003519
2025-05-01T08:00:00.000Z,0.00005755
2025-05-01T16:00:00.001Z,-0.00008028
2025-05-02T00:00:00.000Z,-0.00012232
2025-05-02T08:00:00.000Z,-0.00009382
2025-05-02T16:00:00.003Z,-0.00008689
2025-05-03T00:00:00.000Z,-0.00005953
2025-05-03T08:00:00.000Z,0.00003198
2025-05-03T16:00:00.000Z,-0.00001483
2025-05-04T00:00:00.001Z,0.0000037
2025-05-04T08:00:00.001Z,0.00003229
2025-05-04T16:00:00.002Z,0.00003745
2025-05-05T00:00:00.000Z,-0.00002404
2025-05-05T08:00:00.000Z,0.00003636
2025-05-05T16:00:00.006Z,-0.00002247
2025-05-06T00:00:00.002Z,0.00001978
2025-05-06T08:00:00.005Z,0.0000444
2025-05-06T16:00:00.000Z,0.00000757
2025-05-07T00:00:00.002Z,0.00001218
2025-05-07T08:00:00.000Z,-2.5e-7
2025-05-07T16:00:00.006Z,0.0000132
2025-05-08T00:00:00.000Z,0.00002318
2025-05-08T08:00:00.001Z,0.00004608
2025-05-08T16:00:00.002Z,0.00005728
2025-05-09T00:00:00.001Z,0.0001
2025-05-09T08:00:00.006Z,0.0001
2025-05-09T16:00:00.000Z,0.00004378
2025-05-10T00:00:00.001Z,0.00009657
2025-05-10T08:00:00.000Z,0.0001
2025-05-10T16:00:00.001Z,0.00004257
2025-05-11T00:00:00.000Z,0.0001
2025-05-11T08:00:00.001Z,0.0000415
2025-05-11T16:00:00.001Z,0.0001
2025-05-12T00:00:00.004Z,0.00004454
2025-05-12T08:00:00.000Z,0.0001
2025-05-12T16:00:00.000Z,0.00002301
2025-05-13T00:00:00.000Z,0.00006847
2025-05-13T08:00:00.008Z,0.0001
2025-05-13T16:00:00.001Z,0.00007256
2025-05-14T00:00:00.007Z,0.00009921
2025-05-14T08:00:00.000Z,0.00007542
2025-05-14T16:00:00.002Z,0.00003175
2025-05-15T00:00:00.000Z,0.00002978
2025-05-15T08:00:00.003Z,0.00005336
2025-05-15T16:00:00.000Z,0.00001439
2025-05-16T00:00:00.001Z,0.00004504
2025-05-16T08:00:00.000Z,0.00007535
2025-05-16T16:00:00.000Z,0.00004768
2025-05-17T00:00:00.000Z,0.00002821
2025-05-17T08:00:00.001Z,0.0000334
2025-05-17T16:00:00.004Z,0.00000597
2025-05-18T00:00:00.000Z,0.00006742
2025-05-18T08:00:00.000Z,0.00005903
2025-05-18T16:00:00.000Z,0.0001
2025-05-19T00:00:00.000Z,0.0000599
2025-05-19T08:00:00.006Z,0.0000604
2025-05-19T16:00:00.010Z,0.0000211
2025-05-20T00:00:00.000Z,0.00008378
2025-05-20T08:00:00.002Z,0.00007107
2025-05-20T16:00:00.000Z,0.00001266
2025-05-21T00:00:00.000Z,0.00008767
2025-05-21T08:00:00.001Z,0.00007147
2025-05-21T16:00:00.004Z,0.00005119
2025-05-22T00:00:00.001Z,0.0001
2025-05-22T08:00:00.000Z,0.0001
2025-05-22T16:00:00.002Z,0.0001
2025-05-23T00:00:00.006Z,0.00009321
2025-05-23T08:00:00.000Z,0.00007261
2025-05-23T16:00:00.007Z,0.00008614
2025-05-24T00:00:00.010Z,0.00003524
2025-05-24T08:00:00.000Z,0.0000459
2025-05-24T16:00:00.003Z,0.00007837
2025-05-25T00:00:00.004Z,0.00009794
2025-05-25T08:00:00.000Z,0.00005113
2025-05-25T16:00:00.000Z,0.00003651
2025-05-26T00:00:00.000Z,0.00007331
2025-05-26T08:00:00.000Z,0.0001
2025-05-26T16:00:00.002Z,0.00009782
2025-05-27T00:00:00.003Z,0.0000765
2025-05-27T08:00:00.001Z,0.00007266
2025-05-27T16:00:00.005Z,0.00002476
2025-05-28T00:00:00.002Z,0.0000326
2025-05-28T08:00:00.003Z,0.00002164
2025-05-28T16:00:00.002Z,0.00005368
2025-05-29T00:00:00.000Z,0.00003186
2025-05-29T08:00:00.006Z,0.00002812
2025-05-29T16:00:00.000Z,0.00008379
2025-05-30T00:00:00.003Z,0.00002622
2025-05-30T08:00:00.003Z,0.00003849
2025-05-30T16:00:00.000Z,0.00007392
2025-05-31T00:00:00.000Z,0.00008506
2025-05-31T08:00:00.000Z,0.00007552
2025-05-31T16:00:00.000Z,0.00004687
2025-06-01T00:00:00.001Z,-0.00000582
2025-06-01T08:00:00.002Z,0.00002335
2025-06-01T16:00:00.000Z,0.00004117
2025-06-02T00:00:00.001Z,-0.00000642
2025-06-02T08:00:00.000Z,0.00005593
2025-06-02T16:00:00.000Z,0.00004467
2025-06-03T00:00:00.000Z,0.00005005
2025-06-03T08:00:00.000Z,0.00006066
2025-06-03T16:00:00.001Z,0.00004456
2025-06-04T00:00:00.000Z,-1.1e-7
2025-06-04T08:00:00.000Z,0.00002611
2025-06-04T16:00:00.000Z,0.00000962
2025-06-05T00:00:00.016Z,7.4e-7
2025-06-05T08:00:00.000Z,0.00002871
2025-06-05T16:00:00.000Z,0.00005156
2025-06-06T00:00:00.002Z,-0.00003491
2025-06-06T08:00:00.000Z,-0.0000303
2025-06-06T16:00:00.006Z,-0.00002995
2025-06-07T00:00:00.000Z,-0.0000289
2025-06-07T08:00:00.000Z,-0.00003158
2025-06-07T16:00:00.002Z,0.00000294
2025-06-08T00:00:00.000Z,0.00004808
2025-06-08T08:00:00.000Z,0.00005613
2025-06-08T16:00:00.000Z,-0.00003602
2025-06-09T00:00:00.000Z,-0.00002164
2025-06-09T08:00:00.001Z,0.00004024
2025-06-09T16:00:00.001Z,0.00003057
2025-06-10T00:00:00.000Z,0.00006374
2025-06-10T08:00:00.001Z,0.0001
2025-06-10T16:00:00.003Z,0.00008165
2025-06-11T00:00:00.000Z,0.00008779
2025-06-11T08:00:00.000Z,0.0000839
2025-06-11T16:00:00.010Z,0.00005039
2025-06-12T00:00:00.002Z,0.00001856
2025-06-12T08:00:00.003Z,0.00007247
2025-06-12T16:00:00.001Z,0.00001198
2025-06-13T00:00:00.000Z,-0.00001801
2025-06-13T08:00:00.001Z,-0.0000027
2025-06-13T16:00:00.004Z,0.00003857
2025-06-14T00:00:00.000Z,0.00001958
2025-06-14T08:00:00.000Z,0.00003858
2025-06-14T16:00:00.000Z,0.00001135
2025-06-15T00:00:00.005Z,-0.00003641
2025-06-15T08:00:00.009Z,0.00001439
2025-06-15T16:00:00.000Z,0.00007369
2025-06-16T00:00:00.000Z,0.00000936
2025-06-16T08:00:00.000Z,0.0000507
2025-06-16T16:00:00.003Z,0.00002793
2025-06-17T00:00:00.000Z,0.00001847
2025-06-17T08:00:00.006Z,0.00005776
2025-06-17T16:00:00.001Z,0.00002211
2025-06-18T00:00:00.001Z,-0.00001752
2025-06-18T08:00:00.001Z,0.00003695
2025-06-18T16:00:00.001Z,0.00006692
2025-06-19T00:00:00.005Z,0.00000845
2025-06-19T08:00:00.003Z,0.00000616
2025-06-19T16:00:00.000Z,0.00002396
2025-06-20T00:00:00.000Z,0.00003565
2025-06-20T08:00:00.002Z,0.00007862
2025-06-20T16:00:00.001Z,0.000024
2025-06-21T00:00:00.002Z,0.00003977
2025-06-21T08:00:00.005Z,0.00001933
2025-06-21T16:00:00.000Z,0.0000744
2025-06-22T00:00:00.005Z,0.00002883
2025-06-22T08:00:00.000Z,0.0001
2025-06-22T16:00:00.003Z,0.00004145
2025-06-23T00:00:00.000Z,-0.00001061
2025-06-23T08:00:00.004Z,-0.00002809
2025-06-23T16:00:00.013Z,0.00004889
2025-06-24T00:00:00.003Z,0.00001245
2025-06-24T08:00:00.000Z,0.00001218
2025-06-24T16:00:00.000Z,0.00000447
2025-06-25T00:00:00.005Z,-0.00003174
2025-06-25T08:00:00.000Z,0.00002747
2025-06-25T16:00:00.005Z,0.00000962
2025-06-26T00:00:00.000Z,0.00000141
2025-06-26T08:00:00.006Z,0.00003805
2025-06-26T16:00:00.007Z,0.00000682
2025-06-27T00:00:00.000Z,0.00001113
2025-06-27T08:00:00.000Z,0.00002663
2025-06-27T16:00:00.009Z,0.00002557
2025-06-28T00:00:00.001Z,-0.00001161
2025-06-28T08:00:00.002Z,0.00006053
2025-06-28T16:00:00.000Z,0.00004434
2025-06-29T00:00:00.004Z,0.0000125
2025-06-29T08:00:00.001Z,0.0000536
2025-06-29T16:00:00.001Z,0.0001
2025-06-30T00:00:00.000Z,0.00001084
2025-06-30T08:00:00.005Z,0.00002959
2025-06-30T16:00:00.002Z,0.00004923
2025-07-01T00:00:00.007Z,0.00001053
2025-07-01T08:00:00.002Z,0.00004334
2025-07-01T16:00:00.000Z,0.00001109
2025-07-02T00:00:00.001Z,0.00001807
2025-07-02T08:00:00.000Z,0.00003403
2025-07-02T16:00:00.003Z,0.0000413
2025-07-03T00:00:00.006Z,0.00004871
2025-07-03T08:00:00.003Z,0.00003562
2025-07-03T16:00:00.003Z,0.00005028
2025-07-04T00:00:00.005Z,0.0000523
2025-07-04T08:00:00.003Z,0.00005009
2025-07-04T16:00:00.001Z,0.00001797
2025-07-05T00:00:00.004Z,0.00001066
2025-07-05T08:00:00.009Z,0.00003055
2025-07-05T16:00:00.006Z,0.00004005
2025-07-06T00:00:00.001Z,0.00001941
2025-07-06T08:00:00.002Z,0.00001665
2025-07-06T16:00:00.004Z,0.00001028
2025-07-07T00:00:00.000Z,0.0000236
2025-07-07T08:00:00.007Z,0.00003438
2025-07-07T16:00:00.000Z,0.00004271
2025-07-08T00:00:00.010Z,0.00001073
2025-07-08T08:00:00.003Z,0.00004563
2025-07-08T16:00:00.000Z,0.00003601
2025-07-09T00:00:00.002Z,0.00003093
2025-07-09T08:00:00.006Z,0.00003396
2025-07-09T16:00:00.001Z,0.00004253
2025-07-10T00:00:00.003Z,0.0001
2025-07-10T08:00:00.000Z,0.00008523
2025-07-10T16:00:00.004Z,0.00001908
2025-07-11T00:00:00.004Z,0.0001
2025-07-11T08:00:00.007Z,0.0001
2025-07-11T16:00:00.001Z,0.0001
2025-07-12T00:00:00.000Z,0.0001
2025-07-12T08:00:00.001Z,0.0001
2025-07-12T16:00:00.002Z,0.0001
2025-07-13T00:00:00.006Z,0.0001
2025-07-13T08:00:00.001Z,0.0001
2025-07-13T16:00:00.003Z,0.0001
2025-07-14T00:00:00.000Z,0.00008051
2025-07-14T08:00:00.000Z,0.0001
2025-07-14T16:00:00.000Z,0.0001
2025-07-15T00:00:00.002Z,0.0001
2025-07-15T08:00:00.000Z,0.0001
2025-07-15T16:00:00.000Z,0.0001
2025-07-16T00:00:00.000Z,0.0001
2025-07-16T08:00:00.000Z,0.0001
2025-07-16T16:00:00.008Z,0.0001
2025-07-17T00:00:00.003Z,0.0001
2025-07-17T08:00:00.000Z,0.0001
2025-07-17T16:00:00.000Z,0.0001
2025-07-18T00:00:00.004Z,0.0001
2025-07-18T08:00:00.000Z,0.0001
2025-07-18T16:00:00.000Z,0.0001
2025-07-19T00:00:00.009Z,0.0001
2025-07-19T08:00:00.000Z,0.0001
2025-07-19T16:00:00.002Z,0.0001
2025-07-20T00:00:00.000Z,0.0001
2025-07-20T08:00:00.000Z,0.0001
2025-07-20T16:00:00.000Z,0.0001
2025-07-21T00:00:00.001Z,0.0001
2025-07-21T08:00:00.000Z,0.0001
2025-07-21T16:00:00.001Z,0.0001
2025-07-22T00:00:00.000Z,0.0001
2025-07-22T08:00:00.010Z,0.0001
2025-07-22T16:00:00.007Z,0.0001
2025-07-23T00:00:00.000Z,0.0001
2025-07-23T08:00:00.004Z,0.0001
2025-07-23T16:00:00.002Z,0.0001
2025-07-24T00:00:00.000Z,0.0001
2025-07-24T08:00:00.001Z,0.0001
2025-07-24T16:00:00.000Z,0.0001
2025-07-25T00:00:00.000Z,0.0001
2025-07-25T08:00:00.000Z,0.0001
2025-07-25T16:00:00.000Z,0.0001
2025-07-26T00:00:00.001Z,0.0001
2025-07-26T08:00:00.005Z,0.0001
2025-07-26T16:00:00.001Z,0.0001
2025-07-27T00:00:00.001Z,0.0001
2025-07-27T08:00:00.000Z,0.0001
2025-07-27T16:00:00.008Z,0.0001
2025-07-28T00:00:00.005Z,0.0001
2025-07-28T08:00:00.000Z,0.0001
2025-07-28T16:00:00.000Z,0.0001
2025-07-29T00:00:00.001Z,0.0001
2025-07-29T08:00:00.000Z,0.0001
2025-07-29T16:00:00.000Z,0.0001
2025-07-30T00:00:00.011Z,0.0001
2025-07-30T08:00:00.000Z,0.0001
2025-07-30T16:00:00.008Z,0.0001
2025-07-31T00:00:00.000Z,0.00005694
2025-07-31T08:00:00.009Z,0.0001
2025-07-31T16:00:00.000Z,0.0001
2025-08-01T00:00:00.001Z,-0.00001408
2025-08-01T08:00:00.003Z,0.00001549
2025-08-01T16:00:00.000Z,0.00005681
2025-08-02T00:00:00.004Z,0.0000481
2025-08-02T08:00:00.000Z,0.00000894
2025-08-02T16:00:00.000Z,0.00004437
2025-08-03T00:00:00.000Z,0.00005633
2025-08-03T08:00:00.000Z,0.00004533
2025-08-03T16:00:00.003Z,0.00007504
2025-08-04T00:00:00.004Z,0.00004188
2025-08-04T08:00:00.000Z,0.00005719
2025-08-04T16:00:00.002Z,0.00003912
2025-08-05T00:00:00.000Z,0.00007101
2025-08-05T08:00:00.000Z,0.00008589
2025-08-05T16:00:00.000Z,0.00004784
2025-08-06T00:00:00.005Z,0.00005172
2025-08-06T08:00:00.000Z,0.00009275
2025-08-06T16:00:00.000Z,0.00008288
2025-08-07T00:00:00.003Z,0.00004843
2025-08-07T08:00:00.002Z,0.00007574
2025-08-07T16:00:00.002Z,0.00006275
2025-08-08T00:00:00.002Z,0.00002403
2025-08-08T08:00:00.004Z,0.00001729
2025-08-08T16:00:00.000Z,0.00007973
2025-08-09T00:00:00.005Z,0.00008835
2025-08-09T08:00:00.000Z,0.00009087
2025-08-09T16:00:00.007Z,0.00005151
2025-08-10T00:00:00.003Z,0.00009849
2025-08-10T08:00:00.005Z,0.0001
2025-08-10T16:00:00.002Z,0.0001
2025-08-11T00:00:00.000Z,0.0001
2025-08-11T08:00:00.000Z,0.0001
2025-08-11T16:00:00.000Z,0.0001
2025-08-12T00:00:00.000Z,0.0001
2025-08-12T08:00:00.001Z,0.00007988
2025-08-12T16:00:00.005Z,0.00008543
2025-08-13T00:00:00.000Z,0.00007123
2025-08-13T08:00:00.002Z,0.0001
2025-08-13T16:00:00.006Z,0.0001
2025-08-14T00:00:00.002Z,0.0001
2025-08-14T08:00:00.003Z,0.0001
2025-08-14T16:00:00.000Z,0.0001
2025-08-15T00:00:00.000Z,0.00001939
2025-08-15T08:00:00.000Z,0.0000799
2025-08-15T16:00:00.000Z,0.00003722
2025-08-16T00:00:00.004Z,0.0000885
2025-08-16T08:00:00.000Z,0.00008268
2025-08-16T16:00:00.002Z,0.00009023
2025-08-17T00:00:00.000Z,0.00008206
2025-08-17T08:00:00.001Z,0.0000468
2025-08-17T16:00:00.007Z,0.00001862
2025-08-18T00:00:00.000Z,0.00002846
2025-08-18T08:00:00.001Z,-0.00000682
2025-08-18T16:00:00.002Z,0.00005296
2025-08-19T00:00:00.000Z,0.00007137
2025-08-19T08:00:00.001Z,0.00006262
2025-08-19T16:00:00.000Z,0.00003167
2025-08-20T00:00:00.000Z,0.00004543
2025-08-20T08:00:00.000Z,0.00001364
2025-08-20T16:00:00.000Z,0.00004936
2025-08-21T00:00:00.006Z,0.00001143
2025-08-21T08:00:00.000Z,0.00007757
2025-08-21T16:00:00.003Z,0.00007414
2025-08-22T00:00:00.010Z,0.00007296
2025-08-22T08:00:00.007Z,0.0001
2025-08-22T16:00:00.001Z,0.00005867
2025-08-23T00:00:00.004Z,0.0001
2025-08-23T08:00:00.006Z,0.0001
2025-08-23T16:00:00.000Z,0.00009711
2025-08-24T00:00:00.001Z,0.0001
2025-08-24T08:00:00.002Z,0.0001
2025-08-24T16:00:00.001Z,0.0001
2025-08-25T00:00:00.000Z,0.0001
2025-08-25T08:00:00.002Z,0.0001
2025-08-25T16:00:00.002Z,0.00008344
2025-08-26T00:00:00.000Z,0.00004522
2025-08-26T08:00:00.000Z,0.000039
2025-08-26T16:00:00.000Z,0.0001
2025-08-27T00:00:00.003Z,0.00001802
2025-08-27T08:00:00.000Z,0.00005503
2025-08-27T16:00:00.009Z,0.00003496
2025-08-28T00:00:00.000Z,0.00005297
2025-08-28T08:00:00.005Z,0.00009693
2025-08-28T16:00:00.004Z,0.00007512
2025-08-29T00:00:00.000Z,0.00004261
2025-08-29T08:00:00.000Z,0.00005856
2025-08-29T16:00:00.005Z,0.00000644
2025-08-30T00:00:00.000Z,0.00007523
2025-08-30T08:00:00.002Z,0.00007979
2025-08-30T16:00:00.003Z,0.00008042
2025-08-31T00:00:00.016Z,-0.00001232
2025-08-31T08:00:00.000Z,0.00004749
2025-08-31T16:00:00.001Z,0.0001
2025-09-01T00:00:00.000Z,0.0000466
2025-09-01T08:00:00.000Z,0.0001
2025-09-01T16:00:00.001Z,0.00004963
2025-09-02T00:00:00.000Z,0.00006946
2025-09-02T08:00:00.005Z,0.00008805
2025-09-02T16:00:00.007Z,0.00006356
2025-09-03T00:00:00.006Z,0.00000767
2025-09-03T08:00:00.002Z,0.00005127
2025-09-03T16:00:00.002Z,0.00002344
2025-09-04T00:00:00.002Z,0.00001808
2025-09-04T08:00:00.000Z,0.00004385
2025-09-04T16:00:00.000Z,0.00007941
2025-09-05T00:00:00.001Z,0.00007532
2025-09-05T08:00:00.006Z,0.0001
2025-09-05T16:00:00.000Z,0.00007872
2025-09-06T00:00:00.000Z,0.00001297
2025-09-06T08:00:00.005Z,0.0000566
2025-09-06T16:00:00.000Z,0.0000511
2025-09-07T00:00:00.000Z,0.0000197
2025-09-07T08:00:00.000Z,0.00003611
2025-09-07T16:00:00.000Z,0.00006969
2025-09-08T00:00:00.007Z,0.00009404
2025-09-08T08:00:00.000Z,0.00006682
2025-09-08T16:00:00.000Z,0.00007311
2025-09-09T00:00:00.000Z,0.00003799
2025-09-09T08:00:00.000Z,0.0001
2025-09-09T16:00:00.000Z,0.0001
2025-09-10T00:00:00.000Z,0.00005805
2025-09-10T08:00:00.002Z,0.00005026
2025-09-10T16:00:00.000Z,0.0001
2025-09-11T00:00:00.000Z,0.00005843
2025-09-11T08:00:00.000Z,0.00004283
2025-09-11T16:00:00.001Z,0.00003326
2025-09-12T00:00:00.002Z,0.00006137
2025-09-12T08:00:00.001Z,0.00003768
2025-09-12T16:00:00.005Z,0.00006891
2025-09-13T00:00:00.005Z,-0.00001554
2025-09-13T08:00:00.002Z,0.00002251
2025-09-13T16:00:00.000Z,0.00003137
2025-09-14T00:00:00.006Z,0.00008182
2025-09-14T08:00:00.000Z,0.0000478
2025-09-14T16:00:00.001Z,0.00003115
2025-09-15T00:00:00.006Z,0.00006207
2025-09-15T08:00:00.002Z,0.00008259
2025-09-15T16:00:00.001Z,0.00008189
2025-09-16T00:00:00.001Z,0.00000997
2025-09-16T08:00:00.000Z,0.00006991
2025-09-16T16:00:00.000Z,0.00006472
2025-09-17T00:00:00.001Z,0.00006972
2025-09-17T08:00:00.000Z,0.00008441
2025-09-17T16:00:00.003Z,0.00006303
2025-09-18T00:00:00.006Z,0.00004941
2025-09-18T08:00:00.002Z,0.00008928
2025-09-18T16:00:00.000Z,0.00004208
2025-09-19T00:00:00.000Z,-0.00000231
2025-09-19T08:00:00.005Z,0.00002109
2025-09-19T16:00:00.000Z,0.00005264
2025-09-20T00:00:00.000Z,0.00003757
2025-09-20T08:00:00.000Z,-2.7e-7
2025-09-20T16:00:00.002Z,-0.00001006
2025-09-21T00:00:00.000Z,-0.00005322
2025-09-21T08:00:00.000Z,0.00002563
2025-09-21T16:00:00.000Z,0.00003742
2025-09-22T00:00:00.005Z,0.00006665
2025-09-22T08:00:00.003Z,0.00001743
2025-09-22T16:00:00.000Z,0.00004838
2025-09-23T00:00:00.000Z,0.00007062
2025-09-23T08:00:00.001Z,0.00007083
2025-09-23T16:00:00.000Z,0.00007478
2025-09-24T00:00:00.003Z,0.00005794
2025-09-24T08:00:00.001Z,0.00006267
2025-09-24T16:00:00.002Z,0.00004886
2025-09-25T00:00:00.000Z,-0.0000022
2025-09-25T08:00:00.001Z,0.0000173
2025-09-25T16:00:00.000Z,0.0000956
2025-09-26T00:00:00.000Z,0.00003143
2025-09-26T08:00:00.000Z,0.0000436
2025-09-26T16:00:00.008Z,0.00007716
2025-09-27T00:00:00.000Z,-1e-7
2025-09-27T08:00:00.010Z,0.00003425
2025-09-27T16:00:00.003Z,0.00007821
2025-09-28T00:00:00.000Z,0.00003314
2025-09-28T08:00:00.000Z,0.00004976
2025-09-28T16:00:00.000Z,0.00005261
2025-09-29T00:00:00.000Z,0.00002312
2025-09-29T08:00:00.002Z,0.00001304
2025-09-29T16:00:00.001Z,3.2e-7
2025-09-30T00:00:00.002Z,0.00002353
2025-09-30T08:00:00.005Z,0.00005893
2025-09-30T16:00:00.000Z,0.00002584
2025-10-01T00:00:00.000Z,0.00003355
2025-10-01T08:00:00.000Z,0.00003457
2025-10-01T16:00:00.000Z,0.0001
2025-10-02T00:00:00.000Z,0.00007784
2025-10-02T08:00:00.013Z,0.0001
2025-10-02T16:00:00.000Z,0.00009543
2025-10-03T00:00:00.006Z,0.00009926
2025-10-03T08:00:00.006Z,0.0001
2025-10-03T16:00:00.000Z,0.0001
2025-10-04T00:00:00.001Z,0.0001
2025-10-04T08:00:00.000Z,0.0001
2025-10-04T16:00:00.000Z,0.00008312
2025-10-05T00:00:00.000Z,0.00008648
2025-10-05T08:00:00.003Z,0.0001
2025-10-05T16:00:00.009Z,0.00009566
2025-10-06T00:00:00.004Z,0.00007672
2025-10-06T08:00:00.002Z,0.00009708
2025-10-06T16:00:00.004Z,0.00005831
2025-10-07T00:00:00.000Z,0.0001
2025-10-07T08:00:00.003Z,0.00008608
2025-10-07T16:00:00.000Z,0.00006194
2025-10-08T00:00:00.000Z,0.00002542
2025-10-08T08:00:00.006Z,0.0001
2025-10-08T16:00:00.002Z,0.00005396
2025-10-09T00:00:00.001Z,0.00001344
2025-10-09T08:00:00.000Z,0.0000535
2025-10-09T16:00:00.000Z,0.00001455
2025-10-10T00:00:00.005Z,0.00000785
2025-10-10T08:00:00.002Z,0.00003879
2025-10-10T16:00:00.014Z,0.00001013
2025-10-11T00:00:00.000Z,0.0001
2025-10-11T08:00:00.003Z,0.0001
2025-10-11T16:00:00.000Z,0.00000467
2025-10-12T00:00:00.004Z,-0.00003055
2025-10-12T08:00:00.002Z,0.00002865
2025-10-12T16:00:00.000Z,-0.00010915
2025-10-13T00:00:00.003Z,-0.00003942
2025-10-13T08:00:00.002Z,0.00002519
2025-10-13T16:00:00.003Z,-0.00002305
2025-10-14T00:00:00.000Z,-0.00004041
2025-10-14T08:00:00.000Z,0.00000712
2025-10-14T16:00:00.000Z,-0.00004498
2025-10-15T00:00:00.006Z,-0.00005425
2025-10-15T08:00:00.002Z,0.00003973
2025-10-15T16:00:00.000Z,0.00000225
2025-10-16T00:00:00.000Z,-0.00002741
2025-10-16T08:00:00.003Z,-0.0000223
2025-10-16T16:00:00.002Z,-0.00003004
2025-10-17T00:00:00.001Z,-0.00000285
2025-10-17T08:00:00.005Z,-0.00000634
2025-10-17T16:00:00.003Z,-0.00000291
2025-10-18T00:00:00.000Z,-0.00004819
2025-10-18T08:00:00.002Z,-0.00006376
2025-10-18T16:00:00.001Z,-0.00003681
2025-10-19T00:00:00.001Z,-0.00001411
2025-10-19T08:00:00.001Z,0.00001512
2025-10-19T16:00:00.001Z,0.00002787
2025-10-20T00:00:00.004Z,-0.00002197
2025-10-20T08:00:00.001Z,-0.00000665
2025-10-20T16:00:00.000Z,-1.8e-7
2025-10-21T00:00:00.009Z,-0.00005567
2025-10-21T08:00:00.000Z,0.00002222
2025-10-21T16:00:00.000Z,-0.00002506
2025-10-22T00:00:00.004Z,-0.00004212
2025-10-22T08:00:00.000Z,0.00002445
2025-10-22T16:00:00.000Z,0.00005702
2025-10-23T00:00:00.000Z,0.00008911
2025-10-23T08:00:00.001Z,0.00002673
2025-10-23T16:00:00.004Z,0.00003933
2025-10-24T00:00:00.000Z,0.00003391
2025-10-24T08:00:00.000Z,0.00001783
2025-10-24T16:00:00.009Z,0.00003224
2025-10-25T00:00:00.000Z,0.0000502
2025-10-25T08:00:00.001Z,0.00001484
2025-10-25T16:00:00.001Z,0.0000557
2025-10-26T00:00:00.001Z,0.00001903
2025-10-26T08:00:00.001Z,0.00000535
2025-10-26T16:00:00.000Z,0.00006904
2025-10-27T00:00:00.000Z,0.0001
2025-10-27T08:00:00.005Z,0.0001
2025-10-27T16:00:00.000Z,0.00007304
2025-10-28T00:00:00.000Z,0.00006059
2025-10-28T08:00:00.000Z,0.00007806
2025-10-28T16:00:00.004Z,0.00002992
2025-10-29T00:00:00.004Z,-3.2e-7
2025-10-29T08:00:00.005Z,0.00003588
2025-10-29T16:00:00.000Z,0.00005003
2025-10-30T00:00:00.004Z,0.00001097
2025-10-30T08:00:00.008Z,0.00003449
2025-10-30T16:00:00.001Z,0.00003562
2025-10-31T00:00:00.000Z,0.00000213
2025-10-31T08:00:00.008Z,0.0001
2025-10-31T16:00:00.007Z,0.0001
2025-11-01T00:00:00.001Z,0.0001
2025-11-01T08:00:00.000Z,0.0001
2025-11-01T16:00:00.000Z,0.00009782
2025-11-02T00:00:00.007Z,0.000082
2025-11-02T08:00:00.000Z,0.0000815
2025-11-02T16:00:00.001Z,0.00005635
2025-11-03T00:00:00.000Z,0.00006098
2025-11-03T08:00:00.010Z,0.00006853
2025-11-03T16:00:00.000Z,0.00005329
2025-11-04T00:00:00.002Z,0.0001
2025-11-04T08:00:00.004Z,0.00005808
2025-11-04T16:00:00.000Z,0.00006339
2025-11-05T00:00:00.000Z,0.00007132
2025-11-05T08:00:00.000Z,0.00002831
2025-11-05T16:00:00.004Z,0.00002816
2025-11-06T00:00:00.001Z,0.00003985
2025-11-06T08:00:00.000Z,0.00007916
2025-11-06T16:00:00.001Z,0.00004494
2025-11-07T00:00:00.005Z,0.00004705
2025-11-07T08:00:00.003Z,0.00004227
2025-11-07T16:00:00.005Z,0.00008631
2025-11-08T00:00:00.011Z,0.00007776
2025-11-08T08:00:00.015Z,0.00003047
2025-11-08T16:00:00.001Z,0.0000374
2025-11-09T00:00:00.004Z,-0.0000164
2025-11-09T08:00:00.000Z,0.00004187
2025-11-09T16:00:00.005Z,0.00008948
2025-11-10T00:00:00.000Z,0.0000887
2025-11-10T08:00:00.000Z,0.00007355
2025-11-10T16:00:00.003Z,0.00004979
2025-11-11T00:00:00.007Z,0.00002818
2025-11-11T08:00:00.000Z,-0.00002775
2025-11-11T16:00:00.009Z,0.00005823
2025-11-12T00:00:00.000Z,0.00002462
2025-11-12T08:00:00.002Z,0.00000687
2025-11-12T16:00:00.000Z,0.00005786
2025-11-13T00:00:00.002Z,0.00001077
2025-11-13T08:00:00.000Z,0.00009352
2025-11-13T16:00:00.001Z,0.00007448
2025-11-14T00:00:00.000Z,0.00008569
2025-11-14T08:00:00.000Z,0.00009126
2025-11-14T16:00:00.001Z,0.00009078
2025-11-15T00:00:00.005Z,0.00008507
2025-11-15T08:00:00.000Z,0.0001
2025-11-15T16:00:00.001Z,0.00005923
2025-11-16T00:00:00.001Z,0.00007745
2025-11-16T08:00:00.000Z,0.0001
2025-11-16T16:00:00.000Z,0.0000706
2025-11-17T00:00:00.003Z,0.0001
2025-11-17T08:00:00.003Z,0.00009568
2025-11-17T16:00:00.000Z,0.00007208
2025-11-18T00:00:00.002Z,0.0001
2025-11-18T08:00:00.004Z,0.0001
2025-11-18T16:00:00.000Z,0.00003725
2025-11-19T00:00:00.000Z,0.00007496
2025-11-19T08:00:00.000Z,0.00005012
2025-11-19T16:00:00.008Z,0.0000398
2025-11-20T00:00:00.000Z,0.00004259
2025-11-20T08:00:00.000Z,0.0001
2025-11-20T16:00:00.000Z,0.00008999
2025-11-21T00:00:00.001Z,0.00004272
2025-11-21T08:00:00.000Z,0.00004524
2025-11-21T16:00:00.001Z,0.00002642
2025-11-22T00:00:00.004Z,0.00001373
2025-11-22T08:00:00.000Z,0.00006735
2025-11-22T16:00:00.000Z,0.00005057
2025-11-23T00:00:00.000Z,0.00003812
2025-11-23T08:00:00.008Z,0.00000153
2025-11-23T16:00:00.003Z,-0.00000893
2025-11-24T00:00:00.004Z,-6e-8
2025-11-24T08:00:00.000Z,-0.00000134
2025-11-24T16:00:00.006Z,0.00005044
2025-11-25T00:00:00.000Z,-0.0000529
2025-11-25T08:00:00.009Z,0.00001996
2025-11-25T16:00:00.007Z,-0.00003019
2025-11-26T00:00:00.001Z,0.00004038
2025-11-26T08:00:00.001Z,0.00005388
2025-11-26T16:00:00.000Z,-0.00000419
2025-11-27T00:00:00.013Z,-0.00002599
2025-11-27T08:00:00.000Z,0.00002408
2025-11-27T16:00:00.004Z,0.00004624
2025-11-28T00:00:00.008Z,0.00001771
2025-11-28T08:00:00.000Z,0.00006007
2025-11-28T16:00:00.008Z,-0.00001703
2025-11-29T00:00:00.000Z,-0.00001982
2025-11-29T08:00:00.005Z,0.00001778
2025-11-29T16:00:00.001Z,0.00002635
2025-11-30T00:00:00.003Z,0.00006082
2025-11-30T08:00:00.000Z,0.00003556
2025-11-30T16:00:00.004Z,0.0000388
2025-12-01T00:00:00.000Z,0.00003593
2025-12-01T08:00:00.004Z,0.00003153
2025-12-01T16:00:00.000Z,0.00001491
2025-12-02T00:00:00.004Z,-0.00001009
2025-12-02T08:00:00.000Z,0.00002643
2025-12-02T16:00:00.000Z,0.00003999
2025-12-03T00:00:00.000Z,-0.00001732
2025-12-03T08:00:00.000Z,0.00004206
2025-12-03T16:00:00.005Z,-0.00000885
2025-12-04T00:00:00.012Z,-0.00000395
2025-12-04T08:00:00.000Z,0.00007435
2025-12-04T16:00:00.011Z,0.00003928
2025-12-05T00:00:00.000Z,0.00004837
2025-12-05T08:00:00.000Z,0.00004944
2025-12-05T16:00:00.010Z,0.00000391
2025-12-06T00:00:00.001Z,0.00003693
2025-12-06T08:00:00.001Z,0.00001919
2025-12-06T16:00:00.008Z,-0.00001822
2025-12-07T00:00:00.000Z,0.00004192
2025-12-07T08:00:00.004Z,0.00001666
2025-12-07T16:00:00.000Z,0.00005212
2025-12-08T00:00:00.000Z,-0.00000539
2025-12-08T08:00:00.000Z,0.00006545
2025-12-08T16:00:00.001Z,0.00003395
2025-12-09T00:00:00.001Z,0.00000852
2025-12-09T08:00:00.001Z,0.00006379
2025-12-09T16:00:00.007Z,0.00005443
2025-12-10T00:00:00.007Z,0.00002777
2025-12-10T08:00:00.002Z,0.00001996
2025-12-10T16:00:00.012Z,0.00003205
2025-12-11T00:00:00.001Z,0.0000259
2025-12-11T08:00:00.000Z,-0.00001577
2025-12-11T16:00:00.000Z,0.000061
2025-12-12T00:00:00.005Z,0.00006914
2025-12-12T08:00:00.007Z,0.00004698
2025-12-12T16:00:00.002Z,0.00003383
2025-12-13T00:00:00.001Z,0.00000121
2025-12-13T08:00:00.006Z,0.0000602
2025-12-13T16:00:00.000Z,0.00006041
2025-12-14T00:00:00.000Z,0.0001
2025-12-14T08:00:00.003Z,0.00002898
2025-12-14T16:00:00.005Z,0.00003773
2025-12-15T00:00:00.000Z,0.0000019
2025-12-15T08:00:00.000Z,-0.00000893
2025-12-15T16:00:00.000Z,0.00003081
2025-12-16T00:00:00.002Z,0.00007467
2025-12-16T08:00:00.000Z,0.0000135
2025-12-16T16:00:00.002Z,0.00004089
2025-12-17T00:00:00.004Z,0.00006221
2025-12-17T08:00:00.000Z,0.00008987
2025-12-17T16:00:00.000Z,0.00005917
2025-12-18T00:00:00.005Z,0.0000623
2025-12-18T08:00:00.007Z,-0.00000867
2025-12-18T16:00:00.001Z,0.00008355
2025-12-19T00:00:00.000Z,0.00005491
2025-12-19T08:00:00.001Z,0.0001
2025-12-19T16:00:00.000Z,0.0001
2025-12-20T00:00:00.005Z,0.0001
2025-12-20T08:00:00.000Z,0.00001234
2025-12-20T16:00:00.002Z,0.00007171
2025-12-21T00:00:00.000Z,0.00009682
2025-12-21T08:00:00.009Z,0.00008873
2025-12-21T16:00:00.000Z,0.00003977
2025-12-22T00:00:00.000Z,0.00004389
2025-12-22T08:00:00.005Z,0.00004524
2025-12-22T16:00:00.009Z,0.00006654
2025-12-23T00:00:00.000Z,0.00002633
2025-12-23T08:00:00.000Z,0.00005231
2025-12-23T16:00:00.001Z,0.00001795
2025-12-24T00:00:00.001Z,0.0001
2025-12-24T08:00:00.001Z,0.00008455
2025-12-24T16:00:00.000Z,0.00005927
2025-12-25T00:00:00.000Z,0.00005953
2025-12-25T08:00:00.001Z,0.00007953
2025-12-25T16:00:00.005Z,0.00008322
2025-12-26T00:00:00.004Z,0.00004378
2025-12-26T08:00:00.001Z,0.00005427
2025-12-26T16:00:00.007Z,0.0001
2025-12-27T00:00:00.000Z,0.00001809
2025-12-27T08:00:00.000Z,0.00002788
2025-12-27T16:00:00.011Z,0.0000585
2025-12-28T00:00:00.008Z,-3.6e-7
2025-12-28T08:00:00.000Z,0.00007955
2025-12-28T16:00:00.000Z,0.00009464
2025-12-29T00:00:00.016Z,0.0001
2025-12-29T08:00:00.001Z,0.0001
2025-12-29T16:00:00.000Z,0.00004826
2025-12-30T00:00:00.005Z,0.0001
2025-12-30T08:00:00.001Z,0.00004613
2025-12-30T16:00:00.003Z,0.00008345
2025-12-31T00:00:00.004Z,0.00002922
2025-12-31T08:00:00.001Z,0.00001453
2025-12-31T16:00:00.001Z,0.0000375
2026-01-01T00:00:00.008Z,0.0001
2026-01-01T08:00:00.002Z,0.0001
2026-01-01T16:00:00.001Z,0.00001711
2026-01-02T00:00:00.006Z,0.00005608
2026-01-02T08:00:00.007Z,0.00004219
2026-01-02T16:00:00.000Z,0.00004813
2026-01-03T00:00:00.001Z,0.0000311
2026-01-03T08:00:00.000Z,0.00001055
2026-01-03T16:00:00.000Z,0.00006938
2026-01-04T00:00:00.000Z,0.00009488
2026-01-04T08:00:00.000Z,0.00005813
2026-01-04T16:00:00.001Z,0.00004436
2026-01-05T00:00:00.000Z,0.00008893
2026-01-05T08:00:00.000Z,0.0000523
2026-01-05T16:00:00.000Z,0.00007723
2026-01-06T00:00:00.010Z,-0.00001376
2026-01-06T08:00:00.000Z,0.00002816
2026-01-06T16:00:00.000Z,0.00002691
2026-01-07T00:00:00.001Z,0.00006582
2026-01-07T08:00:00.001Z,0.0001
2026-01-07T16:00:00.001Z,0.00002885
2026-01-08T00:00:00.001Z,0.00008693
2026-01-08T08:00:00.000Z,0.0001
2026-01-08T16:00:00.000Z,0.00006436
2026-01-09T00:00:00.003Z,-0.00002813
2026-01-09T08:00:00.000Z,0.00007258
2026-01-09T16:00:00.001Z,0.00000218
2026-01-10T00:00:00.000Z,0.00005643
2026-01-10T08:00:00.002Z,0.00007657
2026-01-10T16:00:00.001Z,0.00006235
2026-01-11T00:00:00.003Z,0.00008744
2026-01-11T08:00:00.006Z,0.0000467
2026-01-11T16:00:00.000Z,0.00001667
2026-01-12T00:00:00.005Z,0.00001813
2026-01-12T08:00:00.000Z,0.00002902
2026-01-12T16:00:00.000Z,0.0000465
2026-01-13T00:00:00.007Z,0.00002245
2026-01-13T08:00:00.009Z,0.00009838
2026-01-13T16:00:00.002Z,0.00003445
2026-01-14T00:00:00.000Z,0.00000129
2026-01-14T08:00:00.001Z,0.00002497
2026-01-14T16:00:00.004Z,0.00004076
2026-01-15T00:00:00.000Z,-0.00000367
2026-01-15T08:00:00.004Z,0.00001749
2026-01-15T16:00:00.002Z,0.00001526
2026-01-16T00:00:00.000Z,0.0000734
2026-01-16T08:00:00.000Z,0.00007337
2026-01-16T16:00:00.001Z,0.00002495
2026-01-17T00:00:00.000Z,-0.00000178
2026-01-17T08:00:00.000Z,0.00003007
2026-01-17T16:00:00.002Z,0.00002976
2026-01-18T00:00:00.001Z,0.00003503
2026-01-18T08:00:00.000Z,0.00009616
2026-01-18T16:00:00.000Z,0.00006571
2026-01-19T00:00:00.007Z,0.00003473
2026-01-19T08:00:00.007Z,0.00001943
2026-01-19T16:00:00.007Z,0.00002494
2026-01-20T00:00:00.005Z,0.00009819
2026-01-20T08:00:00.001Z,0.00006626
2026-01-20T16:00:00.009Z,0.00005652
2026-01-21T00:00:00.001Z,0.0001
2026-01-21T08:00:00.011Z,0.00006055
2026-01-21T16:00:00.011Z,0.0000241
2026-01-22T00:00:00.010Z,0.00006355
2026-01-22T08:00:00.003Z,0.0000511
2026-01-22T16:00:00.005Z,0.00009419
2026-01-23T00:00:00.005Z,0.0000509
2026-01-23T08:00:00.000Z,0.0000339
2026-01-23T16:00:00.011Z,0.00006968
2026-01-24T00:00:00.011Z,0.00001531
2026-01-24T08:00:00.002Z,0.00008909
2026-01-24T16:00:00.001Z,0.00003901
2026-01-25T00:00:00.002Z,0.00001336
2026-01-25T08:00:00.011Z,0.00008051
2026-01-25T16:00:00.005Z,0.00004917
2026-01-26T00:00:00.000Z,0.00004067
2026-01-26T08:00:00.003Z,0.00002847
2026-01-26T16:00:00.000Z,0.00005606
2026-01-27T00:00:00.002Z,0.00004267
2026-01-27T08:00:00.000Z,0.00006028
2026-01-27T16:00:00.000Z,0.00007503
2026-01-28T00:00:00.000Z,0.00006237
2026-01-28T08:00:00.000Z,0.00006174
2026-01-28T16:00:00.000Z,0.0000383
2026-01-29T00:00:00.000Z,0.0000721
2026-01-29T08:00:00.009Z,0.00005856
2026-01-29T16:00:00.000Z,0.00004023
2026-01-30T00:00:00.008Z,0.00004478
2026-01-30T08:00:00.000Z,0.00001714
2026-01-30T16:00:00.001Z,0.0000031
2026-01-31T00:00:00.000Z,0.00009693
2026-01-31T08:00:00.001Z,0.00003548
2026-01-31T16:00:00.009Z,0.00006585
2026-02-01T00:00:00.001Z,-0.00003267
2026-02-01T08:00:00.004Z,0.00003421
2026-02-01T16:00:00.000Z,0.00001722
2026-02-02T00:00:00.000Z,6.8e-7
2026-02-02T08:00:00.014Z,-0.00003043
2026-02-02T16:00:00.000Z,-0.00005713
2026-02-03T00:00:00.000Z,-0.00002203
2026-02-03T08:00:00.007Z,0.00002245
2026-02-03T16:00:00.000Z,-0.00000465
2026-02-04T00:00:00.002Z,0.00000119
2026-02-04T08:00:00.007Z,0.00003551
2026-02-04T16:00:00.000Z,0.00004618
2026-02-05T00:00:00.011Z,0.00009173
2026-02-05T08:00:00.000Z,0.00000298
2026-02-05T16:00:00.007Z,-0.00004957
2026-02-06T00:00:00.000Z,-0.00001597
2026-02-06T08:00:00.001Z,-0.00013688
2026-02-06T16:00:00.000Z,-0.00013478
2026-02-07T00:00:00.003Z,-0.00015178
2026-02-07T08:00:00.000Z,-0.00008326
2026-02-07T16:00:00.010Z,-0.00002907
2026-02-08T00:00:00.003Z,-0.00003403
2026-02-08T08:00:00.000Z,-0.00003546
2026-02-08T16:00:00.000Z,-0.00004864
2026-02-09T00:00:00.002Z,-0.00003075
2026-02-09T08:00:00.001Z,0.00001846
2026-02-09T16:00:00.007Z,-0.00004284
2026-02-10T00:00:00.000Z,-0.00008798
2026-02-10T08:00:00.007Z,-0.00004829
2026-02-10T16:00:00.000Z,-0.00008816
2026-02-11T00:00:00.000Z,0.000014
2026-02-11T08:00:00.006Z,-0.00008417
2026-02-11T16:00:00.000Z,-0.00001169
2026-02-12T00:00:00.000Z,-0.00001381
2026-02-12T08:00:00.001Z,0.00003499
2026-02-12T16:00:00.001Z,-0.00001728
2026-02-13T00:00:00.007Z,0.00005834
2026-02-13T08:00:00.003Z,0.00000716
2026-02-13T16:00:00.005Z,-0.00001274
2026-02-14T00:00:00.002Z,0.00001291
2026-02-14T08:00:00.004Z,0.00003174
2026-02-14T16:00:00.002Z,-0.00003094
2026-02-15T00:00:00.000Z,-0.00001068
2026-02-15T08:00:00.002Z,0.00004664
2026-02-15T16:00:00.000Z,-0.00002371
2026-02-16T00:00:00.001Z,0.00002659
2026-02-16T08:00:00.003Z,-0.00003277
2026-02-16T16:00:00.000Z,-0.00004112
2026-02-17T00:00:00.008Z,0.00005883
2026-02-17T08:00:00.001Z,0.00002672
2026-02-17T16:00:00.002Z,0.00005077
2026-02-18T00:00:00.000Z,0.00003215
2026-02-18T08:00:00.000Z,-0.00000141
2026-02-18T16:00:00.011Z,0.00003604
2026-02-19T00:00:00.013Z,-0.00004014
2026-02-19T08:00:00.000Z,0.00002686
2026-02-19T16:00:00.003Z,-0.00003052
2026-02-20T00:00:00.000Z,0.00005365
2026-02-20T08:00:00.000Z,0.00001302
2026-02-20T16:00:00.000Z,-0.00000671
2026-02-21T00:00:00.004Z,0.00004456
2026-02-21T08:00:00.000Z,0.00002485
2026-02-21T16:00:00.005Z,0.00003235
2026-02-22T00:00:00.001Z,0.0000073
2026-02-22T08:00:00.004Z,4.2e-7
2026-02-22T16:00:00.000Z,0.00004972
2026-02-23T00:00:00.001Z,0.00006946
2026-02-23T08:00:00.000Z,-0.00009317
2026-02-23T16:00:00.000Z,0.00002251
2026-02-24T00:00:00.007Z,0.00005706
2026-02-24T08:00:00.000Z,-0.00001193
2026-02-24T16:00:00.001Z,-0.00000182
2026-02-25T00:00:00.001Z,0.00002375
2026-02-25T08:00:00.007Z,3.3e-7
2026-02-25T16:00:00.000Z,-0.00000968
2026-02-26T00:00:00.000Z,-0.00001998
2026-02-26T08:00:00.006Z,-0.00001128
2026-02-26T16:00:00.002Z,0.00004007
2026-02-27T00:00:00.007Z,-0.00000991
2026-02-27T08:00:00.000Z,-0.00008123
2026-02-27T16:00:00.001Z,-0.00000656
2026-02-28T00:00:00.000Z,0.00004041
2026-02-28T08:00:00.000Z,-0.00003727
2026-02-28T16:00:00.004Z,-0.00004305
2026-03-01T00:00:00.005Z,-0.00000688
2026-03-01T08:00:00.000Z,0.00004563
2026-03-01T16:00:00.002Z,0.00002948
2026-03-02T00:00:00.001Z,-0.00000299
2026-03-02T08:00:00.007Z,-0.00001956
2026-03-02T16:00:00.000Z,-0.00001083
2026-03-03T00:00:00.000Z,-0.00000186
2026-03-03T08:00:00.000Z,0.00001437
2026-03-03T16:00:00.007Z,0.00001481
2026-03-04T00:00:00.001Z,-0.0000539
2026-03-04T08:00:00.005Z,0.0000252
2026-03-04T16:00:00.000Z,0.00004683
2026-03-05T00:00:00.000Z,0.00003567
2026-03-05T08:00:00.000Z,0.00004965
2026-03-05T16:00:00.004Z,0.00000174
2026-03-06T00:00:00.001Z,0.00001689
2026-03-06T08:00:00.001Z,-0.00003061
2026-03-06T16:00:00.004Z,-0.00002176
2026-03-07T00:00:00.001Z,0.00000619
2026-03-07T08:00:00.012Z,0.00003525
2026-03-07T16:00:00.001Z,-0.00004217
2026-03-08T00:00:00.001Z,-0.00004496
2026-03-08T08:00:00.000Z,-0.00001115
2026-03-08T16:00:00.002Z,-0.00002868
2026-03-09T00:00:00.000Z,-0.0000577
2026-03-09T08:00:00.004Z,-0.00004579
2026-03-09T16:00:00.003Z,-0.00003431
2026-03-10T00:00:00.012Z,-0.00002394
2026-03-10T08:00:00.002Z,0.0000123
2026-03-10T16:00:00.001Z,0.00001738
2026-03-11T00:00:00.000Z,-0.00011052
2026-03-11T08:00:00.007Z,-0.00005252
2026-03-11T16:00:00.010Z,-0.00005824
2026-03-12T00:00:00.000Z,-0.00007802
2026-03-12T08:00:00.000Z,-0.00005392
2026-03-12T16:00:00.000Z,-0.00007381
2026-03-13T00:00:00.006Z,-0.00002789
2026-03-13T08:00:00.001Z,0.00004263
2026-03-13T16:00:00.000Z,-0.00000638
2026-03-14T00:00:00.001Z,-0.00000379
2026-03-14T08:00:00.000Z,-0.00003988
2026-03-14T16:00:00.007Z,-0.00004851
2026-03-15T00:00:00.000Z,-0.00001883
2026-03-15T08:00:00.000Z,-0.00006461
2026-03-15T16:00:00.000Z,0.00002659
2026-03-16T00:00:00.000Z,0.00002513
2026-03-16T08:00:00.010Z,0.00007139
2026-03-16T16:00:00.000Z,0.00002015
2026-03-17T00:00:00.000Z,0.00000241
2026-03-17T08:00:00.002Z,-0.00002505
2026-03-17T16:00:00.011Z,-0.0000126
2026-03-18T00:00:00.002Z,-0.00006569
2026-03-18T08:00:00.002Z,-0.00004813
2026-03-18T16:00:00.005Z,0.00002418
2026-03-19T00:00:00.000Z,-0.00000974
2026-03-19T08:00:00.003Z,-0.00003012
2026-03-19T16:00:00.003Z,0.00001205
2026-03-20T00:00:00.002Z,0.00000625
2026-03-20T08:00:00.000Z,0.00000753
2026-03-20T16:00:00.000Z,-0.00000223
2026-03-21T00:00:00.000Z,-0.00001493
2026-03-21T08:00:00.000Z,-0.00000738
2026-03-21T16:00:00.014Z,0.00001093
2026-03-22T00:00:00.012Z,0.00000806
2026-03-22T08:00:00.007Z,-0.00004425
2026-03-22T16:00:00.002Z,-0.00006837
2026-03-23T00:00:00.000Z,-0.00002079
2026-03-23T08:00:00.003Z,-0.00002863
2026-03-23T16:00:00.002Z,0.0000016
2026-03-24T00:00:00.000Z,0.00004229
2026-03-24T08:00:00.000Z,0.00003675
2026-03-24T16:00:00.003Z,0.00003056
2026-03-25T00:00:00.000Z,0.0000231
2026-03-25T08:00:00.000Z,0.00001074
2026-03-25T16:00:00.013Z,0.00004721
2026-03-26T00:00:00.001Z,0.00002448
2026-03-26T08:00:00.001Z,0.00001379
2026-03-26T16:00:00.000Z,-0.00002103
2026-03-27T00:00:00.006Z,0.00002925
2026-03-27T08:00:00.000Z,-0.00006298
2026-03-27T16:00:00.000Z,-0.00005841
2026-03-28T00:00:00.005Z,-0.00008088
2026-03-28T08:00:00.005Z,-0.00007604
2026-03-28T16:00:00.000Z,-0.00000173
2026-03-29T00:00:00.003Z,-0.0000368
2026-03-29T08:00:00.001Z,-1.2e-7
2026-03-29T16:00:00.000Z,0.00002677
2026-03-30T00:00:00.000Z,0.000003
2026-03-30T08:00:00.005Z,0.00000492
2026-03-30T16:00:00.000Z,0.00000758
2026-03-31T00:00:00.000Z,0.00000116
2026-03-31T08:00:00.000Z,-0.00001921
2026-03-31T16:00:00.000Z,-0.00002763
2026-04-01T00:00:00.000Z,-0.00003449
2026-04-01T08:00:00.000Z,-0.00000461
2026-04-01T16:00:00.000Z,0.00000577
2026-04-02T00:00:00.003Z,0.00003521
2026-04-02T08:00:00.001Z,0.00000845
2026-04-02T16:00:00.001Z,-0.00007398
2026-04-03T00:00:00.000Z,-0.00000831
2026-04-03T08:00:00.008Z,-0.00000599
2026-04-03T16:00:00.008Z,0.00000351
2026-04-04T00:00:00.000Z,0.00003761
2026-04-04T08:00:00.003Z,0.00004115
2026-04-04T16:00:00.000Z,0.00001651
2026-04-05T00:00:00.008Z,0.00002407
2026-04-05T08:00:00.000Z,0.00003812
2026-04-05T16:00:00.001Z,0.00001889
2026-04-06T00:00:00.004Z,0.00007073
2026-04-06T08:00:00.001Z,0.00005544
2026-04-06T16:00:00.003Z,0.00000423
2026-04-07T00:00:00.000Z,-0.00000315
2026-04-07T08:00:00.000Z,0.00003703
2026-04-07T16:00:00.000Z,0.00007393
2026-04-08T00:00:00.000Z,0.0000602
2026-04-08T08:00:00.000Z,0.00001563
2026-04-08T16:00:00.006Z,0.00004048
2026-04-09T00:00:00.000Z,-0.00000147
2026-04-09T08:00:00.010Z,0.00005239
2026-04-09T16:00:00.001Z,-0.00001986
2026-04-10T00:00:00.000Z,0.00000411
2026-04-10T08:00:00.005Z,0.00002458
2026-04-10T16:00:00.000Z,-0.00002187
2026-04-11T00:00:00.000Z,-0.00007225
2026-04-11T08:00:00.000Z,-0.00006083
2026-04-11T16:00:00.003Z,-0.00006755
2026-04-12T00:00:00.000Z,-0.00008108
2026-04-12T08:00:00.000Z,-0.0000369
2026-04-12T16:00:00.000Z,-0.00000335
2026-04-13T00:00:00.011Z,-0.00000234
2026-04-13T08:00:00.006Z,-0.00000183
2026-04-13T16:00:00.000Z,-0.00005409
2026-04-14T00:00:00.005Z,-0.00005854
2026-04-14T08:00:00.003Z,0.00002732
2026-04-14T16:00:00.001Z,-0.00005234
2026-04-15T00:00:00.000Z,-0.00009313
2026-04-15T08:00:00.000Z,-0.00005085
2026-04-15T16:00:00.000Z,-0.00007151
2026-04-16T00:00:00.013Z,-0.00003418
2026-04-16T08:00:00.000Z,-0.00002841
2026-04-16T16:00:00.000Z,-0.00002225
2026-04-17T00:00:00.001Z,0.00003297
2026-04-17T08:00:00.011Z,0.00002781
2026-04-17T16:00:00.001Z,-0.00010789
2026-04-18T00:00:00.001Z,-0.00008098
2026-04-18T08:00:00.006Z,-0.00007082
2026-04-18T16:00:00.000Z,-0.00004586
2026-04-19T00:00:00.002Z,-0.00008395
2026-04-19T08:00:00.010Z,-0.00007219
2026-04-19T16:00:00.001Z,-0.00012276
2026-04-20T00:00:00.000Z,-0.00004615
2026-04-20T08:00:00.000Z,-0.00004778
2026-04-20T16:00:00.001Z,-0.00002745
2026-04-21T00:00:00.000Z,-0.00007937
2026-04-21T08:00:00.004Z,-0.00005824
2026-04-21T16:00:00.004Z,-0.00004242
2026-04-22T00:00:00.004Z,-0.00002237
2026-04-22T08:00:00.000Z,0.0000356
2026-04-22T16:00:00.000Z,-0.00000749
2026-04-23T00:00:00.000Z,-0.0000787
2026-04-23T08:00:00.000Z,-0.00003553
2026-04-23T16:00:00.004Z,-0.00006696
2026-04-24T00:00:00.006Z,-0.00003829
2026-04-24T08:00:00.000Z,-0.00007865
2026-04-24T16:00:00.000Z,-0.00003152
2026-04-25T00:00:00.000Z,-0.00001077
2026-04-25T08:00:00.002Z,-0.00006235
2026-04-25T16:00:00.002Z,-0.00005699
2026-04-26T00:00:00.003Z,0.00000241
2026-04-26T08:00:00.007Z,0.00000153
2026-04-26T16:00:00.004Z,0.00000195
2026-04-27T00:00:00.004Z,0.00000249
2026-04-27T08:00:00.000Z,-0.00008659
2026-04-27T16:00:00.002Z,-0.00005678
2026-04-28T00:00:00.001Z,-0.00003951
2026-04-28T08:00:00.000Z,-0.00003204
2026-04-28T16:00:00.004Z,0.00005242
2026-04-29T00:00:00.006Z,0.00001305
2026-04-29T08:00:00.011Z,-0.0000284
2026-04-29T16:00:00.003Z,0.00003571
2026-04-30T00:00:00.002Z,-0.0000422
2026-04-30T08:00:00.000Z,-0.00001837
2026-04-30T16:00:00.000Z,-0.00002904
2026-05-01T00:00:00.000Z,-0.00003746
2026-05-01T08:00:00.005Z,-0.0000181
2026-05-01T16:00:00.000Z,-0.00003143
2026-05-02T00:00:00.006Z,-0.00000822
2026-05-02T08:00:00.000Z,-0.00005103
2026-05-02T16:00:00.010Z,-0.0000254
2026-05-03T00:00:00.005Z,0.0000229
2026-05-03T08:00:00.003Z,-0.00001398
2026-05-03T16:00:00.000Z,0.00000703
2026-05-04T00:00:00.000Z,0.00004304
2026-05-04T08:00:00.000Z,-0.00000158
2026-05-04T16:00:00.003Z,-0.0000316
2026-05-05T00:00:00.000Z,-0.00000383
2026-05-05T08:00:00.011Z,-0.00004626
2026-05-05T16:00:00.000Z,-0.0000824
2026-05-06T00:00:00.010Z,-0.00009153
2026-05-06T08:00:00.000Z,-0.0000615
2026-05-06T16:00:00.002Z,-0.00003756
2026-05-07T00:00:00.000Z,-0.00005856
2026-05-07T08:00:00.000Z,-0.00004568
2026-05-07T16:00:00.004Z,-0.00003014
2026-05-08T00:00:00.003Z,-0.00007406
2026-05-08T08:00:00.002Z,0.00002415
2026-05-08T16:00:00.003Z,-0.00001542
2026-05-09T00:00:00.000Z,0.00001841
2026-05-09T08:00:00.001Z,-0.00003792
2026-05-09T16:00:00.002Z,0.00003645
2026-05-10T00:00:00.003Z,9e-7
2026-05-10T08:00:00.000Z,0.00004626
2026-05-10T16:00:00.000Z,0.00005764
2026-05-11T00:00:00.000Z,0.00005798
2026-05-11T08:00:00.000Z,0.00002592
2026-05-11T16:00:00.000Z,0.00004555
2026-05-12T00:00:00.002Z,-0.00000115
2026-05-12T08:00:00.008Z,0.00003877
2026-05-12T16:00:00.000Z,0.00005822
2026-05-13T00:00:00.010Z,0.00005367
2026-05-13T08:00:00.003Z,0.00005437
2026-05-13T16:00:00.001Z,0.00001749
2026-05-14T00:00:00.005Z,0.00003928
2026-05-14T08:00:00.000Z,0.00002928
2026-05-14T16:00:00.000Z,0.00004094
2026-05-15T00:00:00.000Z,-0.00004239
2026-05-15T08:00:00.016Z,-0.00001893
2026-05-15T16:00:00.012Z,0.00001548
2026-05-16T00:00:00.005Z,0.00003938
2026-05-16T08:00:00.000Z,-0.0000021
2026-05-16T16:00:00.005Z,0.00004955
2026-05-17T00:00:00.000Z,0.00004037
2026-05-17T08:00:00.010Z,0.00001176
2026-05-17T16:00:00.009Z,4.8e-7
2026-05-18T00:00:00.007Z,-0.00001131
2026-05-18T08:00:00.002Z,0.00005778
2026-05-18T16:00:00.007Z,0.00007178
2026-05-19T00:00:00.001Z,0.00005164
2026-05-19T08:00:00.001Z,0.00004809
2026-05-19T16:00:00.009Z,0.00005563
2026-05-20T00:00:00.001Z,0.00003254
2026-05-20T08:00:00.006Z,0.00007983
2026-05-20T16:00:00.000Z,0.00006858
2026-05-21T00:00:00.001Z,0.00001925
2026-05-21T08:00:00.000Z,0.00004003
2026-05-21T16:00:00.000Z,0.0000613
2026-05-22T00:00:00.000Z,0.00003564
2026-05-22T08:00:00.004Z,-0.0000082
2026-05-22T16:00:00.001Z,0.00002891
2026-05-23T00:00:00.009Z,0.00001783
2026-05-23T08:00:00.001Z,0.00001025
2026-05-23T16:00:00.003Z,0.00007441
2026-05-24T00:00:00.011Z,0.00009044
2026-05-24T08:00:00.008Z,0.0000629
2026-05-24T16:00:00.000Z,0.00006265
2026-05-25T00:00:00.001Z,0.00006549
2026-05-25T08:00:00.001Z,0.00003527
2026-05-25T16:00:00.001Z,0.00001426
2026-05-26T00:00:00.000Z,0.00008058
2026-05-26T08:00:00.003Z,0.00003852
2026-05-26T16:00:00.000Z,0.00005776
2026-05-27T00:00:00.000Z,0.0001
2026-05-27T08:00:00.004Z,0.00008948
2026-05-27T16:00:00.009Z,0.00009914
2026-05-28T00:00:00.001Z,0.0001
2026-05-28T08:00:00.000Z,0.00005011
2026-05-28T16:00:00.001Z,0.0001
2026-05-29T00:00:00.000Z,0.0001
2026-05-29T08:00:00.001Z,0.00005391
2026-05-29T16:00:00.008Z,0.00006702
2026-05-30T00:00:00.000Z,0.00003464
2026-05-30T08:00:00.001Z,0.00004732
2026-05-30T16:00:00.000Z,0.00006214
2026-05-31T00:00:00.000Z,0.00004432
2026-05-31T08:00:00.000Z,0.00005663
2026-05-31T16:00:00.004Z,0.00005988
2026-06-01T00:00:00.001Z,0.00005703
2026-06-01T08:00:00.001Z,0.00004438
2026-06-01T16:00:00.000Z,0.0001
2026-06-02T00:00:00.000Z,0.0001
2026-06-02T08:00:00.000Z,0.0000599
2026-06-02T16:00:00.000Z,0.00008345
2026-06-03T00:00:00.013Z,0.00007165
2026-06-03T08:00:00.000Z,0.00005229
2026-06-03T16:00:00.001Z,0.0001
2026-06-04T00:00:00.009Z,0.00002705
2026-06-04T08:00:00.000Z,0.00001519
2026-06-04T16:00:00.003Z,-0.00001077
2026-06-05T00:00:00.000Z,0.00001315
2026-06-05T08:00:00.004Z,-0.00001431
2026-06-05T16:00:00.009Z,-0.00000863
2026-06-06T00:00:00.000Z,-0.00001234
2026-06-06T08:00:00.000Z,0.00002675
2026-06-06T16:00:00.000Z,-0.00000511
2026-06-07T00:00:00.001Z,-0.00002828
2026-06-07T08:00:00.000Z,0.00000407
2026-06-07T16:00:00.000Z,0.00002742
2026-06-08T00:00:00.000Z,0.00003533
2026-06-08T08:00:00.005Z,0.00003454
2026-06-08T16:00:00.004Z,0.00000122
2026-06-09T00:00:00.000Z,-0.00001565
2026-06-09T08:00:00.000Z,0.00003041
2026-06-09T16:00:00.001Z,0.00000606
2026-06-10T00:00:00.001Z,0.00000365
2026-06-10T08:00:00.011Z,-0.00003385
2026-06-10T16:00:00.009Z,0.00002542
2026-06-11T00:00:00.000Z,-0.00000811
2026-06-11T08:00:00.004Z,0.00002525
2026-06-11T16:00:00.000Z,0.00002736
2026-06-12T00:00:00.000Z,-0.00001303
2026-06-12T08:00:00.000Z,0.00002446
2026-06-12T16:00:00.000Z,0.0000084
2026-06-13T00:00:00.000Z,0.00005357
2026-06-13T08:00:00.007Z,6e-7
2026-06-13T16:00:00.002Z,0.00000938
2026-06-14T00:00:00.005Z,-0.0000451
2026-06-14T08:00:00.009Z,-0.00004657
2026-06-14T16:00:00.000Z,-0.00003265
2026-06-15T00:00:00.013Z,0.00002808
2026-06-15T08:00:00.013Z,0.00000621
2026-06-15T16:00:00.004Z,-0.00006079
2026-06-16T00:00:00.000Z,-0.00000428
2026-06-16T08:00:00.000Z,-0.0000111
2026-06-16T16:00:00.001Z,0.00000246
2026-06-17T00:00:00.012Z,0.00001957
2026-06-17T08:00:00.000Z,-0.00006685
2026-06-17T16:00:00.000Z,-0.00002582
2026-06-18T00:00:00.002Z,0.00002636
2026-06-18T08:00:00.000Z,0.00001896
2026-06-18T16:00:00.001Z,0.00000872
2026-06-19T00:00:00.005Z,0.00006039
2026-06-19T08:00:00.001Z,0.00001984
2026-06-19T16:00:00.001Z,0.00002823
2026-06-20T00:00:00.001Z,0.00005814
2026-06-20T08:00:00.000Z,0.00002633
2026-06-20T16:00:00.001Z,0.00003985
2026-06-21T00:00:00.000Z,0.00000778
2026-06-21T08:00:00.000Z,0.00003034
2026-06-21T16:00:00.000Z,0.00004189
2026-06-22T00:00:00.000Z,0.00006572
2026-06-22T08:00:00.000Z,0.00001514
2026-06-22T16:00:00.002Z,0.00004813
2026-06-23T00:00:00.003Z,0.00004041
2026-06-23T08:00:00.005Z,0.00001655
2026-06-23T16:00:00.002Z,-0.00001889
2026-06-24T00:00:00.005Z,0.00002154
2026-06-24T08:00:00.005Z,0.00002134
2026-06-24T16:00:00.003Z,2.7e-7
2026-06-25T00:00:00.000Z,-0.00001423
2026-06-25T08:00:00.000Z,-0.00001803
2026-06-25T16:00:00.000Z,0.0000158
2026-06-26T00:00:00.010Z,0.00005298
2026-06-26T08:00:00.002Z,0.00005904
2026-06-26T16:00:00.000Z,0.00007308
2026-06-27T00:00:00.000Z,0.00005255
2026-06-27T08:00:00.000Z,0.00004284
2026-06-27T16:00:00.009Z,0.00003742
2026-06-28T00:00:00.000Z,0.00004258
2026-06-28T08:00:00.013Z,0.00001355
2026-06-28T16:00:00.000Z,0.0000443
2026-06-29T00:00:00.006Z,0.00003112
2026-06-29T08:00:00.013Z,0.00007444
2026-06-29T16:00:00.004Z,0.00008658
2026-06-30T00:00:00.000Z,0.00006175
2026-06-30T08:00:00.000Z,0.00008349
2026-06-30T16:00:00.005Z,0.00003327
2026-07-01T00:00:00.000Z,0.00005532
2026-07-01T08:00:00.000Z,0.00001853
2026-07-01T16:00:00.000Z,0.00007073
2026-07-02T00:00:00.000Z,0.00008001
2026-07-02T08:00:00.000Z,0.00005238
2026-07-02T16:00:00.000Z,0.00005261
2026-07-03T00:00:00.000Z,0.0001
2026-07-03T08:00:00.007Z,0.0001
2026-07-03T16:00:00.000Z,0.0000374
2026-07-04T00:00:00.000Z,0.0001
2026-07-04T08:00:00.000Z,0.0001
2026-07-04T16:00:00.007Z,0.0000948
2026-07-05T00:00:00.003Z,0.00009533
2026-07-05T08:00:00.001Z,0.00008873
