date,open,high,low,close,volume
2019-09-08,10000,10412.65,10000,10391.63,3096.291
2019-09-09,10316.62,10475.54,10077.22,10307,14824.373
2019-09-10,10307,10382.97,9940.87,10102.02,9068.955
2019-09-11,10094.27,10293.11,9884.31,10159.55,10897.922
2019-09-12,10163.06,10450.13,10042.12,10415.13,15609.634
2019-09-13,10414.96,10440.55,10153.51,10341.34,19252.721
2019-09-14,10343.01,10419.97,10222.77,10332.25,20656.624
2019-09-15,10333.47,10359.2,10024.81,10302.22,20536.255
2019-09-16,10302,10353.81,10080.7,10249.27,20185.637
2019-09-17,10257.3,10270.63,10136.77,10186.52,22519.607
2019-09-18,10183.87,10256.65,10097.92,10155.16,20832.895
2019-09-19,10154.7,10331.62,9530.02,10245.3,26228.754
2019-09-20,10247.7,10279.3,10070.5,10166.35,23265.91
2019-09-21,10166.56,10175.3,9912.63,9983.33,23642.387
2019-09-22,9992.7,10089.52,9857,10023.04,23916.354
2019-09-23,10027.69,10046.91,9620,9701.96,31927.062
2019-09-24,9701.1,9792.83,8645.61,8645.61,29758.535
2019-09-25,8493.32,8725.24,8200,8430.07,48222.102
2019-09-26,8428.15,8464.4,7700.67,8060.15,60065.945
2019-09-27,8061.98,8260,7851.94,8176.52,40034.653
2019-09-28,8178.26,8311,8001.14,8195.38,33820.919
2019-09-29,8199,8226.35,7888.98,8041.96,35966.056
2019-09-30,8042.08,8331.89,7709.01,8285.84,54412.52
2019-10-01,8285.31,8499,8171,8290,39212.804
2019-10-02,8290,8365.92,8149.35,8352.14,30329.179
2019-10-03,8353.4,8386,8020,8220.27,33430.23
2019-10-04,8219.95,8227.42,7979.95,8130.56,28421.111
2019-10-05,8130,8175,8010,8122.14,30262.006
2019-10-06,8122.01,8148.43,7760,7852.79,41909.039
2019-10-07,7851.01,8330,7764.42,8186.88,62760.299
2019-10-08,8188.55,8322.01,8103.88,8167.62,44715.165
2019-10-09,8168.33,8700,8113,8559.77,65453.643
2019-10-10,8559.77,8640.89,8419.34,8556.02,44285.668
2019-10-11,8557,8788,8210,8255.58,69157.964
2019-10-12,8255.54,8397.45,8248.34,8300.22,37761.514
2019-10-13,8300.31,8456,8137.3,8274.66,43820.913
2019-10-14,8274.33,8381.77,8205.02,8346.05,61999.821
2019-10-15,8346.31,8408.62,8080,8160.01,86246.749
2019-10-16,8160.55,8184,7900.24,7992.21,70434.452
2019-10-17,7994.76,8124.63,7930,8069.2,58354.602
2019-10-18,8069.41,8117.3,7812,7943.94,75251.352
2019-10-19,7945.57,8108.54,7852.12,7947.13,78024.395
2019-10-20,7947.78,8300.5,7871.17,8218.23,78663.915
2019-10-21,8218.23,8334.57,8150,8201.74,59928.516
2019-10-22,8201,8290,8000,8020.89,69506.88
2019-10-23,8020.68,8047.78,7172.76,7465,108484.139
2019-10-24,7465.18,7495.81,7337.44,7411.35,66719.534
2019-10-25,7410.07,8800,7359,8650,165118.926
2019-10-26,8650,10408.48,8626.89,9232.22,248161.161
2019-10-27,9234.75,9803.83,9066.07,9533.32,163544.019
2019-10-28,9534.37,9930.13,9156.03,9217.36,155599.975
2019-10-29,9215.78,9569.1,9070,9415.02,124703.014
2019-10-30,9415.02,9418.65,8975.72,9165.3,98464.858
2019-10-31,9163.4,9438.64,8933,9150,98836.044
2019-11-01,9149.88,9280,9050.27,9231.01,87256.949
2019-11-02,9231.7,9375,9194.98,9287.8,56602.055
2019-11-03,9288.96,9366.69,9073,9197.88,75612.722
2019-11-04,9197.86,9550,9126.01,9395.46,90433.357
2019-11-05,9395.47,9457.13,9164.33,9313.2,113738.226
2019-11-06,9313.1,9450,9259.48,9343.6,73767.911
2019-11-07,9344.29,9381.93,9091.2,9219.64,77389.569
2019-11-08,9221.63,9259.3,8669.85,8775.03,151851.16
2019-11-09,8775.6,8878,8727,8811.15,66846.392
2019-11-10,8811.3,9187,8760,9041.31,91099.197
2019-11-11,9041.31,9072.91,8611.11,8728.93,113373.762
2019-11-12,8729.89,8889.06,8552.12,8817,107520.546
2019-11-13,8817.94,8838,8712,8774.76,58585.811
2019-11-14,8774.78,8798.06,8581.39,8642.25,87099.995
2019-11-15,8642.47,8780,8380,8473.27,145602.497
2019-11-16,8473.3,8540.54,8435,8491.06,48657.04
2019-11-17,8491.18,8631,8355.78,8504.04,72152.266
2019-11-18,8504.13,8504.71,8050,8183.26,123477.142
2019-11-19,8183.3,8212.87,8000,8131.7,110854.03
2019-11-20,8131.12,8230,8037.5,8094.05,87352.38
2019-11-21,8094.57,8131.51,7432,7621.9,180289.189
2019-11-22,7621.89,7765.03,6762.73,7262.72,371213.951
2019-11-23,7261.89,7345.84,7073.38,7305.99,139643.311
2019-11-24,7306.19,7324.92,6855.91,6900.86,183676.078
2019-11-25,6899.77,7386.29,6510.19,7102.03,333987.914
2019-11-26,7103.34,7340.06,7011.9,7150,193962.094
2019-11-27,7149.97,7669.2,6850,7506.77,297842.994
2019-11-28,7506.78,7643,7356,7415.79,175000.609
2019-11-29,7417,7850,7394.57,7736.66,185819.186
2019-11-30,7737.23,7800,7444.18,7542.93,141966.392
2019-12-01,7541.08,7541.08,7222.29,7387.38,196291.252
2019-12-02,7388,7416.75,7137.74,7291,143966.953
2019-12-03,7291.74,7404.42,7231.35,7290.86,84699.47
2019-12-04,7290.85,7800,7070,7191,274879.481
2019-12-05,7189.42,7480,7142.54,7384.99,176315.108
2019-12-06,7384.66,7602.44,7295.73,7522.1,136218.707
2019-12-07,7521.13,7616.91,7467.44,7487.2,83208.782
2019-12-08,7487.19,7559.39,7376,7508.2,84380.338
2019-12-09,7507.87,7676.48,7269.05,7337.49,136440.176
2019-12-10,7338.2,7403.71,7152,7220.98,126662.794
2019-12-11,7220.92,7267,7117.74,7205.77,97320.727
2019-12-12,7206.78,7295.12,7080,7194.77,140594.105
2019-12-13,7194.08,7298,7190,7252.98,80178.833
2019-12-14,7252.98,7266.14,7007.86,7061.34,97837.512
2019-12-15,7060.79,7196,7004.77,7115,87933.233
2019-12-16,7115.45,7147.34,6831,6887.54,117597.89
2019-12-17,6887.48,6940,6550,6618.96,166411.289
2019-12-18,6618.96,7479.99,6427,7277.44,328489.593
2019-12-19,7278.11,7367.87,7042.82,7146.29,158849.566
2019-12-20,7146.29,7217.08,7078.17,7184.39,86449.566
2019-12-21,7184.39,7185,7108,7131.01,44340.865
2019-12-22,7131.02,7517.61,7122,7502.92,129797.395
2019-12-23,7502.92,7691,7262,7314.01,215298.787
2019-12-24,7314.03,7434.55,7156.08,7252.04,149081.004
2019-12-25,7251.57,7267.63,7123.19,7201.45,96965.072
2019-12-26,7201.67,7438.8,7151,7197.46,133973.533
2019-12-27,7197.84,7270,7078.89,7248.4,112284.61
2019-12-28,7248.4,7359.15,7235,7311.48,91292.882
2019-12-29,7310.29,7527,7283.6,7383.67,102543.974
2019-12-30,7383.68,7400,7215.58,7240.43,94375.362
2019-12-31,7240.8,7319,7141,7189,89203.437
2020-01-01,7189.43,7260.43,7170.15,7197.57,56801.329
2020-01-02,7197.57,7209.59,6922,6962.04,115295.677
2020-01-03,6962.34,7407.28,6863.44,7341.72,208493.458
2020-01-04,7341.6,7400,7269.21,7350.71,92586.033
2020-01-05,7350.54,7495,7303,7354.36,117765.972
2020-01-06,7354.36,7808.65,7345,7757.39,168150.317
2020-01-07,7757.74,8215.33,7733,8152.49,280809.162
2020-01-08,8150.9,8468.42,7870.11,8059.84,321225.114
2020-01-09,8059.77,8060,7750.01,7818.59,187263.143
2020-01-10,7817.91,8210.62,7670,8207.09,253783.948
2020-01-11,8207.2,8292.19,8003.87,8020.56,164741.715
2020-01-12,8020.58,8195,7956.28,8186.7,108629.964
2020-01-13,8186.22,8200,8053.78,8113,74581.364
2020-01-14,8112.99,8893,8109.02,8825,290777.981
2020-01-15,8825,8921.2,8570.52,8825.3,237633.837
2020-01-16,8825.35,8868.21,8596.25,8725.08,167958.963
2020-01-17,8724.99,9039,8680,8918.72,205717.686
2020-01-18,8918.73,8995,8816,8925,114708.682
2020-01-19,8925,9205.3,8440.91,8705.85,225314.525
2020-01-20,8705.98,8750.37,8526.06,8650,125161.675
2020-01-21,8650,8790.1,8448.6,8742.43,107577.153
2020-01-22,8742.78,8820,8585.85,8684.57,94305.496
2020-01-23,8684.47,8694,8326,8409.6,163407.064
2020-01-24,8410,8528,8247,8441.96,144785.391
2020-01-25,8442.82,8455,8272,8344.64,96961.714
2020-01-26,8344.37,8624.45,8300,8611.21,117898.916
2020-01-27,8611.21,9015.48,8565,8913.61,172235.328
2020-01-28,8913.61,9436.06,8905,9398.98,244467.546
2020-01-29,9399.72,9460.52,9242,9311,169460.643
2020-01-30,9311.23,9599,9210.42,9525.67,190137.536
2020-01-31,9525.67,9550.72,9220,9364.51,146644.026
2020-02-01,9364.5,9477.76,9306,9392.74,109040.285
2020-02-02,9392.99,9489.92,9160.01,9338.2,148402.977
2020-02-03,9340.49,9647.61,9250,9300.64,159049.385
2020-02-04,9300.63,9368,9105,9198.35,147843.902
2020-02-05,9198.32,9799.08,9179.88,9630,212311.697
2020-02-06,9630,9884,9550,9778.12,200556.367
2020-02-07,9777.97,9900,9736.66,9821.52,129740.767
2020-02-08,9821.52,9956,9680.55,9906.43,129267.269
2020-02-09,9906.09,10184.34,9892.15,10167.38,143407.013
2020-02-10,10167.37,10213.56,9750,9865.56,184242.737
2020-02-11,9865.56,10409.96,9729.36,10229.06,190119.815
2020-02-12,10230.74,10479.98,10229.71,10339.99,159674.258
2020-02-13,10339.64,10540,10101,10239.63,213052.717
2020-02-14,10240.02,10390,10123.37,10356.82,130975.746
2020-02-15,10356.27,10389.75,9752.3,9914.99,152146.127
2020-02-16,9914.31,10060.45,9626.64,9921.86,141547.956
2020-02-17,9921.87,9971,9461.89,9716,185338.179
2020-02-18,9716,10270,9598,10174.32,166119.369
2020-02-19,10174.53,10286,9293.07,9593.65,187495.927
2020-02-20,9593.31,9700,9382.59,9601.99,143105.587
2020-02-21,9601.51,9759.59,9547,9681.39,98954.288
2020-02-22,9681.39,9710.7,9565,9659.2,58419.547
2020-02-23,9658.95,10018.9,9657,9943.12,97134.358
2020-02-24,9943.12,10000,9487.38,9662.95,157965.671
2020-02-25,9662.88,9686.78,9247,9326,168641.725
2020-02-26,9326,9384,8610,8792.22,267005.172
2020-02-27,8793.96,8978,8533.9,8828,200638.488
2020-02-28,8827.12,8908.86,8450,8699.57,196066.11
2020-02-29,8699.86,8799.83,8530,8531.98,103524.685
2020-03-01,8532.5,8762.24,8409,8537.84,174332.916
2020-03-02,8537.84,8972,8504.95,8919.7,160294.484
2020-03-03,8919.7,8922.34,8657.41,8765,160123.605
2020-03-04,8765,8853.88,8669.23,8756.93,105462.12
2020-03-05,8755.98,9172.3,8755.98,9062.81,161840.623
2020-03-06,9062.62,9179.75,8994.14,9139.48,115011.583
2020-03-07,9139.77,9204,8850,8897.18,125804.999
2020-03-08,8895.62,8897.71,7997.7,8038.46,237407.028
2020-03-09,8038.99,8182.31,7635.21,7932.15,334399.107
2020-03-10,7932.45,8156.31,7733,7897.66,257068.702
2020-03-11,7898.21,7988,7593.29,7938.39,220537.381
2020-03-12,7938.39,7969,4347,4764.65,784747.02
2020-03-13,4762.28,5971,3621.81,5570.26,935489.242
2020-03-14,5569.84,5638.42,5040,5167.01,316242.586
2020-03-15,5167.21,5954.47,5089.12,5357.32,356311.765
2020-03-16,5354.81,5361.26,4413.62,5026.26,621555.792
2020-03-17,5027.11,5529.98,4913.49,5307.38,429908.098
2020-03-18,5306.42,5435,4982.75,5389.64,402005.703
2020-03-19,5389.94,6400,5246.5,6159.6,499391.19
2020-03-20,6159.41,6911,5650,6203.77,571898.016
2020-03-21,6204.47,6457.17,5854.01,6183.69,387679.649
2020-03-22,6183.84,6408.91,5730.35,5810.17,391002.795
2020-03-23,5810.3,6619.9,5670,6463.84,489746.087
2020-03-24,6463.21,6840,6369,6741.33,437968.553
2020-03-25,6740.86,6960.71,6436.26,6673.41,400684.542
2020-03-26,6673.57,6777.5,6500,6733.76,281245.628
2020-03-27,6733.76,6840,6230,6353.64,258213.519
2020-03-28,6353.64,6354.74,6004,6230.95,341944.185
2020-03-29,6231.81,6260,5857.6,5876.27,251335.919
2020-03-30,5876.27,6606.15,5850,6391.08,387321.998
2020-03-31,6389.52,6516.63,6320,6407.1,262522.644
2020-04-01,6407.1,6693,6140,6641.51,390529.602
2020-04-02,6641.22,7290,6542.73,6791.63,531321.428
2020-04-03,6791.65,7049.11,6600,6729.8,411944.927
2020-04-04,6729.8,7020,6629.99,6851.1,319849.757
2020-04-05,6851.4,6893.44,6668.02,6768.9,239224.508
2020-04-06,6768.9,7370,6760,7325.73,461331.013
2020-04-07,7325.73,7457,7070.43,7192.9,419572.04
2020-04-08,7192.9,7417.83,7145.14,7357.66,332599.575
2020-04-09,7357.15,7365.69,7105.98,7278.65,293638.581
2020-04-10,7278.83,7290,6741,6857.82,440148.453
2020-04-11,6858,6944.28,6757.29,6874.18,224157.844
2020-04-12,6874.17,7173.98,6775.66,6900.52,321594.822
2020-04-13,6900.19,6900.99,6558,6834,421954.773
2020-04-14,6834.01,6975.6,6751,6864.11,280445.427
2020-04-15,6864.11,6929,6602.59,6616.89,281136.689
2020-04-16,6616.88,7190.92,6465.33,7098.15,559868.603
2020-04-17,7098.15,7140,6981,7022.44,277339.601
2020-04-18,7022,7290,7008.11,7242.42,225807.171
2020-04-19,7242.49,7258.42,7055,7118.03,216975.114
2020-04-20,7118.04,7208.55,6735.95,6825.29,445104.981
2020-04-21,6825.28,6940,6759.16,6838,288024.528
2020-04-22,6838,7154.9,6812.57,7120.06,306482.163
2020-04-23,7120.06,7802.38,7020,7483.35,472510.047
2020-04-24,7483.36,7612.91,7388,7504.11,278378.368
2020-04-25,7504.62,7722.33,7433,7534.01,243266.807
2020-04-26,7534.01,7709.57,7476.86,7694.17,269921.936
2020-04-27,7693.63,7795.6,7623.98,7774,290336.169
2020-04-28,7774,7780,7662.49,7735.75,217652.761
2020-04-29,7735.76,8988.66,7710,8784.2,871197.569
2020-04-30,8784.05,9479.77,8400,8624.76,944211.711
2020-05-01,8623.61,9065,8619.84,8830.52,417820.386
2020-05-02,8830.52,9020,8755.01,8975.18,295769.728
2020-05-03,8975.18,9200,8727.24,8900,451322.713
2020-05-04,8899.99,8954.94,8526,8873.98,440135.307
2020-05-05,8873.99,9118.17,8766.12,9022.78,409920.13
2020-05-06,9022.76,9405,8916.01,9148.27,507753.8
2020-05-07,9148.29,10080,9022,9995,738920.219
2020-05-08,9994.74,10045.03,9726,9807.49,458034.211
2020-05-09,9809.63,9923.98,9528.23,9550.67,411941.957
2020-05-10,9550.25,9580,7940,8719.53,842909.031
2020-05-11,8723.23,9164,8151.12,8561.09,805164.964
2020-05-12,8560.73,8981,8520.43,8808.71,369716.041
2020-05-13,8808.71,9397,8790.04,9305.91,379719
2020-05-14,9305.91,9950,9250.66,9786.8,602528.438
2020-05-15,9787.62,9843.5,9100,9310.73,504107.096
2020-05-16,9311.21,9585,9210.03,9374.99,287768.201
2020-05-17,9374.99,9880,9317.16,9678.57,300859.34
2020-05-18,9677.31,9958.67,9450,9731.1,363732.37
2020-05-19,9731.11,9900,9462,9773.64,376313.845
2020-05-20,9772.66,9838,9281.42,9508.11,334423.59
2020-05-21,9508,9573,8812.2,9060,461439.193
2020-05-22,9060,9259.38,8920,9166.4,276008.073
2020-05-23,9166.43,9300,9076.9,9176.41,201589.66
2020-05-24,9176.32,9294.44,8674,8711.37,339643.378
2020-05-25,8711.37,8977,8623.38,8895.65,302980.106
2020-05-26,8895.66,9011.82,8693.18,8837.05,275619.158
2020-05-27,8837.88,9230,8811,9197.32,272253.998
2020-05-28,9197.32,9621.65,9110.97,9569.59,327412.374
2020-05-29,9569.58,9598,9317.42,9422.26,238691.299
2020-05-30,9422.11,9753,9326.01,9695,255234.058
2020-05-31,9694.38,9698,9371.76,9446.43,219829.356
2020-06-01,9446.49,10497.25,9420.85,10232.48,333740.457
2020-06-02,10232.41,10262.3,9264.15,9514.9,354168.517
2020-06-03,9514.9,9694.75,9382.33,9663.59,185389.412
2020-06-04,9663.58,9884,9440,9788.33,264515.319
2020-06-05,9788.32,9855,9580.52,9617.29,237103.042
2020-06-06,9616.64,9738.77,9528,9664,152526.703
2020-06-07,9664.01,9823.13,9373,9743.92,253986.313
2020-06-08,9743.92,9816,9631,9778.87,162086.419
2020-06-09,9778.87,9890,9550.03,9771.66,204422.819
2020-06-10,9771.66,10015.99,9681.21,9884.99,193628.149
2020-06-11,9884.99,9970.1,9055.07,9278.03,404046.613
2020-06-12,9277.72,9550,9238,9458.91,211611.34
2020-06-13,9458.77,9497.85,9340,9468.54,113449.075
2020-06-14,9468.55,9477,9240.97,9339.61,143978.523
2020-06-15,9339.7,9490.83,8888.43,9422.01,413865.727
2020-06-16,9422.01,9595,9370,9519.12,225713.247
2020-06-17,9519.13,9569,9231.03,9458.45,227477.39
2020-06-18,9458.45,9483.85,9272.41,9381.59,158349.247
2020-06-19,9381.99,9453,9239,9307,219510.059
2020-06-20,9307,9394.29,9165,9354.04,154462.29
2020-06-21,9353.84,9420.47,9279,9293.51,110599.558
2020-06-22,9293.39,9795,9273,9686.99,260561.647
2020-06-23,9686.99,9723.23,9585,9631.66,164673.499
2020-06-24,9631.65,9678,9210,9298.4,300450.251
2020-06-25,9298.78,9350.9,9005,9246.75,272566.502
2020-06-26,9246.75,9297.16,9038.52,9159.99,249348.67
2020-06-27,9159.99,9195.75,8816.4,9008,237840.165
2020-06-28,9008,9188,8932.68,9114,153842.891
2020-06-29,9114.01,9233,9022,9189.48,176660.525
2020-06-30,9189.99,9205,9063.97,9138.87,143469.832
2020-07-01,9138.88,9293,9090,9233.29,161642.185
2020-07-02,9233.29,9262.99,8936,9087.72,230747.519
2020-07-03,9087.72,9124.52,9036.06,9057.52,96947.338
2020-07-04,9058.07,9194,9042.84,9137.18,100215.438
2020-07-05,9137.18,9146.35,8900,9071.86,139545.566
2020-07-06,9071.87,9379,9058.1,9339.6,199643.828
2020-07-07,9339.59,9380,9201.23,9258.51,127833.975
2020-07-08,9258.51,9470,9233.47,9436.08,170243.001
2020-07-09,9436.08,9440.81,9164.33,9236.28,188355.856
2020-07-10,9236.29,9317.24,9121.42,9288.39,140849.874
2020-07-11,9288.39,9301.74,9178.91,9233.5,74976.521
2020-07-12,9233.5,9349,9155,9300.69,127841.882
2020-07-13,9300.7,9345,9200,9241.2,136117.659
2020-07-14,9241.18,9279,9116,9254.17,129704.278
2020-07-15,9254.17,9272.56,9156,9197.3,104107.708
2020-07-16,9197.75,9223,9044.02,9132,148089.45
2020-07-17,9132,9187,9087,9151.69,80940.584
2020-07-18,9151.7,9210,9121.98,9171.8,63233.596
2020-07-19,9171.79,9239.59,9108,9210.51,75554.579
2020-07-20,9210.68,9221,9131.01,9161.13,72429.691
2020-07-21,9161.28,9439.6,9152.62,9388.01,179211.347
2020-07-22,9388,9543,9272,9518.25,126598.902
2020-07-23,9518.25,9678.32,9439.86,9604.41,166990.147
2020-07-24,9604.41,9650,9470,9539.7,133975.068
2020-07-25,9539.7,9735.1,9526.31,9701.49,133377.589
2020-07-26,9701.54,10300,9655.2,9939.69,261998.786
2020-07-27,9939.68,11488,9928.61,11047.58,744752.4
2020-07-28,11047.58,11270,10580,10919.94,499486.679
2020-07-29,10919.94,11364.8,10844.34,11113.03,356188.761
2020-07-30,11113.01,11195.52,10826.55,11111.96,230327.988
2020-07-31,11111.97,11450.42,10971.78,11343.68,307399.731
2020-08-01,11343.67,11887.45,11201,11811.42,386322.642
2020-08-02,11811.43,12154.25,10490,11079.72,492803.351
2020-08-03,11080.7,11483,10923,11227.07,238654.591
2020-08-04,11227.07,11427.38,11025,11200.05,200044.934
2020-08-05,11200.06,11798.56,11103,11752.5,263510.011
2020-08-06,11752.5,11916.02,11571.78,11770.56,236459.595
2020-08-07,11769.97,11920,11318.93,11596.06,273935.127
2020-08-08,11596.26,11819,11513.69,11765.72,154707.303
2020-08-09,11765.72,11811,11526.9,11685.99,125463.463
2020-08-10,11685.99,12100,11384.9,11896.89,290418.014
2020-08-11,11896.86,11944,11127,11392.64,336861.638
2020-08-12,11392.64,11630,11140,11568.36,213799.491
2020-08-13,11568.37,11798,11272,11790,248214.725
2020-08-14,11790,11868.42,11644.6,11767.89,159019.959
2020-08-15,11767.89,11993.58,11682,11859.04,222262.987
2020-08-16,11858.91,11945,11688,11921.23,165733.721
2020-08-17,11921.32,12499.42,11780,12298.06,331435.112
2020-08-18,12298.06,12403,11810,11960.79,291349.888
2020-08-19,11962.03,12037.05,11574.78,11763.87,313267.066
2020-08-20,11763.88,11888,11676.03,11857.92,130981.044
2020-08-21,11858.53,11882.68,11491,11538.53,195106.536
2020-08-22,11538.53,11689.08,11385.06,11670.47,126696.73
2020-08-23,11670.48,11724,11522.15,11654,95608.033
2020-08-24,11654,11831.96,11595,11753.3,108781.125
2020-08-25,11753.29,11770,11130,11327.17,267234.771
2020-08-26,11327.18,11548.68,11255.95,11466.22,170305.024
2020-08-27,11466.22,11593,11130.82,11335.53,253778.342
2020-08-28,11335.83,11544.88,11283.19,11526.85,129477.627
2020-08-29,11526.85,11582,11419.34,11466.66,83715.229
2020-08-30,11466.27,11724.12,11457.88,11714.14,113266.672
2020-08-31,11714.13,11784.21,11575.78,11658.11,127272.378
2020-09-01,11658.11,12061.07,11531.34,11930.18,211680.828
2020-09-02,11930.17,11961,11156,11396.96,280411.964
2020-09-03,11396.44,11475,9901.16,10141.08,487812.737
2020-09-04,10141.4,10635.77,9878.65,10448,432563.841
2020-09-05,10448,10567.87,9808.58,10168.71,399307.282
2020-09-06,10168.23,10348.97,10003,10258.13,190207.654
2020-09-07,10258.13,10420.55,9879.68,10378.76,258476.949
2020-09-08,10379.3,10443.79,9842.01,10129.02,317802.322
2020-09-09,10130,10346,9981.13,10219.29,151222.689
2020-09-10,10219.29,10484.6,10211.67,10335.91,187667.873
2020-09-11,10335.91,10397.85,10200.8,10387.81,135929.303
2020-09-12,10387.81,10477.7,10271,10438.28,97429.037
2020-09-13,10438.29,10580,10209.01,10327.72,159021.843
2020-09-14,10327.72,10746.06,10241.57,10664.1,205260.236
2020-09-15,10664.1,10923.42,10592,10776.78,247657.23
2020-09-16,10776.88,11089.08,10661.9,10948.17,252881.019
2020-09-17,10948.16,11040,10740,10935.33,186484.361
2020-09-18,10935.97,11035,10810.1,10926.29,136028.351
2020-09-19,10926.3,11177,10880,11073.74,126239.232
2020-09-20,11073.2,11073.9,10751,10914.28,150450.562
2020-09-21,10915.52,10980.69,10281,10414.73,333047.145
2020-09-22,10414.73,10574.08,10353.1,10523.32,179900.686
2020-09-23,10523.32,10531.94,10132.21,10237.91,203027.542
2020-09-24,10237.91,10837.27,10191,10724.92,241646.573
2020-09-25,10724.91,10754.29,10551.56,10683.51,170930.773
2020-09-26,10683.5,10827.8,10642.23,10726.5,109340.491
2020-09-27,10726.5,10793.5,10584,10768,123440.716
2020-09-28,10768,11024,10627.19,10691.45,187105.377
2020-09-29,10691.94,10863.94,10631.49,10836.98,146888.319
2020-09-30,10836.99,10845.99,10660.05,10773,132834.116
2020-10-01,10773,10935.14,10442,10612.63,253619.622
2020-10-02,10612.62,10660,10371.03,10565.15,224747.037
2020-10-03,10565.44,10596,10491.11,10537.96,76315.911
2020-10-04,10537.96,10694,10514,10660.16,90912.105
2020-10-05,10660.16,10792,10608.9,10785,130589.137
2020-10-06,10784.99,10792,10510.66,10593.65,184895.25
2020-10-07,10593.65,10675,10540.29,10658.75,106700.522
2020-10-08,10658.75,10958,10523,10919.45,207938.861
2020-10-09,10919.45,11110,10818.44,11050.47,154336.818
2020-10-10,11050.46,11494,11050.46,11294.79,199398.012
2020-10-11,11294.78,11450.73,11273.77,11369.59,146323.076
2020-10-12,11369.59,11732,11157,11530.36,254217.203
2020-10-13,11530.37,11562,11308,11419.36,199115.115
2020-10-14,11419.36,11550,11280.5,11417.13,192936.97
2020-10-15,11417.12,11649.48,11250,11502,215260.399
2020-10-16,11502,11538.92,11175,11318.92,212339.085
2020-10-17,11319.51,11424.09,11250,11356.25,95892.966
2020-10-18,11356.25,11529.93,11342.54,11501.1,92472.191
2020-10-19,11501.5,11830,11404.01,11745,230161.648
2020-10-20,11744.99,12045.78,11673,11900.03,312811.802
2020-10-21,11900.03,13240,11876,12796.07,591963.069
2020-10-22,12796.06,13188.27,12675.5,12968.87,343851.666
2020-10-23,12970.39,13043,12725.04,12925.82,237042.526
2020-10-24,12925.82,13177.59,12871.07,13110.88,176146.631
2020-10-25,13110.88,13369,12715,13023.81,206012.652
2020-10-26,13024.21,13240,12729,13047.24,316503.296
2020-10-27,13047.24,13787.83,13041.3,13629.38,411509.506
2020-10-28,13629.89,13863,12876,13256.17,476993.789
2020-10-29,13255.79,13637.22,12965,13446.65,355352.336
2020-10-30,13446.65,13665.65,13100,13549.12,349890.573
2020-10-31,13549.12,14140,13403.36,13783.73,357853.23
2020-11-01,13783.73,13891.52,13605.9,13752.86,198395.231
2020-11-02,13752.87,13823.75,13195,13540.54,327991.768
2020-11-03,13541.55,14070,13276.33,14016.55,348730.51
2020-11-04,14016.55,14280,13512,14134.31,451433.42
2020-11-05,14134.32,15777,14088.01,15598.75,717489.697
2020-11-06,15598.74,15984.2,15177,15590.96,559380.06
2020-11-07,15590.95,15774,14350,14824.34,457582.681
2020-11-08,14824.33,15678,14710,15473.2,290616.393
2020-11-09,15473.2,15869,14822,15328.72,474181.983
2020-11-10,15328.72,15474.17,15071,15294.68,244073.495
2020-11-11,15294.68,16000,15274.89,15690.24,330772.852
2020-11-12,15690.24,16345,15437.7,16289.02,471759.126
2020-11-13,16289.01,16479.99,15955.6,16320.54,306656.359
2020-11-14,16320.54,16326.82,15700,16064.51,266206.937
2020-11-15,16064.51,16161.23,15768,15952.27,210318.453
2020-11-16,15951.93,16882,15862,16707.07,342459.329
2020-11-17,16707,17890.1,16550,17670.01,524094.697
2020-11-18,17670.01,18520,17215.03,17788.32,732937.097
2020-11-19,17788.32,18200,17347.27,17811.68,406500.977
2020-11-20,17811.68,18831.6,17748.92,18664.31,407926.802
2020-11-21,18662.85,18986,18302.08,18721.99,342412.49
2020-11-22,18721.99,18780,17645.98,18435.2,373779.417
2020-11-23,18434.17,18812.65,18013.97,18382.07,364221.378
2020-11-24,18382.07,19440,18000,19179.64,477968.289
2020-11-25,19178.53,19554.19,18509.12,18741.67,426276.99
2020-11-26,18741.66,18940.69,16181,17155.34,850692.856
2020-11-27,17155.37,17465,16444.83,17144.1,398072.933
2020-11-28,17144.11,17880,16865.78,17717.74,268833.749
2020-11-29,17717.74,18343,17523,18181.09,256024.006
2020-11-30,18180.43,19944,18178.82,19720,500482.574
2020-12-01,19722.09,19956,18050,18772.7,553885.333
2020-12-02,18770.33,19365,18329.58,19207.01,335717.482
2020-12-03,19207.01,19640,18865,19434.3,245020.576
2020-12-04,19432.66,19537.16,18570,18664.2,276271.939
2020-12-05,18662.72,19203.46,18510,19147.62,165912.647
2020-12-06,19147.63,19449.1,18855.35,19375.02,176004.606
2020-12-07,19375,19446.36,18908.66,19172.88,169402.371
2020-12-08,19172.87,19319.38,18133.33,18319.32,280714.132
2020-12-09,18319.33,18639.7,17650,18537.98,353123.689
2020-12-10,18537.97,18550,17916,18253.51,233960.241
2020-12-11,18254,18290.44,17555,18031.47,317866.07
2020-12-12,18031.71,18950,18012.21,18800,196962.282
2020-12-13,18800,19432,18705.46,19175.07,239760.089
2020-12-14,19175.06,19355.35,19004.72,19270.7,181555.823
2020-12-15,19270.71,19598,19039.64,19424.91,248744.054
2020-12-16,19424.9,21600,19274.55,21346.8,459302.012
2020-12-17,21346.81,23888.04,21231.5,22816.99,823435.821
2020-12-18,22816.99,23330,22363.94,23124.35,305997.222
2020-12-19,23124.35,24281.61,22735.81,23847.28,337535.438
2020-12-20,23847.28,24376,23076.25,23472.96,322289.774
2020-12-21,23472.96,24145,21920,22730.1,476456.589
2020-12-22,22736.05,23850,22387,23826.99,326124.313
2020-12-23,23826.74,24235.42,22572.52,23238.27,394754.939
2020-12-24,23237.73,23819.81,22700,23737.44,237754.257
2020-12-25,23738.75,24827.64,23450,24730,284523.431
2020-12-26,24729.99,26926,24507.24,26508.83,367265.555
2020-12-27,26508.84,28459.84,25850,26305.64,540264.148
2020-12-28,26301.76,27538.82,26117.1,27102.66,267563.468
2020-12-29,27101.45,27441.73,25913.01,27402.83,260759.449
2020-12-30,27402.83,29063.72,27401,28906.99,374737.655
2020-12-31,28906.99,29376.7,27848,28951.68,313648.835
2021-01-01,28948.19,29668.86,28627.12,29337.16,210716.398
2021-01-02,29337.15,33480,28958.24,32199.91,545541.08
2021-01-03,32198.41,34832.25,32000.02,33054.53,487486.989
2021-01-04,33053.93,33653.56,27800,32031.07,506128.023
2021-01-05,32029.55,34500,29900,33999.52,433720.833
2021-01-06,33999.51,37037.51,33356.46,36823.68,444019.83
2021-01-07,36825.77,40565.62,36337.36,39498.92,520147.908
2021-01-08,39498.32,42125.51,36539.77,40637.23,518080.826
2021-01-09,40638.91,41539.88,38733.28,40136.04,260882.805
2021-01-10,40136.05,41412.12,35268,38221.67,436759.048
2021-01-11,38200.01,38322.18,30448,35408.46,906275.651
2021-01-12,35406.92,36693.44,32600,34056.9,449065.693
2021-01-13,34065.53,37880,32420,37421.07,398188.088
2021-01-14,37416.34,40189.39,36764.33,39163.31,353142.386
2021-01-15,39163.31,39790,34478,36755.24,437610.113
2021-01-16,36755.25,38000,35366,36025.66,301102.477
2021-01-17,36025.65,36898,33863.5,35869.83,287686.129
2021-01-18,35875.72,37547.94,34808.47,36686.86,253386.703
2021-01-19,36690,37961,35850,35891.03,257889.419
2021-01-20,35891.74,36461.44,33403,35500,329192.419
2021-01-21,35499.23,35636.17,30069.9,30879.97,550562.277
2021-01-22,30875.77,33831.52,28880,32986.34,453568.538
2021-01-23,32990.08,33495,31405,32086.48,256776.411
2021-01-24,32086.48,33125.75,30914.2,32275.63,212107.044
2021-01-25,32274.88,34880,31921.47,32253.68,316687.524
2021-01-26,32253.68,32950,30810,32474.14,346861.707
2021-01-27,32474.81,32562.2,29240,30381.04,431022.839
2021-01-28,30382.96,33778.95,29843.33,33399.75,311528.373
2021-01-29,33399.99,38641.1,31960,34269.35,713579.785
2021-01-30,34267.04,34988.88,32849.06,34289.85,267861.872
2021-01-31,34284.76,34393.22,32193.04,33126.21,211293.891
2021-02-01,33125.11,34720,32322.47,33546.09,240632.325
2021-02-02,33546.08,36041,33450,35504.06,239856.23
2021-02-03,35504.07,37700,35410,37652.51,240308.078
2021-02-04,37651.92,38833,36233,36976.93,306715.022
2021-02-05,36975.19,38411.82,36586.68,38362.65,196277.444
2021-02-06,38357.17,40992.4,38269,39249.54,310826.315
2021-02-07,39249.53,39757.87,37403.27,38849.25,296721.925
2021-02-08,38849.24,47146,38037,46451.32,440167.093
2021-02-09,46451.32,48266.36,45057.65,46492.54,381477.426
2021-02-10,46492.53,47475,43770,44850,334979.017
2021-02-11,44850,48810,44038.97,48060.21,330540.045
2021-02-12,48060.21,49278.98,46121,47361.03,259186.288
2021-02-13,47364,48290,46252.1,47221.62,199965.397
2021-02-14,47221.63,49875.16,47093.16,48655.21,241935.666
2021-02-15,48655.21,49100,45349.21,47981.58,248960.404
2021-02-16,47981.6,50953.44,47101.02,49197.94,343592.011
2021-02-17,49197.93,52800,49029.62,52194.62,312007.458
2021-02-18,52194.62,52640,50948,51619.7,185489.89
2021-02-19,51612.46,56582,50800,56004.1,257911.872
2021-02-20,56005.85,57699,53905,55917.41,240296.308
2021-02-21,55908.45,58472.14,55564.5,57487.43,196820.573
2021-02-22,57475.5,57591.87,47751.42,54121.1,480660.187
2021-02-23,54125.55,54260.12,44893.82,48930,748737.462
2021-02-24,48930.01,51435.58,47000,49702.03,333415.219
2021-02-25,49702.05,52134.96,46685.43,47089.37,349943.016
2021-02-26,47087.97,48438.01,44100,46313.13,440670.32
2021-02-27,46313.12,48476.05,44926.77,46102.63,256027.074
2021-02-28,46097.09,46678,43002.05,45163.36,370358.825
2021-03-01,45162.64,49800,44972.49,49592.7,315659.931
2021-03-02,49594.99,50221.77,47058.06,48450.57,273100.435
2021-03-03,48454.21,52681.51,48110.66,50373.75,350311.234
2021-03-04,50373.75,51800,47500,48385.77,387428.957
2021-03-05,48385.77,49470,46320,48770.57,354602.756
2021-03-06,48772.68,49253.63,47090,48908.21,215092.91
2021-03-07,48908.21,51480,48908.21,50995.27,248398.116
2021-03-08,50991.35,52450,49310,52429.43,308339.866
2021-03-09,52429.43,54950,51880,54917.78,285604.798
2021-03-10,54917.78,57500.92,53061,55947.98,401159.493
2021-03-11,55949.3,58283,54356.44,57844.52,364681.318
2021-03-12,57842.64,58186.33,55074.3,57291.03,335495.042
2021-03-13,57291.04,61950,56136,61267.41,320322.173
2021-03-14,61267.41,61798,59005,59037.12,231991.901
2021-03-15,59037.11,60740,54517.28,55646.61,448820.83
2021-03-16,55646.61,56988,53335,56954.19,339718.202
2021-03-17,56953.23,59078.79,54154.93,58959,339397.712
2021-03-18,58959.01,60510,57072,57700.01,305100.026
2021-03-19,57700.01,59550,56301.27,58089.11,259039.479
2021-03-20,58089.11,59948,57881,58145.61,203680.149
2021-03-21,58144.44,58638.7,55403.55,57415.18,237518.696
2021-03-22,57415.19,58500,53635.81,54129.56,293062.947
2021-03-23,54129.56,55890.68,52981.4,54400,276199.041
2021-03-24,54400,57234.79,51666,52311.54,394172.526
2021-03-25,52307.89,53255.2,50452.08,51325.21,416848.091
2021-03-26,51325.21,55123,51260,55030,271957.842
2021-03-27,55030,56658.76,54001,55828,234435.346
2021-03-28,55828,56588.31,54694.91,55805.08,200603.768
2021-03-29,55804.16,58490.11,54931.15,57677.64,277215.268
2021-03-30,57676.14,59560,57110,58794.16,232824.065
2021-03-31,58794.17,59920,56812,58807.24,337038.349
2021-04-01,58810.99,59592.22,58002,58794.01,196332.114
2021-04-02,58797.56,60397.85,58490.03,59031.36,189391.958
2021-04-03,59028.99,59925,56900,57134.65,198636.171
2021-04-04,57134.65,58553,56517.23,58234.61,152454.122
2021-04-05,58234.61,59385,56808.94,59243.39,174338.646
2021-04-06,59243.4,59626.18,57500,58059.99,165562.029
2021-04-07,58060,58720,55536.07,56018.18,265271.707
2021-04-08,56018.17,58200,55759.13,58122.26,161389.858
2021-04-09,58122.93,58950,57700,58176.03,141690.144
2021-04-10,58176.04,61800,57943.95,59832.43,240907.592
2021-04-11,59832.43,60816.88,59304.02,60090.2,148499.824
2021-04-12,60093.26,61449.91,59500,59911.18,196147.561
2021-04-13,59911.19,63850,59873.01,63649.71,279389.492
2021-04-14,63645.05,64986.11,61404,63019.1,323454.88
2021-04-15,63018.34,63905.83,62157.89,63232.55,178604.198
2021-04-16,63232.56,63600,60100,61424.67,255765.893
2021-04-17,61424.67,62610,59620,60090.14,194112.299
2021-04-18,60090.14,60450,50050,56140.05,522006.276
2021-04-19,56140.05,57532.7,54200,55634.39,285041.716
2021-04-20,55634.38,57060,53330.82,56410.56,324494.085
2021-04-21,56411.25,56756.78,53610,53800,252601.972
2021-04-22,53794.72,55470.51,50534.34,51714.61,453489.185
2021-04-23,51714.62,52152,47546.16,51122.62,554666.026
2021-04-24,51122.63,51183.51,48690,50092.4,299663.131
2021-04-25,50094.27,50577.9,46930.43,49063.94,310306.501
2021-04-26,49063.94,54364.89,48763,53984.33,390494.148
2021-04-27,53984.34,55500,53225.14,55006.25,225440.361
2021-04-28,55006.25,56574.13,53852,54861.77,263170.559
2021-04-29,54861.76,55222.02,52350,53558.8,257045.19
2021-04-30,53558.57,57935,53043.62,57684.16,294683.751
2021-05-01,57688.29,58488.17,57051.23,57836.34,207854.398
2021-05-02,57836.35,57959.97,56100,56630.33,203712.515
2021-05-03,56630.34,59056.59,56500.65,57214.83,271733.972
2021-05-04,57214.84,57253.76,53094.59,53263.32,388988.754
2021-05-05,53263.32,57940,52880.38,57497.77,317811.705
2021-05-06,57497.76,58450,55297.91,56435.35,275471.204
2021-05-07,56435.35,58800,55300,57350.88,256159.504
2021-05-08,57350.89,59590.96,56961.25,58924.98,264906.729
2021-05-09,58926.36,59335.19,56316,58292.53,245954.014
2021-05-10,58292.53,59654,53250,55869.67,396237.133
2021-05-11,55869.41,56908.66,54541.33,56710.43,267226.104
2021-05-12,56712.7,58049.99,48503.74,49595.76,472329.152
2021-05-13,49596.75,51358,45596.32,49707.9,652476.689
2021-05-14,49706.27,51533,48870.41,49873.27,319069.002
2021-05-15,49873.26,50709.43,46584.32,46793.41,442023.496
2021-05-16,46794.62,49829.39,43866,46429.28,604537.63
2021-05-17,46429.28,46655,42151,43566.18,809129.365
2021-05-18,43565.11,45846.61,42268,42882.53,590358.592
2021-05-19,42882.54,43615.93,28688,36689.14,1373851.849
2021-05-20,36689.14,42460,34882,40500.3,775185.113
2021-05-21,40500,42270.42,33400,37211.02,930671.747
2021-05-22,37210.01,38851.34,35201.11,37432.58,588166.784
2021-05-23,37436,38261.71,31096.7,34651.6,996815.017
2021-05-24,34656.53,39917.09,34366,38779.66,707903.071
2021-05-25,38783.58,39790.05,36439.32,38326.84,598836.411
2021-05-26,38326.84,40900,37804.76,39224.2,577032.81
2021-05-27,39224.21,40438.82,37133.22,38527.38,543338.566
2021-05-28,38527.38,38888.35,34689.57,35670.99,832363.425
2021-05-29,35670.99,37375,33650,34611.94,733902.825
2021-05-30,34611.95,36501,33356,35651.81,511834.746
2021-05-31,35651.8,37500,34150,37243.38,635082.121
2021-06-01,37244.36,37893.76,35500,36693.41,590822.54
2021-06-02,36694.37,38232.99,35905,37569.99,441719.806
2021-06-03,37570,39470,37150.15,39247.4,507429.005
2021-06-04,39247.4,39297.35,35552.51,36828.03,700625.866
2021-06-05,36828.03,37900.49,34800,35498.62,631028.448
2021-06-06,35497.93,36521.16,35201.86,35801.71,443601.064
2021-06-07,35801.71,36820,33200,33550.96,636735.873
2021-06-08,33550.97,34061.57,30969,33372.58,976693.026
2021-06-09,33372.58,37511.31,32390,37368.45,1031014.087
2021-06-10,37369.99,38489,35750,36669.66,803185.699
2021-06-11,36669.65,37679.54,35900,37300.42,586122.898
2021-06-12,37300.41,37432.95,34585.9,35537.05,623532.476
2021-06-13,35535.95,39374.18,34739.06,38993.65,647035.314
2021-06-14,38993.66,41000,38720,40489.1,704979.881
2021-06-15,40489.1,41413,39500,40132.86,632066.994
2021-06-16,40132.86,40495,38105,38344.97,673235.496
2021-06-17,38344.97,39565,37334.76,38060.71,603849.861
2021-06-18,38060.71,38198,35100,35811.41,790379.249
2021-06-19,35811.41,36471.8,34704.08,35483,642185.382
2021-06-20,35483.01,36155,33312,35588.64,829896.441
2021-06-21,35588.63,35746.28,31250.51,31606,1397330.662
2021-06-22,31606,33274,28780.01,32496,1531824.85
2021-06-23,32496,34867.77,31711.5,33649,960700.369
2021-06-24,33650,35406.74,32300,34644.64,774899.165
2021-06-25,34644.65,35500,31250,31568.07,1093051.375
2021-06-26,31569.18,32720.52,30120,32255.56,1091384.749
2021-06-27,32250.15,34762,31960,34687.71,897147.453
2021-06-28,34687.71,35279.38,33855,34487.22,706158.545
2021-06-29,34486.58,36623,34206,35911.26,806140.329
2021-06-30,35910.64,36089.96,34042.74,35031.39,719742.983
2021-07-01,35031.39,35044.98,32672.04,33489.96,758966.493
2021-07-02,33489.96,33960,32684,33760.94,664923.202
2021-07-03,33760.94,34948.16,33296.98,34652.94,510614.258
2021-07-04,34653.32,35955.55,34340.75,35280.16,451001.556
2021-07-05,35280.17,35281.55,33032,33672.72,736706.409
2021-07-06,33672.72,35120,33500,34206.01,644229.007
2021-07-07,34206,35089.56,33756.48,33845.64,456218.909
2021-07-08,33845.63,33910,32066,32852.04,650317.664
2021-07-09,32855,34100,32250,33805.01,485662.879
2021-07-10,33805.01,34248.58,33010,33497.98,410271.979
2021-07-11,33497.98,34629.62,33306.03,34253.81,343905.35
2021-07-12,34253.88,34662.73,32650,33070.87,502747.758
2021-07-13,33070.86,33336,32186.99,32709.09,466567.713
2021-07-14,32708.66,33176.47,31556.02,32803.01,521140.41
2021-07-15,32803,33170,31140,31866.43,539111.667
2021-07-16,31865.53,32245,31018.59,31382.95,516577.743
2021-07-17,31382.96,31945,31150.02,31496.65,422650.418
2021-07-18,31496.65,32435.93,31075.1,31767,412189.401
2021-07-19,31765.23,31890,30358.77,30823.62,486305.627
2021-07-20,30823.62,31050,29242.24,29775.9,602688.19
2021-07-21,29775.89,32883.9,29472.41,32120,787077.39
2021-07-22,32120,32583.48,31700,32268.11,397258.936
2021-07-23,32268.12,33650,31970.82,33634.46,404650.016
2021-07-24,33631.74,34471,33379.81,34230,376046.028
2021-07-25,34230,35400,33812,35370.66,404114.844
2021-07-26,35370.67,48168.6,35185.49,37218.09,1162332.857
2021-07-27,37218.09,39546.34,36384.31,39442.33,675104.157
2021-07-28,39448.06,40894,38753,40003.08,736196.234
2021-07-29,40003.08,40665,39203.83,40012.9,463917.872
2021-07-30,40012.89,42316.6,38320,42203.25,561474.309
2021-07-31,42202.6,42494,41030.19,41448.11,381521.899
2021-08-01,41448.1,42614.98,39350.4,39846.78,487529.044
2021-08-02,39846.78,40450,38658,39147.48,451872.128
2021-08-03,39147.47,39774.93,37600,38203.26,517219.517
2021-08-04,38201.33,39975.32,37500,39731.31,479560.473
2021-08-05,39731.31,41350,37291,40882.4,746249.712
2021-08-06,40882.39,43400,39849.82,42825.43,653451.154
2021-08-07,42825.43,44753.01,42395.2,44601.11,583750.891
2021-08-08,44601.11,45350,43265,43787.71,553684.698
2021-08-09,43787.71,46483,42785,46259.7,626220.503
2021-08-10,46259.7,46800,44670.05,45589.99,460478.861
2021-08-11,45589.99,46754.27,45354,45522.12,390660.571
2021-08-12,45522.13,46226.67,43800,44385.09,468276.056
2021-08-13,44385.09,47980.69,44208.88,47792.52,438025.46
2021-08-14,47792.52,48300,46000,47083.74,374368.796
2021-08-15,47083.75,47388.75,45480,47006.02,370950.807
2021-08-16,47006.02,48074.23,45682.03,45926.23,412537.605
2021-08-17,45926.23,47194,44412.01,44704.84,474316.4
2021-08-18,44704.85,46050,44227.32,44714.09,395836.158
2021-08-19,44714.09,47100,43938.38,46772,439402.162
2021-08-20,46772,49500,46650,49332.74,401499.081
2021-08-21,49332.99,49833,48250,48848.29,347594.451
2021-08-22,48846.11,49556.2,48075.81,49273.28,294672.223
2021-08-23,49273.28,50600,49075.01,49523.91,355733.496
2021-08-24,49523.23,49888.88,47600,47719.36,398682.002
2021-08-25,47719.37,49297.8,47130.57,48992.65,389100.384
2021-08-26,48992.65,49380,46280,46853.06,475183.123
2021-08-27,46854.22,49220,46359.97,49083.98,403667.012
2021-08-28,49082.13,49333,48395.65,48931.99,222793.024
2021-08-29,48931.99,49769.2,47741.31,48795.41,315105.499
2021-08-30,48795.42,48916.25,46876.49,47024.7,351830.754
2021-08-31,47024.69,48298,46731.03,47150.32,365548.209
2021-09-01,47150.32,49160.79,46550.99,48842.94,350108.374
2021-09-02,48842.93,50420,48631.2,49299.14,361863.055
2021-09-03,49299.14,51111,48333,50027.08,430326.386
2021-09-04,50027.09,50582.08,49360,49940.74,274956.842
2021-09-05,49942.2,51950,49462.59,51799.57,288984.124
2021-09-06,51799.56,52830,51040,52683.97,297734.284
2021-09-07,52683.98,52950,42088,46864.39,764140.139
2021-09-08,46864.38,47347,44431,46062.29,435803.011
2021-09-09,46060.02,47400,45500,46413.88,309015.75
2021-09-10,46413.88,47037.5,44120,44860.83,343533.069
2021-09-11,44860.83,45999,44737.4,45193.78,194144.115
2021-09-12,45194.19,46512.2,44746.51,46046.73,223534.63
2021-09-13,46048.02,46933.89,43323.93,44975.96,448942.068
2021-09-14,44975.96,47272.98,44692.9,47087.18,277925.721
2021-09-15,47087.18,48440.93,46675,48106.12,244226.37
2021-09-16,48106.13,48488,47038.21,47745.55,260044.727
2021-09-17,47745.55,48150,46750,47303.11,226193.34
2021-09-18,47303.11,48850,47044.32,48285.15,207900.413
2021-09-19,48284.61,48364.64,46840,47256.91,212631.933
2021-09-20,47256.92,47345,42467.86,43026.6,600764.629
2021-09-21,43026.61,43629.6,39503.58,40726.1,683242.002
2021-09-22,40727.83,43989.98,40551.49,43520,400849.752
2021-09-23,43520,44976.48,43056,44828.29,330253.525
2021-09-24,44828.29,45134.33,40650,42798.49,608595.52
2021-09-25,42798.49,42950,41630.26,42651.58,277084.795
2021-09-26,42646.84,43940,40725.01,43150,354393.916
2021-09-27,43150.01,44350,42059.13,42122.69,285311.606
2021-09-28,42122.69,42749,40854,41006.32,359745.538
2021-09-29,41002.96,42576.8,40708.73,41499.71,293307.589
2021-09-30,41499.7,44100,41387.78,43796.57,389185.646
2021-10-01,43799.49,48450,43260.01,48123.94,449491.768
2021-10-02,48123.93,48338.68,47410,47626.61,182565.988
2021-10-03,47626.62,49304.12,47071.26,48187.3,212410.375
2021-10-04,48187.99,49544.48,46885.29,49198.22,324424.837
2021-10-05,49199.78,51888,49009.21,51455.12,314043.813
2021-10-06,51460.22,56416.02,50410,55321.6,418731.748
2021-10-07,55327.45,55337.8,53374.34,53814.99,262974.545
2021-10-08,53814.99,56208.73,53647.3,53975,255210.035
2021-10-09,53974.99,55589,53656.66,54960.77,167495.393
2021-10-10,54960.79,56789,54101,54700,289072.818
2021-10-11,54700,57880,54458,57500.01,314868.05
2021-10-12,57500.01,57756.52,53750,56011.84,349147.775
2021-10-13,56011.83,57822.38,54271.24,57393.65,327714.318
2021-10-14,57393.65,58586.67,56800,57378.19,254719.751
2021-10-15,57377.12,63997.61,56900,61702.33,493366.513
2021-10-16,61702.33,62444.23,60220,60925.56,213251.899
2021-10-17,60925.56,61796.47,58850,61571.45,240132.514
2021-10-18,61571.45,62800,59897.61,62037.92,333278.481
2021-10-19,62037.92,64500,61300,64316.7,379243.718
2021-10-20,64314.75,67150,63518.81,66064.24,324737.868
2021-10-21,66064.25,66750,62000,62260.33,478610.458
2021-10-22,62260.33,63796.2,60011.9,60734.27,350359.527
2021-10-23,60734.28,61780,59622,61325.11,222553.478
2021-10-24,61325.09,61550,59504.46,60902.82,245816.821
2021-10-25,60902.82,63795.98,60701,63127.04,234201.1
2021-10-26,63129.25,63362.06,59838.05,60358.75,252256.924
2021-10-27,60358.74,61550,57865,58449.36,329112.396
2021-10-28,58449.36,62641.26,57550,60622.03,333323.116
2021-10-29,60622.02,63069.71,60222,62308.22,218355.773
2021-10-30,62308.21,62415.85,60631.23,61895.19,156041.523
2021-10-31,61895.19,62462.99,60008,61348.61,183599.524
2021-11-01,61347.14,62543.58,59400,60942.87,246158.361
2021-11-02,60942.87,64349.55,60659.58,63266.69,217592.062
2021-11-03,63266.69,63613,60300,62946.45,211190.183
2021-11-04,62946.45,63149,60703,61431.86,184677.079
2021-11-05,61433.9,62671.48,60762,61006,157569.637
2021-11-06,61006,61645.75,60100,61511.3,154919.118
2021-11-07,61511.3,63377.58,61368.26,63316.4,142878.208
2021-11-08,63316.4,67932.89,63308.7,67606.96,274932.146
2021-11-09,67606.96,68675.16,66300,67009.98,231843.834
2021-11-10,67010.65,69198.7,62400.51,64920.13,347835.573
2021-11-11,64920.13,65646.98,64147.12,64831.3,178279.275
2021-11-12,64831.2,65500,62313,64156.08,264576.325
2021-11-13,64156.08,65073.24,63430.01,64427,124466.493
2021-11-14,64426.99,65569.99,63640,65568.39,146424.701
2021-11-15,65568.38,66395.05,63351.58,63654.49,210026.602
2021-11-16,63654.49,63655.77,58397.14,60106.03,475025.706
2021-11-17,60106.03,60848.85,58336.68,60366.96,287388.873
2021-11-18,60366.97,60999,56505.48,56921.05,412021.672
2021-11-19,56921.04,58333,55604,58069.51,245356.121
2021-11-20,58069.52,59873.84,57372,59716.29,173697.342
2021-11-21,59716.28,60052.82,58518.88,58661.39,143887.271
2021-11-22,58648.87,59624.56,55600,56268.31,326184.881
2021-11-23,56268.31,57888,55250,57574.23,267790.325
2021-11-24,57574.24,57775.27,55900,57165.08,194683.757
2021-11-25,57165.09,59449.62,57029,58988.21,191912.653
2021-11-26,58988.36,59186.41,53500,53755.65,378650.919
2021-11-27,53755.66,55300,53640.69,54738.77,155119.117
2021-11-28,54738.77,57474.76,53245,57315.73,213600.615
2021-11-29,57315.72,58924.21,56715,57827.98,215111.466
2021-11-30,57827.97,59224.99,55900,56975,337624.148
2021-12-01,56978.06,59100,56500,57209.29,273959.104
2021-12-02,57209.28,57428.49,55800,56513.57,249985.255
2021-12-03,56513.56,57670,50604,53612,374132.016
2021-12-04,53611.86,53889.69,40888.89,49135.66,598774.989
2021-12-05,49135.66,49699.49,47755,49376.6,286434.382
2021-12-06,49373.83,50888,47000,50424.72,357711.029
2021-12-07,50424.72,51929,50012,50577.2,224670.618
2021-12-08,50577.2,51210.6,48533.33,50455.61,238229.884
2021-12-09,50459.61,50773.03,47312.89,47539.76,273086.086
2021-12-10,47539.34,50188.42,46828.23,47136.35,302974.429
2021-12-11,47132.31,49499.05,46724.35,49381.15,210959.992
2021-12-12,49379.51,50768,48616.16,50057.01,183434.285
2021-12-13,50057.02,50180,45600,46679.93,348551.322
2021-12-14,46679.93,48657.92,46255.6,48324.04,266213.627
2021-12-15,48324,49479.75,46518.73,48870.48,345239.891
2021-12-16,48870.48,49439.79,47500,47624.5,215874.187
2021-12-17,47629.1,47988.27,45373.11,46125.33,326458.135
2021-12-18,46125.33,47336.99,45438.43,46815.99,191006.415
2021-12-19,46815.99,48461.17,46399.37,46668.63,241698.541
2021-12-20,46668.65,47533.42,45530.67,46898.14,273804.259
2021-12-21,46896.82,49298.78,46650,48875.15,260008.358
2021-12-22,48875.88,49599,48420.02,48569.69,208463.689
2021-12-23,48569.69,51377.74,48020,50817.92,255885.48
2021-12-24,50817.94,51805,50379.25,50808.55,220208.725
2021-12-25,50809.37,51190,50105,50403.64,147662.438
2021-12-26,50403.64,51300,49350,50765.73,184800.616
2021-12-27,50765.73,52134,50450,50707.72,216225.263
2021-12-28,50707.72,50713.56,47290,47522.03,336083.34
2021-12-29,47522.02,48125.97,46000,46436.54,274795.378
2021-12-30,46436.53,47911.68,45880,47095.02,229931.288
2021-12-31,47095.02,48575,45650,46210.56,287186.003
2022-01-01,46210.57,47943.77,46210.55,47704.35,179433.584
2022-01-02,47704.35,48000,46605.68,47280,184795.093
2022-01-03,47280.01,47575.22,45665.4,46445.81,244781.793
2022-01-04,46445.8,47524.36,45445.57,45833.42,292149.75
2022-01-05,45833.41,47075.29,42270,43421.69,485477.569
2022-01-06,43421.7,43766,42385.83,43080.01,299509.851
2022-01-07,43080.01,43135,40456.56,41553.86,473214.849
2022-01-08,41553.87,42335,40500,41688.05,283737.224
2022-01-09,41688.05,42773.85,41170,41851.22,223134.952
2022-01-10,41851.22,42219.84,39610,41801.55,453644.116
2022-01-11,41801.55,43118,41255,42700.68,323760.691
2022-01-12,42700.69,44300,42415,43880.72,281339.294
2022-01-13,43880.72,44396.68,42301.16,42534.32,289289.18
2022-01-14,42538.72,43450,41666,43042.4,272517.077
2022-01-15,43042.4,43800,42530.64,43070.51,184649.157
2022-01-16,43070.51,43464.71,42531.69,43060.66,177450.475
2022-01-17,43060.66,43159.32,41523.68,42176.34,232748.345
2022-01-18,42176.34,42680,41260,42337.58,267472.465
2022-01-19,42337.58,42545,41115.64,41657.89,333952.095
2022-01-20,41656.9,43495,40550,40661.69,399818.052
2022-01-21,40662.06,41095.76,35380.92,36425.98,790320.909
2022-01-22,36426.46,36817.74,33950,35043.73,676272.904
2022-01-23,35043.73,36496.92,34588.8,36230.01,369372.903
2022-01-24,36230,37528,32853.83,36648.31,823000.702
2022-01-25,36648.3,37561.03,35693,36934.26,409535.517
2022-01-26,36934.26,38886.58,36232.42,36787.43,554457.384
2022-01-27,36787.42,37200,35471.53,37131,422006.922
2022-01-28,37131,38000,36149.02,37696.21,367509.143
2022-01-29,37696.22,38750.94,37252,38150.01,238657.764
2022-01-30,38150,38420.3,37334.83,37870.01,195029.125
2022-01-31,37870,38741.73,36620,38439.04,318440.392
2022-02-01,38439.04,39260.26,37969,38680.51,353354.121
2022-02-02,38680.51,38834.18,36529.81,36892.03,337570.934
2022-02-03,36892.05,37395,36204.3,37289.86,318656.228
2022-02-04,37287.33,41741.76,37011,41550,520105.77
2022-02-05,41550,41922,40920,41374.69,242184.07
2022-02-06,41374.68,42656.8,41100,42361.35,215323.95
2022-02-07,42361.34,44541.16,41609.76,43829.99,418053.774
2022-02-08,43829.99,45600,42641,44021.57,468015.421
2022-02-09,44021.58,44826,43089.08,44358.08,300270.062
2022-02-10,44358.09,45847.5,43136.96,43471.29,563922.075
2022-02-11,43471.3,43900,41914.23,42366,414646.193
2022-02-12,42365.99,42980,41540,42199.87,256269.325
2022-02-13,42199.88,42755.97,41850,42041.13,192068.012
2022-02-14,42041.12,42888,41526,42525.14,303990.933
2022-02-15,42525.14,44777,42406.23,44529.6,276735.421
2022-02-16,44529.7,44536.8,43277.8,43860.7,255790.287
2022-02-17,43860.8,44150,40020.1,40491.7,433958.984
2022-02-18,40491.8,40944.1,39422,39966.8,377679.782
2022-02-19,39966.8,40438.7,39610.3,40052.6,185624.675
2022-02-20,40052.6,40100.1,37905,38368.1,329740.444
2022-02-21,38367.9,39510,36762,36986.4,646391.815
2022-02-22,36986.4,38450,36310.1,38212,465313.497
2022-02-23,38212.1,39250,36963.2,37227.8,408056.255
2022-02-24,37227.9,40376.1,34303.7,38315.1,919820.907
2022-02-25,38316.2,39750,37999.2,39205.4,416316.366
2022-02-26,39205.4,40441.1,38561.7,39099.3,251892.201
2022-02-27,39099.3,39868.6,36934.6,37672,423197.247
2022-02-28,37672.1,44341,37414.4,43155,615391.161
2022-03-01,43155,44935,42765.4,44394.1,448483.646
2022-03-02,44393.6,45350,43321,43885.7,407603.721
2022-03-03,43885.8,44080,41831,42449.5,365565.832
2022-03-04,42449.6,42525.3,38521,39127.7,469138.374
2022-03-05,39127.7,39580,38547.6,39375.1,198747.893
2022-03-06,39375,39690,38056,38401.1,311705.26
2022-03-07,38401.1,39550,37134,37963.8,490254.516
2022-03-08,37963.7,39340.5,37853,38709.9,421462.367
2022-03-09,38709.9,42647.5,38638.7,41937.5,462059.811
2022-03-10,41939.5,42034.3,38512,39407.2,520645.186
2022-03-11,39407.1,40242,38200.1,38713,467078.892
2022-03-12,38713.1,39578.4,38630,38792.6,172494.825
2022-03-13,38792.7,39300,37500,37743.7,236623.694
2022-03-14,37743,39989,37522.1,39653.8,360058.358
2022-03-15,39651.6,39901.8,38073.8,39271,345019.243
2022-03-16,39270.9,41804,38700,41105.8,650589.661
2022-03-17,41105.9,41498.4,40442.8,40898.1,243988.794
2022-03-18,40898,42322.8,40084.2,41751.5,299134.443
2022-03-19,41751.6,42446.6,41500,42188.2,186459.954
2022-03-20,42188.2,42269.3,40900,41261,235774.129
2022-03-21,41261,41544.4,40430,40982,308396.46
2022-03-22,40982,43517.7,40852,42349.8,374297.674
2022-03-23,42349.9,43051,41731.3,42867.9,282631.74
2022-03-24,42867.8,44200,42525,43973.4,331440.057
2022-03-25,43973.2,45142,43575.1,44290.6,348620.122
2022-03-26,44290.6,44785,44041,44489.2,140712.587
2022-03-27,44489.3,47047,44416,46820.8,269280.228
2022-03-28,46820.9,48200,46651.2,47121.9,317565.782
2022-03-29,47121.8,48100,46911,47418.5,259040.835
2022-03-30,47418.5,47688.6,46535,47053.2,235009.892
2022-03-31,47053.1,47619.4,45185,45506,299837.61
2022-04-01,45505.9,46700,44206.2,46266.2,360734.553
2022-04-02,46266.2,47236.8,45600,45794.6,226413.357
2022-04-03,45792.3,47448,45501,46392.4,212589.013
2022-04-04,46392.3,46895.5,45094,46580.9,272796.541
2022-04-05,46580.9,47188,45300,45477.4,257524.639
2022-04-06,45477.5,45494.2,43100,43159.7,384359.375
2022-04-07,43159.8,43888,42685,43417.1,229567.98
2022-04-08,43417.1,43968.1,42074,42229.2,310095.829
2022-04-09,42229.1,42796.7,42100.3,42727.7,119722.654
2022-04-10,42727.8,43399.4,41838,42140.4,181904.47
2022-04-11,42140.3,42399.9,39136.7,39505.6,439530.02
2022-04-12,39505.6,40700,39224,40060.7,349883.631
2022-04-13,40060.7,41580,39569.8,41129.8,324910.931
2022-04-14,41129.8,41474.8,39522,39915.9,261966.391
2022-04-15,39915.9,40888,39734.2,40529.5,194680.671
2022-04-16,40529.6,40700,39944.9,40361,127705.057
2022-04-17,40360.9,40574.1,39510,39649.1,170331.824
2022-04-18,39649.1,41310,38465.7,40785.6,362435.319
2022-04-19,40785.7,41788,40543.7,41472.9,214404.271
2022-04-20,41472.9,42166.8,40800,41327.7,257382.427
2022-04-21,41326,42966,39630,40449.8,393149.956
2022-04-22,40449.7,40786.1,39133,39674.2,314935.753
2022-04-23,39674.3,40000,39259,39415.1,125046.817
2022-04-24,39413.8,39930.6,38884.1,39433.4,180371.762
2022-04-25,39433.4,40650,38111,40411,448877.893
2022-04-26,40411,40800,37671.8,38093.7,453132.198
2022-04-27,38093.7,39470,37844.5,39209,385645.365
2022-04-28,39209,40376.6,38861.8,39732.5,413543.408
2022-04-29,39732.5,39924.8,38160,38572.2,308116.375
2022-04-30,38572.2,38782.6,37550,37614.5,181810.382
2022-05-01,37614.4,38680.6,37350,38440.5,236549.462
2022-05-02,38440.2,39222,38032.2,38525.6,336845.365
2022-05-03,38525.5,38674.7,37500.1,37712.9,248986.222
2022-05-04,37713,40071.7,37655.2,39684,424498.818
2022-05-05,39684.1,39845,35388,36534.7,547209
2022-05-06,36533.7,36679.3,35200,35995.3,431979.24
2022-05-07,35995.2,36138,34700,35466.7,200264.833
2022-05-08,35466.7,35504,33665,34032,426872.584
2022-05-09,34032.1,34243.3,30003.6,30056.6,1078779.712
2022-05-10,30056,32650,29701.4,31002.1,863178.961
2022-05-11,31002.1,32197.6,27651,29074.7,1101875.972
2022-05-12,29077.9,30257,26631,29020.7,964475.589
2022-05-13,29020.8,31072.6,28730.4,29274.3,507620.105
2022-05-14,29274.2,30352.2,28602.3,30079.8,315756.895
2022-05-15,30079.5,31462,29448,31324.4,336773.139
2022-05-16,31324.3,31327.4,29052.3,29866.7,507243.166
2022-05-17,29866.4,30794,29420,30437,398624.519
2022-05-18,30437,30700,28629.6,28700.6,426700.457
2022-05-19,28700.6,30550,28670.5,30319.9,448856.724
2022-05-20,30319.9,30784.4,28702,29188.9,485439.171
2022-05-21,29188.9,29650,28927,29427.4,202804.089
2022-05-22,29427.4,30500,29223.6,30284,297116.44
2022-05-23,30284,30658,28840.7,29097.7,475720.75
2022-05-24,29097.8,29887.3,28637.6,29643.1,382124.449
2022-05-25,29643,30246.7,29330,29536.7,413459.484
2022-05-26,29536.7,29877,27952.1,29194,602137.086
2022-05-27,29194,29387,28259.6,28623.2,506638.884
2022-05-28,28623.3,29265.7,28520,29018.8,193644.283
2022-05-29,29018.8,29595.2,28825,29452.8,215139.934
2022-05-30,29452.6,32307.6,29301.1,31726.5,502712.176
2022-05-31,31726.5,32427.5,31222,31797.8,383688.265
2022-06-01,31797.9,31986.1,29300,29796.9,556992.756
2022-06-02,29796.9,30750,29566.1,30437.1,370924.687
2022-06-03,30437.1,30693.2,29220,29682.8,357110.377
2022-06-04,29682.8,29988,29456,29848.4,187520.534
2022-06-05,29848.5,30250,29524,29909.9,205385.831
2022-06-06,29910,31780,29876.2,31361.2,436522.874
2022-06-07,31361.2,31599,29190,31118.1,691714.985
2022-06-08,31118,31325,29825,30192.5,455686.637
2022-06-09,30192.6,30691.9,29914.5,30093.3,307312.175
2022-06-10,30093.4,30374.1,28805,29077.7,445928.659
2022-06-11,29077.7,29427.9,28080,28416.7,391367.814
2022-06-12,28416.6,28530.3,26538.7,26564.7,560834.131
2022-06-13,26564.7,26877,21900,22471.5,1622521.56
2022-06-14,22471.4,23424.2,20823,22122.7,1247609.796
2022-06-15,22122.7,22800,20100.2,22567.5,1509301.169
2022-06-16,22567.5,23000,20222,20387.4,882634.22
2022-06-17,20387.4,21388,20228,20457.3,776153.257
2022-06-18,20457.3,20768.4,17593.2,18959.7,1268591.388
2022-06-19,18959.7,20821,17935.9,20564.2,1089275.674
2022-06-20,20564.3,21099.9,19630,20570.1,935816.13
2022-06-21,20570,21740,20337.8,20713.1,787173.936
2022-06-22,20713.1,20888,19745.7,19977.4,812184.193
2022-06-23,19977.5,21250,19874,21096.6,698753.04
2022-06-24,21096.6,21563.5,20732.5,21231.2,645450.778
2022-06-25,21231.2,21627.6,20894,21481.9,434117.447
2022-06-26,21481.9,21888,20952,21029.1,442787.736
2022-06-27,21029.1,21560,20500,20730,539335.009
2022-06-28,20730,21198,20188,20268.6,582916.108
2022-06-29,20268.7,20430,19817.2,20109.9,608905.99
2022-06-30,20109.9,20165,18563,19923.5,859981.415
2022-07-01,19923.3,20926.4,18948.8,19272,915399.363
2022-07-02,19272,19456,18959,19240.9,382851.525
2022-07-03,19241,19645.4,18780.1,19305.9,449508.331
2022-07-04,19306,20350,19046.3,20226.6,633310.187
2022-07-05,20226.3,20749.2,19291.6,20170,854238.867
2022-07-06,20170.1,20667.6,19753,20554.1,682076.458
2022-07-07,20554.2,21830,20244.9,21613.4,699841.616
2022-07-08,21614.5,22579.9,21175.2,21587.9,848144.495
2022-07-09,21587.8,22000,21309.6,21580,393372.366
2022-07-10,21580,21594.2,20600,20853.8,468176.539
2022-07-11,20853.8,20853.9,19870,19954.3,561245.987
2022-07-12,19954.3,20048.9,19228.3,19322.9,640560.723
2022-07-13,19322.9,20401.6,18901,20220.1,975938.165
2022-07-14,20220.1,20900,19600,20578.6,765989.53
2022-07-15,20578.6,21200,20364.3,20823.1,626763.692
2022-07-16,20823.1,21580,20471,21183.5,539206.87
2022-07-17,21183.6,21674.1,20742,20794.4,485537.728
2022-07-18,20794.4,22800,20764.4,22423.9,982867.734
2022-07-19,22423.5,23817.9,21575,23385.9,1124029.082
2022-07-20,23385.9,24277,22912.4,23221.5,946647.815
2022-07-21,23221.5,23441.1,22340.2,23144.5,723543.466
2022-07-22,23144.5,23750,22500,22675.1,633907.934
2022-07-23,22675,22990,21933.5,22440.2,505887.673
2022-07-24,22440.1,22999,22256.4,22570.6,462958.953
2022-07-25,22570.6,22656.8,21232,21300,695770.655
2022-07-26,21300,21334.4,20689.6,21241,552498.903
2022-07-27,21241,23100,21031,22941.1,753370.303
2022-07-28,22941.1,24194.6,22583.1,23836.2,756741.836
2022-07-29,23836.2,24500,23426.3,23771.1,642337.051
2022-07-30,23771,24700,23505,23629.9,493824.816
2022-07-31,23630,24187.3,23222,23290.1,385969.85
2022-08-01,23290.1,23497,22836.2,23257.6,498378.292
2022-08-02,23257.6,23448.7,22603,22975.1,625227.912
2022-08-03,22975.1,23650,22665.3,22801.5,569261.768
2022-08-04,22801.5,23211.3,22370,22608.9,548268.816
2022-08-05,22608.9,23450,22580.6,23298.1,593992.13
2022-08-06,23298,23341.8,22883.6,22943.3,227659.394
2022-08-07,22943.2,23400,22830.9,23167.8,271512.062
2022-08-08,23167.9,24243,23153.1,23804.4,565084.219
2022-08-09,23804.3,23913.4,22850,23140.2,498286.943
2022-08-10,23140.1,24235.2,22608,23940.9,760738.204
2022-08-11,23941,24972,23840.6,23917.2,760455.245
2022-08-12,23917.3,24438.8,23560,24387.5,477734.045
2022-08-13,24387.5,24879,24267.5,24429,431093.659
2022-08-14,24429,25065,24138,24294.1,437314.32
2022-08-15,24294.1,25200,23762,24085.2,739390.721
2022-08-16,24085.2,24234,23650,23843,460919.994
2022-08-17,23843,24437,23170,23333.1,640600.903
2022-08-18,23333.1,23595,23101,23185.1,347699.006
2022-08-19,23185,23200,20760,20824.9,906609.825
2022-08-20,20825,21368.9,20742.9,21127.8,490507.042
2022-08-21,21127.7,21804.6,21055,21505.6,424282.424
2022-08-22,21505.6,21550,20858.6,21387,588764.597
2022-08-23,21387,21667.2,20874.8,21518.2,609745.27
2022-08-24,21518.2,21925.6,21132.3,21354.9,502728.198
2022-08-25,21355,21810.9,21295.3,21548.3,415757.992
2022-08-26,21548.3,21867.6,20100,20228.7,896474.356
2022-08-27,20228.7,20367.7,19744,20023.9,469598.024
2022-08-28,20024,20155,19508,19547.5,386405.195
2022-08-29,19547.5,20440,19539.4,20275.5,598076.669
2022-08-30,20275.5,20574,19524.4,19803.1,767714.993
2022-08-31,19803.2,20496,19787.9,20041.5,711639.339
2022-09-01,20041.4,20198.3,19555,20122.5,691594.721
2022-09-02,20122.6,20434.3,19736,19941,669047.816
2022-09-03,19941,20050,19628.7,19820.7,285240.989
2022-09-04,19820.7,20022.4,19570,19992.7,396798.184
2022-09-05,19992.7,20046.7,19620.2,19784.9,446706.41
2022-09-06,19784.9,20174.7,18600,18781.5,945489.142
2022-09-07,18781.4,19455,18500,19287,595636.693
2022-09-08,19287,19450,19003.8,19309.3,537268.644
2022-09-09,19309.3,21666,19283,21352,992497.1
2022-09-10,21352,21825,21112.2,21639.5,491543.206
2022-09-11,21639.5,21883.4,21336,21820.3,420979.326
2022-09-12,21820.3,22474,21540,22386,818601.932
2022-09-13,22386,22850,19840,20162.5,1218769.927
2022-09-14,20162.6,20528.5,19600,20217,661802.597
2022-09-15,20217,20315,19453,19690.8,665862.067
2022-09-16,19690.8,19878,19300,19792.5,544608.804
2022-09-17,19792.4,20182.6,19739.4,20102,334678.558
2022-09-18,20102,20105.3,19325.8,19404.5,499916.474
2022-09-19,19404.5,19686.3,18215,19528.6,993776.352
2022-09-20,19528.6,19625,18690.1,18866.8,794623.932
2022-09-21,18866.7,20154.1,18084.3,18447.5,1168068.979
2022-09-22,18447.5,19504.8,18345.2,19392.5,852898.391
2022-09-23,19392.5,19492,18518.5,19280.7,838493.746
2022-09-24,19280.7,19304.5,18798,18911,377158.215
2022-09-25,18910.9,19196,18621,18799.7,410461.603
2022-09-26,18799.7,19311.5,18671,19216.3,777807.518
2022-09-27,19216.3,20375,18801.5,19070.1,1300566.158
2022-09-28,19070.1,19787.6,18460,19407.3,1141222.772
2022-09-29,19407.4,19648.8,18827.2,19582.5,991678.224
2022-09-30,19582.5,20172.7,19066,19411.7,1071462.934
2022-10-01,19411.6,19474,19140,19304,294457.009
2022-10-02,19304,19389,18896,19049.4,414970.451
2022-10-03,19049.3,19723.7,18950.8,19622,621816.329
2022-10-04,19621.9,20500,19480.1,20333,796678.762
2022-10-05,20332.9,20356.1,19707,20150,719577.149
2022-10-06,20149.9,20443.9,19843.3,19954,782034.669
2022-10-07,19954,20067,19304.4,19520.9,673407.102
2022-10-08,19520.9,19619.6,19200,19406.2,253257.201
2022-10-09,19406.3,19550,19310,19430,267178.795
2022-10-10,19430,19513,19000,19124,560920.904
2022-10-11,19124.1,19260,18850,19055,603358.324
2022-10-12,19055,19240,18924.3,19148,406770.288
2022-10-13,19148.1,19498.6,17917.8,19365.5,1104615.001
2022-10-14,19365.4,19947.9,19059.6,19164.6,861453.21
2022-10-15,19164.6,19218.8,18966,19060.4,241520.185
2022-10-16,19060.4,19415.9,19058,19251.9,267921.192
2022-10-17,19251.8,19666,19148,19540.6,502319.759
2022-10-18,19540.7,19706.4,19081,19320.9,634343.154
2022-10-19,19320.9,19349.8,19050,19116.7,404370.458
2022-10-20,19116.6,19350,18882.4,19034.7,537627.048
2022-10-21,19034.8,19240,18600,19150.9,581878.905
2022-10-22,19151,19250,19103.5,19195.1,174055.042
2022-10-23,19195.1,19690,19050,19560.7,358611.542
2022-10-24,19560.6,19593.3,19146,19318.1,476676.536
2022-10-25,19318.1,20415,19228,20068.3,777306.534
2022-10-26,20068.3,21030,20041.1,20758.3,841864.982
2022-10-27,20758.4,20863.7,20170,20285.5,614910.045
2022-10-28,20285.6,20740,19951,20582.8,595538.882
2022-10-29,20582.7,21088,20547.8,20796.7,482217.17
2022-10-30,20796.7,20925.2,20503,20615.6,295389.69
2022-10-31,20615.5,20838.7,20225.4,20482,478797.266
2022-11-01,20482.1,20687,20320,20472.1,314676.187
2022-11-02,20472.1,20796,20050,20140.1,651535.761
2022-11-03,20140.2,20400,20026,20199.7,372121.061
2022-11-04,20199.8,21297,20171.6,21137.6,824515.215
2022-11-05,21137.6,21473.7,21071.1,21289.9,303983.372
2022-11-06,21289.8,21355.8,20863.3,20900,277148.646
2022-11-07,20900,21062.6,20374,20578.6,554408.316
2022-11-08,20578.5,20685,16830,18534,2046476.313
2022-11-09,18533.9,18574.9,15462.6,15905,2065606.412
2022-11-10,15905,18230,15730,17588,1497093.602
2022-11-11,17588,17678,16343,17058.3,955344.602
2022-11-12,17058.4,17110.8,16623.8,16806.9,304455.717
2022-11-13,16806.9,16950,16210.3,16321.2,349742.836
2022-11-14,16321.3,17188,15805.5,16605.2,934392.484
2022-11-15,16605.3,17127.2,16516.7,16888.3,649349.458
2022-11-16,16888.3,17007.4,16358,16650.6,537241.645
2022-11-17,16650.7,16741.7,16403.3,16682.1,408989.285
2022-11-18,16682.1,16984.4,16541.1,16689.7,388612.842
2022-11-19,16689.7,16814.5,16543.8,16692.9,171822.915
2022-11-20,16693,16743.9,16167.1,16272.6,327599.214
2022-11-21,16272.7,16304.3,15443.2,15773,790219.365
2022-11-22,15772.9,16309,15610.3,16220.6,579333.644
2022-11-23,16220.5,16703.4,16155.5,16595.8,546714.91
2022-11-24,16595.8,16800,16450,16592.4,351024.418
2022-11-25,16592.5,16639.9,16331.7,16516.1,306560.116
2022-11-26,16516.2,16699.1,16369.1,16449.2,253401.659
2022-11-27,16449.2,16594.2,16396,16422.6,189370.345
2022-11-28,16422.5,16475,15984.1,16204.5,497137.869
2022-11-29,16204.6,16543,16088,16433.2,391410.854
2022-11-30,16433.3,17248.3,16421.5,17153.3,620324.95
2022-12-01,17153.4,17348.5,16851.2,16970.5,411051.309
2022-12-02,16970.5,17096.3,16760,17083,335039.215
2022-12-03,17083,17160,16850.1,16879.5,185257.242
2022-12-04,16879.5,17206.2,16874.1,17099.5,292090.868
2022-12-05,17099.5,17430,16860.6,16958.3,519961.39
2022-12-06,16958.2,17100,16899.9,17078.6,321330.613
2022-12-07,17078.7,17130,16655,16828,337778.925
2022-12-08,16828,17294.9,16710.4,17216,402157.335
2022-12-09,17216,17365.4,17052,17122,290231.183
2022-12-10,17122,17228.6,17081,17120,141895.207
2022-12-11,17120.1,17265,17060,17077.3,171004.111
2022-12-12,17077.3,17237.9,16865,17200,335856.258
2022-12-13,17200,18100,17076,17777.1,596851.291
2022-12-14,17777.1,18400,17659.4,17803.9,627511.699
2022-12-15,17804,17849.5,17258,17351.8,437284.037
2022-12-16,17351.9,17528,16521.1,16624.1,622150.245
2022-12-17,16624.1,16790,16571.8,16768,248465.273
2022-12-18,16768.1,16872,16656,16730.3,185898.213
2022-12-19,16730.4,16809.6,16210,16429.2,344728.552
2022-12-20,16429.2,17049.6,16390.3,16887.2,476171.098
2022-12-21,16887.3,16924.2,16694.2,16819.6,227752.335
2022-12-22,16819.7,16861.9,16556.1,16815.5,306610.961
2022-12-23,16815.5,16960,16690,16776.4,264553.42
2022-12-24,16776.3,16859.9,16774.4,16828.9,82410.79
2022-12-25,16829,16850,16700,16824.4,144075.843
2022-12-26,16824.5,16936.8,16781.1,16912.9,148128.699
2022-12-27,16912.8,16968,16580,16698.2,262828.564
2022-12-28,16698.2,16778.3,16455.6,16539,344649.858
2022-12-29,16538.9,16659,16485.1,16630.3,208591.531
2022-12-30,16630.3,16666.6,16320,16601.2,295630.49
2022-12-31,16601.2,16640,16461.8,16537.6,134462.156
2023-01-01,16537.5,16618.8,16488,16610.3,105502.965
2023-01-02,16610.4,16799,16541.2,16666,215161.176
2023-01-03,16665.9,16774,16600.3,16667.2,203070.205
2023-01-04,16667.3,16984.6,16645.7,16842.1,349747.838
2023-01-05,16842.2,16872.8,16740.4,16823.8,176369.347
2023-01-06,16823.8,17030,16664.8,16943.8,316973.629
2023-01-07,16943.9,16973.6,16900.1,16936.5,77973.105
2023-01-08,16936.5,17181.1,16905,17124.7,157717.318
2023-01-09,17124.6,17387.8,17098.2,17169.7,400277.809
2023-01-10,17169.6,17485.4,17140.4,17428.8,297320.371
2023-01-11,17428.8,18013.2,17306.4,17935.7,386277.106
2023-01-12,17935.6,19120,17902.4,18838,1040334.76
2023-01-13,18838.1,19997.8,18711,19924.2,806807.832
2023-01-14,19924.3,21544,19882.6,20962.8,1010666.683
2023-01-15,20962.8,21073.8,20556,20882.7,428486.559
2023-01-16,20882.7,21498,20606.6,21188.3,666148.201
2023-01-17,21188.2,21640,20827.8,21130.9,547390.593
2023-01-18,21130.8,21672,20386,20680,813785.517
2023-01-19,20680.1,21183.9,20659.9,21068.3,374733.617
2023-01-20,21068.3,22750,20856.4,22661.1,723645.2
2023-01-21,22661,23390,22422,22781.9,764681.1
2023-01-22,22781.8,23080.2,22287,22704.6,482529.811
2023-01-23,22704.7,23193.1,22500,22913.1,525802.84
2023-01-24,22913.3,23158.7,22450,22627.4,505615.816
2023-01-25,22627.5,23837.4,22310.5,23060.6,692786.607
2023-01-26,23060.6,23278.7,22843.8,23001.9,427760.786
2023-01-27,23001.9,23500,22516.6,23068,509920.307
2023-01-28,23068.1,23185,22870.8,23015.9,186400.943
2023-01-29,23016,23962.7,22961.5,23740.3,562028.231
2023-01-30,23740.2,23804.6,22484.2,22819.9,572537.407
2023-01-31,22819.9,23330,22715.3,23119.4,403726.966
2023-02-01,23119.5,23852.4,22747,23730,571429.711
2023-02-02,23730.1,24281.4,23365,23493.1,615740.338
2023-02-03,23493,23719.9,23201,23424.7,470831.438
2023-02-04,23424.7,23591.4,23250,23322.6,197118.393
2023-02-05,23322.6,23436,22741,22929.2,356665.034
2023-02-06,22929.3,23159.4,22600,22757.7,417160.143
2023-02-07,22757.8,23368.6,22742.4,23234.1,447273.494
2023-02-08,23234.1,23450,22662.9,22955.9,383465.481
2023-02-09,22955.9,23007.8,21684.7,21793.4,732295.35
2023-02-10,21793.3,21933.8,21405,21618.6,439986.497
2023-02-11,21618.6,21891.9,21594.4,21851.3,189249.667
2023-02-12,21851.2,22080.9,21618,21771.1,276787.093
2023-02-13,21771,21888,21338,21766.2,511595.693
2023-02-14,21766.1,22320,21485.2,22187.4,598791.509
2023-02-15,22187.4,24420,22038.5,24332.6,824676.471
2023-02-16,24332.7,25290,23518,23526.6,959463.159
2023-02-17,23526.6,25043.2,23350,24581.5,922717.148
2023-02-18,24581.3,24887.5,24430.6,24636.9,261555.556
2023-02-19,24636.8,25200,24179.4,24265.9,543506.628
2023-02-20,24265.9,25140,23827,24849.9,646401.072
2023-02-21,24849.9,25347.6,24150,24443.4,729290.575
2023-02-22,24443.3,24468.5,23572,24171.3,730414.101
2023-02-23,24171.3,24588,23590,23928.8,751339.414
2023-02-24,23928.7,24138.6,22800,23175.6,731577.942
2023-02-25,23175.5,23210.5,22700,23146.2,310795.648
2023-02-26,23146.2,23675,23050,23545.3,371395.056
2023-02-27,23545.2,23888,23088,23480,576754.966
2023-02-28,23480,23592.8,23010,23129.6,456919.838
2023-03-01,23129.7,24022.7,23008.4,23619.8,617250.311
2023-03-02,23619.8,23790.5,23183,23457.1,419256.601
2023-03-03,23457.1,23468.5,21883.2,22342.8,608518.137
2023-03-04,22342.8,22400,22147.5,22335.7,175309.211
2023-03-05,22335.8,22650,22174.9,22419.4,282261.745
2023-03-06,22419.3,22594.5,22240.1,22397.1,298976.397
2023-03-07,22397.1,22550,21908,22187.1,548494.099
2023-03-08,22187.1,22276.4,21540.5,21695.4,547867.967
2023-03-09,21695.3,21823,20003.5,20348.3,951903.36
2023-03-10,20348.4,20351.8,19521.6,20140.3,1238135.265
2023-03-11,20140.3,20674.5,19752.5,20447.3,753479.558
2023-03-12,20447.3,22184,20262.2,21986.2,881522.402
2023-03-13,21986.2,24517.2,21804,24119.5,1534982.176
2023-03-14,24119.5,26489.9,23951,24682.5,1572562.635
2023-03-15,24682.5,25200,23888,24288,1102056.429
2023-03-16,24287.9,25167.9,24120.5,24990.4,735446.946
2023-03-17,24990.5,27763.4,24875.3,27384,1341159.064
2023-03-18,27383.9,27726.4,26555.5,26907,740232.316
2023-03-19,26907,28397,26815.9,27955.7,759367.078
2023-03-20,27955.8,28483.2,27120.6,27704.1,937223.448
2023-03-21,27704.1,28460,27288,28091.1,685487.714
2023-03-22,28091.1,28881,26590,27233.8,1080393.27
2023-03-23,27233.8,28777,27101,28284.1,808174.047
2023-03-24,28284,28369.1,26960,27438.9,696075.37
2023-03-25,27439,27788,27131.8,27447.3,335674.055
2023-03-26,27447.2,28186.9,27400,27954.3,399756.985
2023-03-27,27954.3,28019.4,26480,27112,642434.822
2023-03-28,27112,27500,26610,27249.7,585080.772
2023-03-29,27249.7,28649.9,27223.6,28338.5,655852.971
2023-03-30,28338.6,29184.8,27654.1,28015,770966.1
2023-03-31,28015,28675.3,27500,28454.9,611557.29
2023-04-01,28454.8,28845.3,28180,28443.8,256487.222
2023-04-02,28443.7,28516.5,27820,28161.2,316658.67
2023-04-03,28161.3,28540,27166,27786.1,741665.563
2023-04-04,27786.1,28450,27650.2,28155.2,432370.612
2023-04-05,28155.1,28800,27775,28154,543712.838
2023-04-06,28154,28175,27684.2,28022.8,355916.782
2023-04-07,28022.9,28096,27755,27890.7,219250.178
2023-04-08,27890.7,28153.6,27850.1,27924.9,159129.56
2023-04-09,27924.9,28539.1,27762.8,28309.4,305861.88
2023-04-10,28309.4,29840,28153.6,29623.1,580061.925
2023-04-11,29623.1,30564,29573.9,30185.1,628978.491
2023-04-12,30185.1,30480,29620,29875,563668.43
2023-04-13,29874.9,30648.9,29836.7,30362.7,436182.494
2023-04-14,30362.7,31059,29925,30453.1,615391.615
2023-04-15,30453,30599.9,30186,30280.4,180234.082
2023-04-16,30280.4,30560,30102,30286.6,210226.019
2023-04-17,30286.6,30307.4,29219.9,29420,455518.548
2023-04-18,29420.1,30480,29078.1,30365.8,533189.27
2023-04-19,30365.8,30410,28557.3,28795.1,643866.11
2023-04-20,28795,29078,27983,28229.9,639179.286
2023-04-21,28229.9,28368.9,27100,27252.5,687832.833
2023-04-22,27252.6,27888,27126,27807.2,345549.021
2023-04-23,27807.2,27807.3,27279.7,27576,332082.355
2023-04-24,27575.9,28000,26919.3,27497.5,581268.268
2023-04-25,27497.4,28379.9,27176.6,28286.7,508254.515
2023-04-26,28286.7,30048.2,27200,28395.9,1284924.668
2023-04-27,28396,29898,28365.3,29459,952584.739
2023-04-28,29459,29591.1,28870,29300,508350.155
2023-04-29,29300,29443.9,29000.4,29212.7,218013.244
2023-04-30,29212.7,29950,29067.4,29223,417798.846
2023-05-01,29223,29325.5,27650,28054.4,624974.488
2023-05-02,28054.5,28888,27854,28656.5,513546.269
2023-05-03,28656.4,29258.4,28080,29018.4,676466.23
2023-05-04,29018.4,29380,28660,28826,426425.584
2023-05-05,28826,29693,28618.3,29491.5,578485.177
2023-05-06,29491.5,29840,28333,28837.8,475628.901
2023-05-07,28837.9,29137,28370,28419.4,308410.643
2023-05-08,28419.5,28624.6,27250,27659.8,658188.777
2023-05-09,27659.8,27815.6,27316.8,27610.2,367664.686
2023-05-10,27610.2,28297,26666.6,27582.9,722502.676
2023-05-11,27583,27630,26688.8,26956.4,538822.363
2023-05-12,26956.4,27090,25751,26785.1,615645.508
2023-05-13,26785.2,27051.5,26674.9,26762.7,242694.929
2023-05-14,26762.8,27200,26557,26901.9,247579.427
2023-05-15,26901.9,27650,26694.4,27152.5,450263.076
2023-05-16,27152.5,27284.7,26832,27024.8,373172.951
2023-05-17,27024.7,27500,26527.5,27395.8,490065.218
2023-05-18,27395.7,27482.7,26335.3,26809.3,544971.979
2023-05-19,26809.4,27180,26611.2,26870.1,324097.956
2023-05-20,26870.1,27144.4,26813.5,27089.5,137515.354
2023-05-21,27089.6,27288,26642,26732.8,238776.425
2023-05-22,26732.8,27097.8,26500,26840.2,328030.52
2023-05-23,26840.2,27527.5,26782.6,27209.9,369176.618
2023-05-24,27209.9,27212.9,26060,26313.8,535191.677
2023-05-25,26313.9,26644,25850,26461.8,394535.225
2023-05-26,26461.7,26925,26313.9,26689.9,324475.546
2023-05-27,26689.8,26890,26528.6,26841.6,163681.935
2023-05-28,26841.6,28252.8,26746,28055.7,440115.394
2023-05-29,28055.8,28442,27513.5,27722,411290.549
2023-05-30,27722.1,28038.6,27530,27680.1,334379.313
2023-05-31,27680,27825,26826,27201.1,471381.89
2023-06-01,27201.1,27347.9,26600,26805.3,404787.572
2023-06-02,26805.3,27290,26477.6,27227.8,391110.093
2023-06-03,27227.8,27340.2,26900,27054.9,182464.1
2023-06-04,27054.9,27460,26935.3,27102.4,218271.544
2023-06-05,27102.4,27125,25360.1,25714.7,700502.548
2023-06-06,25714.6,27358.1,25321.6,27221.5,731445.649
2023-06-07,27221.5,27394.4,26111,26325.9,660044.537
2023-06-08,26325.9,26800,26195.4,26485.9,333104.839
2023-06-09,26486,26775,26236,26468.1,283719.198
2023-06-10,26468.2,26525,25300,25826.6,608917.569
2023-06-11,25826.6,26199,25621.3,25909.9,279365.563
2023-06-12,25910,26097.7,25600,25894.8,298900.468
2023-06-13,25894.8,26430.5,25708,25918,434536.754
2023-06-14,25918,26099.3,24796.8,25115.9,464681.602
2023-06-15,25115.9,25750,24777,25586.1,473971.375
2023-06-16,25586,26526.9,25142.1,26336,533144.956
2023-06-17,26335.9,26900,26170.8,26508.9,305738.396
2023-06-18,26508.8,26709.4,26230.9,26329.7,241977.484
2023-06-19,26329.6,27077,26241.2,26828.5,400533.758
2023-06-20,26828.6,28397.8,26633.9,28290.6,758176.297
2023-06-21,28290.7,30822,28236.4,29988.5,1123474.427
2023-06-22,29988.5,30488,29500.1,29875,561051.742
2023-06-23,29875,31500,29792,30673.4,699073.071
2023-06-24,30673.5,30796.5,30222,30524.2,279539.288
2023-06-25,30524.2,31053.2,30252.6,30458,301533.154
2023-06-26,30458,30667.3,29890.1,30260.1,415099.356
2023-06-27,30260.1,30998.5,30213,30683.2,406073.348
2023-06-28,30683.2,30701.8,29804.6,30066.3,416656.434
2023-06-29,30066.3,30837,30036.1,30439.9,382072.846
2023-06-30,30439.9,31300,29500,30460.2,809331.305
2023-07-01,30460.2,30668.2,30311.3,30573.6,135520.246
2023-07-02,30573.6,30800,30149.9,30612.7,231866.188
2023-07-03,30612.7,31395.2,30559.4,31149,370293.236
2023-07-04,31149,31319.4,30600,30756.1,300832.26
2023-07-05,30756.1,30875.2,30175.8,30488.4,294896.578
2023-07-06,30488.4,31568,29818,29874.4,721267.219
2023-07-07,29874.3,30443.6,29680,30327.9,337801.654
2023-07-08,30328,30380,30026.8,30269.3,138734.493
2023-07-09,30269.2,30443.4,30042,30147.8,162296.263
2023-07-10,30147.8,31040,29928.8,30396.9,429115.537
2023-07-11,30396.9,30804.9,30261.4,30608.4,298904.747
2023-07-12,30608.3,30980.5,30186,30368.9,425058.257
2023-07-13,30368.9,31850,30233,31441.7,696023.51
2023-07-14,31441.6,31640,29876.6,30293.3,538692.246
2023-07-15,30293.3,30380,30220.2,30276.4,111622.474
2023-07-16,30276.5,30441.6,30050,30216.8,173805.94
2023-07-17,30216.9,30329.7,29630,30126.1,344113.427
2023-07-18,30126,30227.5,29400,29845.6,337396.417
2023-07-19,29845.7,30178.5,29745,29895.5,298418.854
2023-07-20,29895.5,30420,29468.8,29791,410263.764
2023-07-21,29791,30056.2,29705.9,29891.4,221145.074
2023-07-22,29891.5,29986,29602.2,29783.5,143375.956
2023-07-23,29783.5,30368.2,29718.9,30070.8,224713.846
2023-07-24,30070.9,30091.7,28830,29163.8,434182.417
2023-07-25,29163.8,29379.5,29033,29216.3,196438.618
2023-07-26,29216.2,29670.5,29083,29336,318527.582
2023-07-27,29336,29558.4,29065.5,29209.7,223376.534
2023-07-28,29209.8,29535.7,29112.8,29299.9,221299.867
2023-07-29,29300,29397.9,29237.5,29339.1,87100.719
2023-07-30,29339.1,29442.5,29006,29271.1,169901.253
2023-07-31,29271.2,29525.8,29100,29220.8,230381.722
2023-08-01,29220.8,29735,28550,29701.2,442328.643
2023-08-02,29701.2,30059.9,28906.3,29170.1,491725.492
2023-08-03,29170.2,29440,28955.4,29180.2,251967.942
2023-08-04,29180.1,29323.8,28780,29101.1,229395.673
2023-08-05,29101.1,29145,28960,29057.7,82508.624
2023-08-06,29057.7,29199,28978.5,29075.9,103094.44
2023-08-07,29075.9,29274.5,28682.3,29202.7,297752.439
2023-08-08,29202.7,30250,29132.4,29759,459269.801
2023-08-09,29758.9,30149.7,29362,29572.8,362009.701
2023-08-10,29572.9,29729.8,29303.7,29443.7,234546.038
2023-08-11,29443.7,29565.1,29220,29415.5,179044.008
2023-08-12,29415.5,29470,29360,29420.7,56238.035
2023-08-13,29420.8,29463,29256.6,29293.3,84190.505
2023-08-14,29293.3,29686.7,29070,29419.5,295035.383
2023-08-15,29419.5,29492.1,29050,29188.8,191289.959
2023-08-16,29188.9,29257.4,28705.1,28714.4,272023.138
2023-08-17,28714.4,28775.9,24581,26609.7,868508.22
2023-08-18,26609.7,26818,25600,26042.1,522375.316
2023-08-19,26042,26269.4,25783.4,26088.3,202219.153
2023-08-20,26088.4,26285,25948.5,26175.9,141089.85
2023-08-21,26175.9,26280,25800,26115.4,232505.265
2023-08-22,26115.4,26128.2,25280,26044.4,313113.576
2023-08-23,26044.5,26806,25800,26419.2,412969.028
2023-08-24,26419.2,26568.3,25835,26164.6,286753.337
2023-08-25,26164.6,26300,25754.4,26051.7,274830.494
2023-08-26,26051.7,26129.4,25969,26004.3,63925.862
2023-08-27,26004.3,26173.6,25955.6,26087.7,86505.398
2023-08-28,26087.6,26244.6,25850.4,26106.5,219992.051
2023-08-29,26106.5,28168,25905.2,27700.1,700233.946
2023-08-30,27700.1,27758.2,26950,27290.4,315313.916
2023-08-31,27290.4,27674.3,25617.8,25928,502906.277
2023-09-01,25928,26151.6,25312,25795.6,361184.924
2023-09-02,25795.6,25975,25740.6,25855.8,107642.864
2023-09-03,25855.8,26135.2,25777,25962.1,133016.832
2023-09-04,25962.1,26099.3,25610,25814,173147.873
2023-09-05,25814,25900,25531.2,25779.7,186639.945
2023-09-06,25779.7,26052,25326,25747.4,251122.66
2023-09-07,25747.4,26451,25602.3,26240.7,257349.902
2023-09-08,26240.7,26437.5,25630,25899.8,249269.761
2023-09-09,25899.9,25940.6,25781.5,25892.6,67909.81
2023-09-10,25892.6,26037.3,25508.7,25828.4,162972.413
2023-09-11,25828.4,25895,24888,25150.4,427216.374
2023-09-12,25150.4,26580,25116.4,25825.8,592049.678
2023-09-13,25825.8,26400,25750,26209.9,335252.718
2023-09-14,26209.9,26880,26106.6,26510.3,380666.471
2023-09-15,26510.3,26890,26206.6,26591.1,251656.77
2023-09-16,26591.1,26763.5,26430,26546.9,140482.465
2023-09-17,26547,26614.3,26377.4,26514.2,114239.394
2023-09-18,26514.2,27397,26358.6,26749.9,472539.032
2023-09-19,26749.9,27480,26653.2,27196,433511.747
2023-09-20,27195.9,27381,26740,27107.7,348921.447
2023-09-21,27107.7,27149,26360.1,26552.6,317992.869
2023-09-22,26552.6,26737.7,26452.9,26566.7,173534.648
2023-09-23,26566.7,26620.6,26492.2,26563.1,57836.484
2023-09-24,26563,26739.9,26081,26232.4,146632.773
2023-09-25,26232.4,26440,25965,26290.5,268385.836
2023-09-26,26290.5,26388,26073.8,26208.8,180491.169
2023-09-27,26208.7,26849.9,26050,26359.6,353002.84
2023-09-28,26359.6,27308.7,26325.2,27011.8,429587.858
2023-09-29,27011.7,27231.5,26625,26890.9,277397.643
2023-09-30,26890.9,27085,26870.4,26950.9,92317.154
2023-10-01,26951,28365.2,26939,27981.4,240382.946
2023-10-02,27981.4,28613,27255,27477.6,593277.72
2023-10-03,27477.7,27665,27123,27412,283077.899
2023-10-04,27412,27830,27163.9,27759.8,280784.322
2023-10-05,27759.7,28110,27333.5,27398.4,370190.087
2023-10-06,27398.3,28450,27156,27916.3,438445.904
2023-10-07,27916.3,28018.7,27822.1,27943,117049.145
2023-10-08,27943,28082,27671,27901.2,178380.307
2023-10-09,27901.2,27977,27250,27578.3,314316.581
2023-10-10,27578.4,27727.3,27281,27381.2,239779.496
2023-10-11,27381.3,27467.6,26525,26864.5,388186.571
2023-10-12,26864.5,26939,26534.8,26744,220279.04
2023-10-13,26744,27120.8,26670.1,26849.8,243222.154
2023-10-14,26849.7,26986.4,26773.1,26836.3,82164.781
2023-10-15,26836.4,27456.1,26790.4,27139.8,160000.462
2023-10-16,27139.8,30720,27095.4,28486.3,823003.782
2023-10-17,28486.3,28605,28055,28381.9,314189.758
2023-10-18,28382,29100,28126.6,28307.1,297176.628
2023-10-19,28307.2,28933.4,28076,28696.9,333673.207
2023-10-20,28697,30243,28560,29653,551005.327
2023-10-21,29653,30374.6,29443.5,29895.4,258195.956
2023-10-22,29895.4,30229.7,29606.6,29981.5,198602.758
2023-10-23,29981.4,35981.9,29869.4,33074,987741.536
2023-10-24,33074,35300,32833.5,33917,921993.063
2023-10-25,33917,35154.3,33660.6,34487.7,465367.144
2023-10-26,34487.8,34828.7,33750,34154,339552.964
2023-10-27,34154,34253.3,33350,33893.1,278052.978
2023-10-28,33893.2,34535.8,33867.4,34086.6,138314.932
2023-10-29,34086.7,34773.8,33933,34528.6,175897.55
2023-10-30,34528.6,34888.2,34050,34483.8,281841.348
2023-10-31,34483.8,34744.7,34016.8,34651.4,272450.567
2023-11-01,34651.4,35734,34076,35437.4,469214.787
2023-11-02,35437.5,35999.9,34300,34940.1,410221.727
2023-11-03,34940.1,34944.9,34123,34700.4,306048.199
2023-11-04,34700.5,35270,34571.6,35069.7,140746.874
2023-11-05,35069.7,35455.2,34356,35025.5,231363.339
2023-11-06,35025.5,35299.9,34743.2,35057.4,202227.215
2023-11-07,35057.5,35921.7,34520.3,35406.5,343525.95
2023-11-08,35406.5,36150,35073,35626.7,334779.449
2023-11-09,35626.7,38499.9,35304,36719.5,778877.937
2023-11-10,36719.6,37570,36350,37330.4,299373.892
2023-11-11,37330.3,37422.2,36588,37162.1,159239.284
2023-11-12,37162.1,37258.4,36753.6,37085.5,118890.045
2023-11-13,37085.6,37464.8,36350,36486.2,257075.648
2023-11-14,36486.2,36779.9,34446.3,35559,397265.8
2023-11-15,35559.1,38000,35388,37885.6,423818.57
2023-11-16,37885.5,37956.5,35486.1,36176,434444.366
2023-11-17,36176,37020.5,35868.3,36621.9,319943.051
2023-11-18,36621.9,36900,36196,36580.9,121720.922
2023-11-19,36580.9,37528.2,36380,37375.9,154713.007
2023-11-20,37375.8,37784.7,36600,37462.5,310504.037
2023-11-21,37462.6,37675,35720,35737,450731.16
2023-11-22,35737,37880,35610.7,37413.4,338189.618
2023-11-23,37413.5,37650,36856.3,37294.3,185369.931
2023-11-24,37294.4,38425,37257.3,37706.3,351031.723
2023-11-25,37706.3,37886.5,37570.9,37766.6,82589.329
2023-11-26,37766.7,37807.6,37126,37437.9,173758.644
2023-11-27,37437.9,37560,36700,37234.3,266112.699
2023-11-28,37234.4,38395,36856,37812.1,318426.327
2023-11-29,37812,38500,37551.8,37837.1,261631.881
2023-11-30,37837.2,38132,37442.9,37716.8,191188.871
2023-12-01,37716.9,38989,37600,38660,342361.994
2023-12-02,38659.9,39900,38613.5,39435,213210.311
2023-12-03,39435.1,40410.1,39255.2,39979.7,221917.905
2023-12-04,39979.8,42440,39970.4,41993.1,602492.859
2023-12-05,41993.1,44528.1,41393.5,44081.7,575038.041
2023-12-06,44081.7,44349.8,43377,43774.8,383957.738
2023-12-07,43775.1,44066.7,42815,43296,346421.958
2023-12-08,43296,44779.3,43100,44209.5,281880.593
2023-12-09,44209.6,44389.2,43555,43734.3,189339.656
2023-12-10,43734.2,44099.2,43552.5,43810,144548.259
2023-12-11,43810.1,43833.4,40228.3,41271,620753.439
2023-12-12,41271.1,42125,40711,41515,356541.118
2023-12-13,41514.9,43517.6,40556,42875,396710.296
2023-12-14,42875,43450.1,41140,43032.4,361628.325
2023-12-15,43032.3,43098,41668,41968,257177.013
2023-12-16,41968,42756.7,41638.1,42287.4,160549.459
2023-12-17,42287.4,42476,41248.3,41396.5,224722.851
2023-12-18,41396.6,42795.3,40553.8,42671.7,375385.675
2023-12-19,42671.8,43550,41835.4,42298.3,315311.844
2023-12-20,42298.2,44384.6,42218.3,43708.9,377008.923
2023-12-21,43708.9,44287.2,43317.2,43896.3,276922.155
2023-12-22,43896.4,44484,43430.4,43999.2,238341.933
2023-12-23,43999.2,44023,43304.2,43725.2,120792.199
2023-12-24,43725.2,43994.8,42550,43008.4,179967.251
2023-12-25,43008.4,43850,42755.4,43611.9,184210.274
2023-12-26,43611.9,43635.1,41597,42538.5,295583.678
2023-12-27,42538.6,43700,42145.7,43453.8,251351.538
2023-12-28,43453.8,43850,42320.5,42600.1,257515.182
2023-12-29,42600.1,43171.9,41283.2,42095.1,337421.865
2023-12-30,42095.1,42654.6,41550,42174.2,183890.67
2023-12-31,42174.3,42951,42001,42314,173508.289
2024-01-01,42314,44266,42207.9,44230.2,206424.144
2024-01-02,44230.3,45950,44200.9,44979.8,459798.523
2024-01-03,44979.7,45582.3,40333,42849.5,595855.225
2024-01-04,42849.5,44840.8,42625,44143.8,333923.098
2024-01-05,44143.8,44500,42300,44145.4,374967.791
2024-01-06,44145.3,44214.6,43391.3,43956.7,138542.797
2024-01-07,43956.6,44486.9,43557.5,43916.9,180710.714
2024-01-08,43916.9,47312,43158.1,46972.7,495087.983
2024-01-09,46972.6,48100,44417.2,46114,513362.773
2024-01-10,46113.9,47699.3,44291.5,46662.9,668657.474
2024-01-11,46663,49027.5,45600,46337.8,596698.379
2024-01-12,46337.9,46536.2,41370,42788.9,575943.258
2024-01-13,42789,43273.4,42445.7,42846.4,207737.326
2024-01-14,42846.4,43096.1,41713.5,41734.9,181096.968
2024-01-15,41734.9,43376,41720,42515,240059.141
2024-01-16,42515,43589,42050,43133,287207.233
2024-01-17,43133,43198,42200,42783.4,209396.081
2024-01-18,42783.3,42932.3,40673.6,41323.1,335080.756
2024-01-19,41323.2,42197,40300,41662.2,345941.73
2024-01-20,41662.1,41883.5,41453.6,41691.8,95866.062
2024-01-21,41691.8,41880.9,41500,41580,67035.552
2024-01-22,41579.9,41692.3,39402,39567,459024.106
2024-01-23,39567.1,40172.7,38545,39890,414373.386
2024-01-24,39889.9,40560.6,39493.3,40078.7,272754.171
2024-01-25,40078.8,40300,39535.3,39953.3,203728.679
2024-01-26,39953.3,42239.3,39813.1,41806.4,355418.478
2024-01-27,41806.4,42187.1,41360.1,42102.2,118437.114
2024-01-28,42102.2,42836,41600,42021.2,205736.453
2024-01-29,42021.2,43340.8,41768.3,43287.7,249502.11
2024-01-30,43287.6,43888,42665.6,42918.3,257582.784
2024-01-31,42918.3,43748.6,42257.6,42560.5,313069.11
2024-02-01,42560.5,43288,41866.8,43072.6,274321.107
2024-02-02,43072.6,43480,42512.7,43182,205767.574
2024-02-03,43182,43372.2,42858.3,42992.4,89735.22
2024-02-04,42992.4,43112.1,42176.7,42570.3,127421.548
2024-02-05,42570.3,43580,42235.1,42692.9,240655.549
2024-02-06,42692.9,43378.8,42559.8,43079.1,196157.643
2024-02-07,43079.1,44388,42763.4,44326.2,252057.708
2024-02-08,44326.3,45600,44306.8,45269.1,299738.288
2024-02-09,45269.2,48230.3,45218.1,47116.1,519919.419
2024-02-10,47116.1,48189.6,46836.4,47732.6,179626.604
2024-02-11,47732.6,48600,47539.4,48303.4,209951.626
2024-02-12,48303.4,50413.2,47702,49943.6,450895.202
2024-02-13,49943.6,50428.8,48301,49696.4,382348.085
2024-02-14,49696.4,52100,49215.7,51823.2,395191.791
2024-02-15,51823.1,52859,51334.9,51898.5,392724.603
2024-02-16,51898.4,52623,51611.7,52148.6,259819.793
2024-02-17,52148.7,52192.8,50647.5,51679.4,222342.005
2024-02-18,51679.5,52450,51178,52175.9,166636.426
2024-02-19,52175.9,52532.9,51688.8,51813.8,196387.978
2024-02-20,51813.7,53090.9,50788,52297.4,388913.064
2024-02-21,52297.3,52402.3,50528.4,51877.8,308127.301
2024-02-22,51877.9,52130.8,50967.5,51316.9,244144.647
2024-02-23,51316.9,51576.3,50512.7,50771.9,215474.562
2024-02-24,50771.9,51736.6,50611.4,51602.1,104944.457
2024-02-25,51602.1,52050,51300.4,51764.9,122177.26
2024-02-26,51764.9,54991.8,50922.5,54511.6,393466.231
2024-02-27,54511.7,57780,54495,57074.5,511475.535
2024-02-28,57074.5,64300,56730.1,62487.9,1010118.442
2024-02-29,62487.9,63762.8,60452,61203.3,584713.883
2024-03-01,61203.3,63199,60844.8,62430.6,299231.827
2024-03-02,62430.6,62513.1,61605,62039.9,159283.629
2024-03-03,62039.9,63330.9,61339.5,63178.5,200312.503
2024-03-04,63178.5,68600,62299,68296.4,632882.144
2024-03-05,68296.5,69350,59112,63747.4,1053025.132
2024-03-06,63747.5,67729.5,62829.3,66128.1,534011.813
2024-03-07,66128,68101.3,65609.3,66870,296092.788
2024-03-08,66870,70330.8,66120,68180.2,459387.207
2024-03-09,68180.2,68608.7,67908.7,68360.1,94899.005
2024-03-10,68360.2,69999.8,68155,69001.8,233596.523
2024-03-11,69001.8,72890,67000,72153.8,474396.897
2024-03-12,72153.9,73370,68600,71503.2,472072.331
2024-03-13,71503.3,73755,71388.1,73127.6,288446.338
2024-03-14,73127.6,73881.4,68600,71455.5,513901.237
2024-03-15,71455.6,72500,65580,69552.2,705810.685
2024-03-16,69552.1,70097.6,64750,65351,333426.129
2024-03-17,65351,68972.4,64559.8,68447.9,314890.309
2024-03-18,68447.9,69044.4,66601.6,67660,317885.916
2024-03-19,67660,68178.6,61582.8,61974.1,700466.795
2024-03-20,61974.1,68140,60800,67876.4,637362.465
2024-03-21,67876.4,68293.9,64550.1,65539.9,347218.385
2024-03-22,65539.9,66691.9,62294,63826,401149.333
2024-03-23,63826.1,66050,63020.2,64020.3,239124
2024-03-24,64020.4,67700,63822,67260.9,244179.435
2024-03-25,67260.9,71228.3,66427.6,69920.5,395156.191
2024-03-26,69920.6,71649,69320,70044.1,307861.116
2024-03-27,70044.2,71888,68364.8,69532.6,407286.574
2024-03-28,69532.6,71636.2,68941,70838.7,241970.822
2024-03-29,70838.8,70976.9,69000,69903.6,187970.841
2024-03-30,69903.6,70388,69577.2,69642.1,91126.75
2024-03-31,69642,71495.5,69608,71363,132458.79
2024-04-01,71363,71388,68103.3,69700,282812.126
2024-04-02,69700,69731.6,64603.2,65505.3,499041.572
2024-04-03,65502.4,66940,64500,65971.9,275041.23
2024-04-04,65971.8,69329.7,65100,68489.9,326385.338
2024-04-05,68489.8,68787.1,65966,67825.7,313547.293
2024-04-06,67825.8,69708,67450,68901.6,127343.726
2024-04-07,68901.5,70395,68820.6,69362.7,171783.436
2024-04-08,69362.7,72890.4,69040.4,71678.4,297237.449
2024-04-09,71678.3,71820.6,68216,69189.3,334059.403
2024-04-10,69189.2,71412.2,67546.2,70681.7,337774.756
2024-04-11,70681.8,71387.4,69592.6,70055.7,256194.153
2024-04-12,70055.6,71297,65102,67136.4,415528.149
2024-04-13,67136.4,67975.4,59652.5,63939.7,515005.203
2024-04-14,63939.7,65822.1,62139.3,65615.9,395770.133
2024-04-15,65615.9,66874.9,62242.5,63392.7,381532.225
2024-04-16,63392.8,64356.3,61521,63765,405931.439
2024-04-17,63764.9,64483.3,59625,61254.5,444032.992
2024-04-18,61254.5,64100,60763.8,63445,363302.394
2024-04-19,63445,65480,59541,63787.4,574264.058
2024-04-20,63787.4,65400,63045.1,64897.2,197142.262
2024-04-21,64897.2,65678.7,64214.2,64912.6,160533.948
2024-04-22,64912.7,67222,64470.5,66778,246268.411
2024-04-23,66777.9,67158.9,65750,66386.3,178665.564
2024-04-24,66386.2,67068.2,63575,64250,280545.061
2024-04-25,64250,65270.6,62721.3,64478.8,275211.062
2024-04-26,64478.8,64783.1,63291.5,63748.8,202149.813
2024-04-27,63748.7,63901.4,62332.8,63421,167349.109
2024-04-28,63420.9,64350,62700,63088.3,126056.151
2024-04-29,63088.4,64200,61726.2,63842.4,228411.163
2024-04-30,63842.4,64700,59150,60651.2,408747.703
2024-05-01,60651.2,60816.7,56537.7,58307.6,564108.4
2024-05-02,58307.7,59637.3,56951.6,59036.7,299229.302
2024-05-03,59036.7,63333,58781.3,62853.7,353606.459
2024-05-04,62853.7,64547.9,62520,63864.2,205205.199
2024-05-05,63864.3,64644.3,62833,63988,185495.653
2024-05-06,63987.9,65500,62655.3,63142.8,305110.067
2024-05-07,63142.7,64392.2,62203.6,62296,238974.646
2024-05-08,62296,62994.9,60843.6,61157.9,241651.579
2024-05-09,61157.9,63447.2,60550,63050.1,242451.302
2024-05-10,63050,63446.5,60117.4,60778.1,307214.96
2024-05-11,60778,61491.4,60432.6,60809.2,113294.787
2024-05-12,60809.2,61849.4,60557.3,61455.8,104043.897
2024-05-13,61455.7,63440,60750,62912.1,261927.073
2024-05-14,62912.2,63099.6,60950,61550.5,244345.274
2024-05-15,61550.5,66440,61316.1,66175.4,365031.68
2024-05-16,66175.4,66800,64567,65217.7,242455.324
2024-05-17,65217.7,67400.6,65061.2,66980,227063.919
2024-05-18,66980,67340.5,66503.2,66884.9,96931.548
2024-05-19,66884.9,67750,65835.8,66239.4,148170.35
2024-05-20,66239.4,71674.6,66010,71466.5,366028.078
2024-05-21,71466.5,72132.8,69165.6,70168.8,263674.327
2024-05-22,70168.7,70715.4,68736.8,69219.1,194160.494
2024-05-23,69219.2,70133.3,66156.6,67999.9,300093.622
2024-05-24,67999.9,69273.5,66639,68584.1,186681.082
2024-05-25,68584,69622.8,68523.7,69314.4,85113.605
2024-05-26,69314.5,69590.3,68155,68524.3,84069.824
2024-05-27,68524.4,70750,68268.7,69461.6,170291.356
2024-05-28,69461.5,69628,67273,68440.5,227838.44
2024-05-29,68440.4,68983,67129,67686.7,158236.599
2024-05-30,67686.8,69568.9,67167,68402.5,194573.899
2024-05-31,68402.6,69080,66700.5,67577.9,195751.752
2024-06-01,67577.9,67936,67480,67799.2,50943.058
2024-06-02,67799.2,68545.9,67296.3,67805.9,102194.718
2024-06-03,67805.9,70372.9,67642.6,68851.4,227676.93
2024-06-04,68851.3,71146.4,68595.5,70580,216100.016
2024-06-05,70580,71824.4,70423.6,71133.3,203992.034
2024-06-06,71133.3,71714.8,70101.9,70830,158483.564
2024-06-07,70830,72144,68405,69377,299412.37
2024-06-08,69377,69613.6,69192.3,69346.5,65739.857
2024-06-09,69346.6,69879,69160,69667.1,68024.1
2024-06-10,69667.1,70222.7,69201.2,69558.7,127381.604
2024-06-11,69558.8,69600,66000,67320.7,311984.942
2024-06-12,67320.6,70028,66920,68270.3,329918.46
2024-06-13,68270.3,68607.7,66251.1,66786.9,248355.461
2024-06-14,66786.8,67366.5,65052.4,66039.7,239411.231
2024-06-15,66039.7,66482.6,65801,66213.7,72423.755
2024-06-16,66213.7,66960.3,66012.1,66653.6,80361.551
2024-06-17,66653.5,67280.6,65094.9,66472.1,248420.787
2024-06-18,66472.1,66558.9,64009.8,65150,335559.394
2024-06-19,65149.9,65711.9,64600,64933.6,150032.669
2024-06-20,64933.6,66467,64526,64854,220954.676
2024-06-21,64854,65055.5,63361.2,64124,210109.601
2024-06-22,64124.1,64520,63915.8,64240,53855.862
2024-06-23,64240.1,64500,63137.9,63194.9,72052.293
2024-06-24,63194.9,63357,58218,60273.6,445903.184
2024-06-25,60273.5,62448.1,60230.5,61777.8,264647.317
2024-06-26,61777.9,62465.1,60696,60860.1,170601.18
2024-06-27,60860.1,62379.7,60605,61682,160172.482
2024-06-28,61682.1,62204,60038,60429.8,195508.125
2024-06-29,60429.8,61232,60400.1,60982.4,79680.289
2024-06-30,60982.5,63058.4,60705,62766,147777.915
2024-07-01,62766.1,63849,62502.2,62883.6,193937.938
2024-07-02,62883.7,63284,61800,62123.6,163101.243
2024-07-03,62123.5,62278.2,59299.3,60208,295303.265
2024-07-04,60208,60500,56560,57045.9,445656.277
2024-07-05,57045.9,57533.4,53329.5,56604.9,577193.595
2024-07-06,56604.9,58472,56000,58216,178580.022
2024-07-07,58216,58443,55688,55830.9,210361.981
2024-07-08,55831,58200,54243.1,56686.4,464106.957
2024-07-09,56686.4,58290.6,56256.2,58023.2,257237.048
2024-07-10,58023.1,59449.6,57125,57707,254248.937
2024-07-11,57707,59780,57030,57315.5,293106.959
2024-07-12,57315.7,58500,56500.1,57870,238100.616
2024-07-13,57870,59850,57728.6,59174,157884.322
2024-07-14,59173.9,61412.4,59164,60766,208060.883
2024-07-15,60766,64870.7,60622.6,64680.6,352222.181
2024-07-16,64680.6,65388,62350,65010,375258.616
2024-07-17,65010,66100,63823,64055.7,276656.393
2024-07-18,64055.8,65173.8,63206.4,63959.9,215648.157
2024-07-19,63960,67362.8,63266.2,66627.9,311859.805
2024-07-20,66627.9,67648.7,66159.1,67095.6,123564.406
2024-07-21,67095.6,68351.2,65750,68138,207228.372
2024-07-22,68138,68459.7,66538.6,67499.2,192991.391
2024-07-23,67499.2,67729.3,65416.5,65916.4,270430.68
2024-07-24,65916.3,67087.3,65040.5,65350.8,215079.421
2024-07-25,65350.7,66144,63456.7,65773,319685.441
2024-07-26,65773,68200,65688.2,67882.5,235384.526
2024-07-27,67882.5,69381.7,66624.5,67873.8,330982.647
2024-07-28,67873.7,68300,67037,68215.5,116913.935
2024-07-29,68215.5,70081,66365.8,66750,372537.818
2024-07-30,66750.1,66966.6,65254.5,66159.3,246551.044
2024-07-31,66159.3,66826.3,64500.4,64601.8,246389.446
2024-08-01,64601.8,65650,62271.2,65328.9,372654.59
2024-08-02,65329,65577,61200.2,61483.7,421628.42
2024-08-03,61483.7,62166,59800,60684.6,290469.956
2024-08-04,60684.5,61089.5,57040,58144.5,339512.415
2024-08-05,58144.5,58286.9,48888,54003.1,1281982.025
2024-08-06,54003.5,56999.9,53925.3,55991.2,435953.439
2024-08-07,55991.3,57699,54519.8,55102.9,377442.54
2024-08-08,55102.9,62737.2,54672.4,61659.8,470117.508
2024-08-09,61659.8,61726,59500,60808.6,308674.339
2024-08-10,60808.6,61450,60208.5,60889.9,115593.354
2024-08-11,60889.8,62000,58255.4,58693.1,202539.076
2024-08-12,58693.1,60666,57615,59323.6,367126.29
2024-08-13,59323.7,61545,58360,60550.5,255934.721
2024-08-14,60550.4,61839.7,58367.2,58648.1,295662.808
2024-08-15,58648.1,59820,55969,57511,360815.946
2024-08-16,57511.1,59780.2,57062.1,58854.9,268756.529
2024-08-17,58854.9,59690.2,58769.4,59468.5,77085.532
2024-08-18,59468.5,60250,58352,58390,149660.264
2024-08-19,58390.1,59585.4,57750,59398.5,214043.139
2024-08-20,59398.4,61386,58501.1,58982.9,287049.13
2024-08-21,58982.7,61793.9,58728.9,61120,270583.679
2024-08-22,61120,61392,59677.6,60349.9,211098.959
2024-08-23,60349.9,65000,60301.5,64019.9,382490.709
2024-08-24,64020,64472.5,63522.7,64116.5,132741.902
2024-08-25,64116.6,65175.4,63731.3,64190.2,115546.888
2024-08-26,64190.1,64455.8,62750.2,62807.6,195977.222
2024-08-27,62807.7,63196,57928.2,59384.5,339269.805
2024-08-28,59384.4,60197.8,57820,59010,313788.567
2024-08-29,59010,61144.9,58655,59323.2,233896.685
2024-08-30,59323.3,59914.9,57525,59096.3,268276.469
2024-08-31,59096.4,59436,58700,58941.9,68866.674
2024-09-01,58941.9,59052.7,57123,57268.1,222909.914
2024-09-02,57268.1,59412.3,57093,59112.1,201218.384
2024-09-03,59112.2,59790,57320,57451.9,230196.497
2024-09-04,57452,58500,55555,57944.8,326983.311
2024-09-05,57944.8,58318.9,55600,56145.7,294703.592
2024-09-06,56145.7,57000,52510.8,53927.7,479063.113
2024-09-07,53927.7,54820.2,53725,54134.9,127686.594
2024-09-08,54134.9,55300,53596.5,54839.6,162078.536
2024-09-09,54839.6,58153.2,54557,57010,313094.361
2024-09-10,57010.1,58033.2,56361,57609.1,228317.676
2024-09-11,57609.2,57954.4,55515.2,57306,338231.445
2024-09-12,57305.6,58606.6,57283.1,58097,261449.688
2024-09-13,58097.1,60597,57594,60456.2,277429.492
2024-09-14,60456.2,60572.9,59360.1,59964,102580.577
2024-09-15,59963.9,60369.4,58654,59100.5,130524.206
2024-09-16,59100.5,59182.2,57446.3,58187,250699.432
2024-09-17,58187,61345,57588.8,60281,318442.066
2024-09-18,60281,61765,59138,61735.3,355729.312
2024-09-19,61735.3,63830.1,61534,62926.9,302382.412
2024-09-20,62926.9,64126.7,62320,63175.7,257172.835
2024-09-21,63175.8,63546.9,62714.2,63320.6,78248.362
2024-09-22,63320.6,64000,62339,63558.4,149129.884
2024-09-23,63558.5,64724.8,62534.4,63302,234343.564
2024-09-24,63302.1,64666,62688.2,64243.1,236987.628
2024-09-25,64243.2,64800,62910,63118.4,184950.772
2024-09-26,63118.3,65800,62634.4,65139.2,321186.356
2024-09-27,65139.1,66450,64788,65749.6,226404.021
2024-09-28,65749.5,66237,65368.1,65822.6,92773.553
2024-09-29,65822.7,66059.3,65400,65568.1,88131.799
2024-09-30,65568.2,65588.8,62825,63309.1,296848.373
2024-10-01,63309,64092.6,60128.2,60776.8,429817.835
2024-10-02,60776.7,62355,59934.9,60622.6,327001.805
2024-10-03,60622.7,61452.6,59815,60727.2,286137.212
2024-10-04,60727.1,62457.1,60434.1,62054.4,234795.836
2024-10-05,62054.3,62344,61648,62023.1,74330.781
2024-10-06,62023.1,62961.5,61778.9,62789.3,96413.453
2024-10-07,62789.2,64448.2,62091.8,62190.7,298949.375
2024-10-08,62190.6,63178.7,61836,62131.7,226276.359
2024-10-09,62131.8,62520.9,60251.9,60606.4,217302.173
2024-10-10,60606.3,61297,58900,60293.2,262947.653
2024-10-11,60293.3,63400,60057.8,62509,263691.142
2024-10-12,62509,63462.6,62458,63176,102784.406
2024-10-13,63176,63260,62020,62839.8,129696.156
2024-10-14,62839.7,66533,62420,66064.9,338251.601
2024-10-15,66064.9,67953.7,64771.7,67044.1,422005.511
2024-10-16,67044,68400,66724.2,67592,254153.501
2024-10-17,67592,67925.9,66600,67401.5,220272.837
2024-10-18,67401.5,69000,67165,68407.8,245301.761
2024-10-19,68407.8,68684.9,68000,68357.1,68632.108
2024-10-20,68357.1,69425.8,68069.8,69020.1,105939.492
2024-10-21,69020.2,69566,66865.9,67368.8,253437.333
2024-10-22,67368.7,67825,66536.5,67406.4,218518.977
2024-10-23,67406.5,67449,65222.3,66647.2,248215.058
2024-10-24,66647.3,68842.5,66482,68173.8,212340.722
2024-10-25,68173.8,68748,65557.2,66662.8,348511.871
2024-10-26,66662.7,67450,66414.1,67071.8,94169.992
2024-10-27,67071.9,68306.1,66909.4,67992.6,88468.808
2024-10-28,67992.7,70331,67584.2,69940,256128.622
2024-10-29,69939.9,73660,69733,72739.5,382502.06
2024-10-30,72739.5,72984.9,71444.2,72349,227108.808
2024-10-31,72349,72720.3,69705,70321.9,256485.328
2024-11-01,70321.9,71650,68822.5,69495.5,352591.088
2024-11-02,69495.4,69913.1,69022.8,69366.6,79314.105
2024-11-03,69366.6,69393.7,67446.6,68762.5,226477.376
2024-11-04,68762.5,69495.3,66810,67834.3,244912.166
2024-11-05,67834.4,70537.4,67454.2,69353.1,273070.87
2024-11-06,69353.1,76420,69272.7,75579.9,677440.286
2024-11-07,75579.9,76900,74450,75859.4,280675.033
2024-11-08,75859.4,77182.9,75576.3,76482.2,230370.324
2024-11-09,76482.2,76920,75683.2,76675.1,117754.034
2024-11-10,76675.1,81699.8,76501.1,80410,417426.899
2024-11-11,80409.9,89800,80261.2,88728.9,614141.662
2024-11-12,88729,90070.1,85159.9,87972,639481.584
2024-11-13,87972,93421.1,86180,90413.3,555288.297
2024-11-14,90413.3,91846.1,86714,87382.7,364621.68
2024-11-15,87382.6,91921.5,87111,91074.6,314431.908
2024-11-16,91074.6,91849.8,90120,90643.3,129023.447
2024-11-17,90643.2,91539.6,88736.1,89899.9,167504.792
2024-11-18,89900,92700,89422.1,90507.4,333557.11
2024-11-19,90507.4,93985.9,90405.6,92335.9,303532.031
2024-11-20,92335.9,94849,91500,94288,290044.227
2024-11-21,94288,99100,94008.7,98366.8,418383.136
2024-11-22,98366.8,99660,97199.9,98921.4,265774.067
2024-11-23,98921.5,98937.3,97173.5,97725.5,120358.422
2024-11-24,97725.6,98666,95822.1,97960.4,173118.84
2024-11-25,97960.5,98999,92666,93064,329375.021
2024-11-26,93064,95064,90866.4,92021.4,344929.233
2024-11-27,92021.5,97250,91864,95905.2,237005.987
2024-11-28,95905.2,96627.6,94700.1,95694.4,154007.026
2024-11-29,95694.4,98713.3,95404.5,97516.3,190520.949
2024-11-30,97516.2,97522.1,96150,96475.1,93074.218
2024-12-01,96475.2,97933,95736.5,97265.1,113222.99
2024-12-02,97265,98266,94400,95890.5,257613.911
2024-12-03,95890.6,96375,93605,95913.3,206601.98
2024-12-04,95913.3,99099.9,94650.8,98669.8,275949.205
2024-12-05,98669.8,104630.4,90200,97001.5,580277.391
2024-12-06,97001.6,101988.8,96429.5,99802.5,282369.608
2024-12-07,99802.5,100499,98876.9,99899.2,95858.658
2024-12-08,99899.2,101457.9,98709.4,101200,109755.676
2024-12-09,101200.1,101300,94039.7,97349.1,326973.59
2024-12-10,97349.1,98320.6,94265.5,96602.4,291490.744
2024-12-11,96602.3,101880,95650,101115.3,221807.705
2024-12-12,101115.3,102538.4,99280.2,99982.4,215219.075
2024-12-13,99982.3,101869.5,99149.6,101371.9,152437.318
2024-12-14,101371.9,102638,100559.8,101381,107680.549
2024-12-15,101381,105374.6,101200.1,104460.4,157733.916
2024-12-16,104460.5,107777,103264.6,106023.2,274395.756
2024-12-17,106023.2,108366.8,105252,106074.6,197773.912
2024-12-18,106074.6,106484.6,99951.1,100181.1,328581.935
2024-12-19,100181.2,102756.7,95681.2,97434.4,372968.463
2024-12-20,97434.3,98243,92272.6,97764.4,396188.795
2024-12-21,97764.5,99485,96375,97261.8,161258.48
2024-12-22,97261.7,97437.9,94200,95153.5,148114.735
2024-12-23,95153.4,96499,92464.4,94861.1,247211.855
2024-12-24,94861,99450,93525.6,98627.2,211610.632
2024-12-25,98626.9,99580.7,97570,99379.7,124696.892
2024-12-26,99379.6,99950,95153,95751,194857.651
2024-12-27,95750.9,97564.5,93440,94258.9,206008.243
2024-12-28,94258.9,95700,94100,95259.1,67991.349
2024-12-29,95259.1,95300,92961.8,93700,95047.934
2024-12-30,93699.9,95031.6,91510,92759.3,222343.593
2024-12-31,92759.3,96254.3,92000,93548.9,178648.116
2025-01-01,93548.8,95161.2,92796.5,94580.9,91236.66
2025-01-02,94580.9,97822.4,94357.4,96967.5,181645.495
2025-01-03,96967.6,98949,96061.5,98145.7,125220.674
2025-01-04,98145.7,98760.9,97438.2,98173.2,71914.634
2025-01-05,98173.2,98852.6,97227,98340.2,74949.289
2025-01-06,98340.2,102444,97872.6,102180.4,207493.329
2025-01-07,102180.5,102762.1,96153,96920.3,258711.309
2025-01-08,96920.2,97242.2,92500,95014.1,262012.113
2025-01-09,95014,95358.7,91055.8,92505.9,257760.902
2025-01-10,92506,95882.5,92173.6,94675.5,261942.954
2025-01-11,94675.6,94988,93802.1,94562.5,64661.763
2025-01-12,94562.4,95444,93661.1,94499.9,77298.133
2025-01-13,94499.9,95934.5,88909,94485.3,361150.49
2025-01-14,94485.4,97353.9,94305.4,96514.9,212859.661
2025-01-15,96514.9,100658.9,96450.2,100460,222417.566
2025-01-16,100460,100850,97293.6,99937.4,216802.52
2025-01-17,99937.4,105784,99902,104042.5,249449.969
2025-01-18,104042.6,104962.1,102242.8,104524.3,167940.092
2025-01-19,104524.3,106450,99600,101311.5,280949.178
2025-01-20,101311.5,110000,99501,102247.6,530508.18
2025-01-21,102247.7,107241.6,100097.2,106114.5,273296.828
2025-01-22,106115.4,106390,103211.6,103664.9,151243.528
2025-01-23,103664.9,106840.2,101211,103864.1,418154.019
2025-01-24,103864,107076.5,102680,104808.1,165746.95
2025-01-25,104808,105274.7,104040.6,104702,65630.163
2025-01-26,104702,105496.9,102450.3,102560.1,75787.087
2025-01-27,102560,103216.5,97680,102021.3,325689.874
2025-01-28,102021.3,103797,100235,101279.6,169917.261
2025-01-29,101279.7,104755,101269.7,103698.2,169989.952
2025-01-30,103698.1,106450,103224.5,104676.9,136967.4
2025-01-31,104676.9,106000,101509,102379.7,172237.817
2025-02-01,102379.8,102734.9,100215,100603.6,90863.091
2025-02-02,100603.6,101426,96029.6,97664.5,232934.693
2025-02-03,97664.5,102456,91130.3,101293.7,455088.034
2025-02-04,101293.6,101729.3,96100,97709.9,262746.203
2025-02-05,97710,99124.2,96106.1,96553.2,151379.666
2025-02-06,96553.2,99093,95613.5,96515.1,161521.013
2025-02-07,96515,100112.4,95555,96454.5,223373.629
2025-02-08,96454.5,96850,95600,96411.9,69050.432
2025-02-09,96412,97301.7,94650.1,96423.6,101177.286
2025-02-10,96423.6,98328,95200.1,97379.2,132932.545
2025-02-11,97379.2,98482.2,94814.3,95731.4,154832.904
2025-02-12,95731.4,98090.9,94003.9,97816.3,202448.079
2025-02-13,97816.3,98053.8,95160.1,96560.6,142240.526
2025-02-14,96560.6,98792.8,96225.7,97445.1,144452.957
2025-02-15,97445.2,97941.2,97170,97538,47418.593
2025-02-16,97538,97665.8,96002,96067,56684.873
2025-02-17,96067,97000,95150.6,95743.2,105576.986
2025-02-18,95743.1,96737.3,93321.6,95622,179173.362
2025-02-19,95622,96878.7,95012.5,96598,124996.873
2025-02-20,96597.9,98662.1,96366,98252.9,129180.172
2025-02-21,98252.8,99431.5,94830.4,96127.9,250618.273
2025-02-22,96128,96988,95701.9,96503.3,65792.15
2025-02-23,96503.3,96602.9,95180.2,96218.4,69298.691
2025-02-24,96218.4,96470,91300,91514.5,217488.75
2025-02-25,91514.5,92500,86020.4,88639.1,472296.502
2025-02-26,88639.1,89367.1,82222,84208.5,401141.821
2025-02-27,84208.6,87066,82667,84668.1,269408.53
2025-02-28,84668.2,85084.5,78200.2,84299.6,536343.231
2025-03-01,84299.6,86516.5,83779,86007.7,146996.671
2025-03-02,86007.7,94971,85015,94222.8,364711.538
2025-03-03,94222,94373.4,85029,86192.7,436032.402
2025-03-04,86193.3,88931,81200,87245.9,432434.798
2025-03-05,87245.9,91000,86328,90566.1,279001.09
2025-03-06,90566.1,92780.3,87790.5,89887.8,303058.632
2025-03-07,89887.9,91257.7,84600,86753.8,452474.195
2025-03-08,86753.8,86876.5,85108,86184.7,96106.187
2025-03-09,86184.7,86470.6,79933.4,80688.8,221609.348
2025-03-10,80690.7,84031.5,77410.1,78567.8,416386.797
2025-03-11,78567.8,83600,76560,82896,390779.169
2025-03-12,82896,84487,80578.5,83640.7,306171.124
2025-03-13,83640.7,84307.1,79903.4,81085.4,247960.052
2025-03-14,81085.5,85270.2,80772,83939.8,233544.708
2025-03-15,83939.9,84625,83564.5,84302.9,76674.97
2025-03-16,84303,85136,81925.6,82541.6,174630.7
2025-03-17,82541.6,84727.1,82384,83962.9,182662.082
2025-03-18,83963,83979.8,81113.5,82666.1,188897.749
2025-03-19,82666.2,86990,82501.8,86809.8,251961.741
2025-03-20,86809.8,87500,83613.6,84183.6,242943.492
2025-03-21,84183.6,84813.6,83122,84050.3,144422.271
2025-03-22,84050.3,84509,83589.5,83804.9,52218.652
2025-03-23,83804.9,86110.9,83761.2,86044.2,90899.873
2025-03-24,86044.1,88752,85478.3,87463.4,210907.484
2025-03-25,87463.4,88500,86260,87369.8,173505.289
2025-03-26,87369.9,88270.2,85816.3,86873.8,187956.695
2025-03-27,86873.9,87722.4,85724.5,87191.2,163451.689
2025-03-28,87191.2,87470,83531.7,84380.8,222284.56
2025-03-29,84380.8,84589.7,81601,82604.7,135513.705
2025-03-30,82604.8,83490,81501.4,82352.8,109565.925
2025-03-31,82353.1,83895.8,81222,82517.5,212064.576
2025-04-01,82517.5,85595.5,82383.3,85120.9,197263.176
2025-04-02,85121,88500,82300,82485.1,348964.378
2025-04-03,82485.1,83889.2,81172.2,83181.5,239163.519
2025-04-04,83181.7,84686.2,81624.6,83861.3,353109.206
2025-04-05,83861.4,84244.5,82333.8,83506.1,99574.204
2025-04-06,83506.1,83790.5,77111,78390,281191.753
2025-04-07,78390.1,81200,74457,79140,693843.503
2025-04-08,79140.1,80832.1,76200.1,76297.9,328409.534
2025-04-09,76298,83554.9,74578.5,82588,560649.862
2025-04-10,82587.9,82706.9,78416,79560.2,293662.1
2025-04-11,79560.3,84300,78935.5,83378.3,295777.871
2025-04-12,83378.3,85884.2,82756,85237.8,158002.837
2025-04-13,85237.9,86100,82991.5,83713.7,207038.38
2025-04-14,83713.8,85755,83630.9,84553.9,209349.356
2025-04-15,84553.9,86443,83560,83608.7,184522.182
2025-04-16,83608.6,85493.5,83063.9,83990,209441.418
2025-04-17,83990.1,85441.5,83700,84915,141033.195
2025-04-18,84914.9,85100,84260,84421,55218.842
2025-04-19,84421,85600,84317.2,85046.9,73380.566
2025-04-20,85046.9,85283.6,83900,85138.8,90651.818
2025-04-21,85138.9,88418.2,85100,87466,274069.871
2025-04-22,87466,94142.5,87017.5,93404.9,334005.081
2025-04-23,93404.9,94904.3,91898,93632.1,232748.428
2025-04-24,93632.2,93980.6,91619,93931.6,157092.728
2025-04-25,93931.5,95769.6,92788,94591.8,191830.477
2025-04-26,94591.8,95157.1,93833,94575.7,72538.209
2025-04-27,94575.7,95280.5,93547.3,93697.1,83816.183
2025-04-28,93697,95578.8,92700,94969,194420.716
2025-04-29,94969,95426.4,93678.7,94200.1,147831.794
2025-04-30,94200.1,95186.5,92848.1,94125.1,170929.31
2025-05-01,94125.2,97388,94086.7,96423.3,184526.755
2025-05-02,96423.2,97865.4,96283.1,96831.2,139197.526
2025-05-03,96831.2,96868.4,95700,95803.3,71420.629
2025-05-04,95803.3,96266.6,94116.4,94230.2,94260.877
2025-05-05,94230.2,95165.1,93445.1,94696.7,154902.375
2025-05-06,94696.7,96879.5,93327,96798.9,173683.066
2025-05-07,96798.9,97700,95718.5,96988.4,185267.142
2025-05-08,96988.4,104305.3,96831.5,103228.1,317422.469
2025-05-09,103228,104373,102240,102941.9,172883.922
2025-05-10,102941.9,105000.1,102784,104788.8,104384.537
2025-05-11,104788.8,104950,103283.3,104072.7,139136.421
2025-05-12,104072.7,105863.1,100678,102739.3,256542.699
2025-05-13,102739.3,104949.2,101400,104082,162368.328
2025-05-14,104082,104319,102536,103458.1,126264.097
2025-05-15,103458.1,104162.8,101270.8,103714.5,176344.106
2025-05-16,103714.2,104524.2,103062.3,103412.2,115513.049
2025-05-17,103412.2,103658,102541.6,103079.6,90372.669
2025-05-18,103079.5,106629.8,103052.2,106407.6,173224.284
2025-05-19,106407.5,107114.3,102038.8,105531.6,257825.604
2025-05-20,105531.5,107292.5,104115.2,106800.1,226187.246
2025-05-21,106800,110830,106037.9,109609.5,413589.854
2025-05-22,109609.6,111959.5,109153.4,111662.7,246067.033
2025-05-23,111662.6,111770.4,106721.9,107271.5,279480.347
2025-05-24,107271.6,109440.2,106836,107698.9,165158.758
2025-05-25,107699,109285.1,106497,108955.9,159465.803
2025-05-26,108956,110400,108616.6,109386.8,146992.22
2025-05-27,109386.8,110700,107438,108889.3,223599.905
2025-05-28,108889.2,109252.6,106723.9,107723.1,158417.759
2025-05-29,107723.1,108860,105054.2,105539.9,213101.255
2025-05-30,105539.9,106266,103555,103950,219701.302
2025-05-31,103949.9,104859.3,103032.1,104544.7,103607.84
2025-06-01,104544.6,105823.6,103704.1,105583.3,97420.24
2025-06-02,105583.3,105900,103600.6,105814.3,158252.918
2025-06-03,105814.4,106775,104822.4,105330.1,139216.007
2025-06-04,105330.1,105967.2,104111.7,104641.8,118534.125
2025-06-05,104641.8,105878.3,100305.1,101458.6,246238.674
2025-06-06,101458.7,105283,101003.4,104240,174300.906
2025-06-07,104240.1,105878.3,103800.1,105507.5,79833.173
2025-06-08,105507.5,106482.6,104927.4,105676.5,75105.104
2025-06-09,105676.5,110653.6,105253.2,110227.9,192956.409
2025-06-10,110228,110367.2,108282,110235.4,152216.974
2025-06-11,110235.4,110350,108001.2,108600,134422.321
2025-06-12,108600.1,108782.1,105602,105609.5,185790.19
2025-06-13,105609.4,106141.1,102614,106027.3,245935.413
2025-06-14,106027.3,106173.6,104225.4,105359.9,79911.57
2025-06-15,105359.8,106099.4,104399.9,105534.6,78819.399
2025-06-16,105534.7,108900,104920,106750.1,166813.219
2025-06-17,106750.1,107727.4,103300,104508,226051.863
2025-06-18,104508,105500,103426.1,104832.8,172706.399
2025-06-19,104832.8,105185.7,103870.3,104607.1,87710.605
2025-06-20,104607.1,106486.2,102255.3,103246.1,199102.135
2025-06-21,103246.1,103940.6,100789.9,102079.8,120771.35
2025-06-22,102079.8,103362.6,98115.4,100904.7,293562.636
2025-06-23,100904.7,106050,99547.6,105290.9,297222.041
2025-06-24,105291,106239,104570.8,106034.9,144449.887
2025-06-25,106034.9,108095.7,105755.6,107280,159277.823
2025-06-26,107280.1,108249.9,106500,106913.7,114433.386
2025-06-27,106913.8,107686,106313.1,107010.7,118637.45
2025-06-28,107010.6,107538,106767,107241,35670.419
2025-06-29,107240.9,108499,107112.6,108309.8,79448.325
2025-06-30,108309.8,108783.9,106686.4,107087.4,114681.386
2025-07-01,107087.3,107499.9,105182.6,105637.9,120434.401
2025-07-02,105637.9,109690.4,105010,108800,177567.261
2025-07-03,108800,110484,108480.6,109545.2,141487.997
2025-07-04,109545.1,109732.3,107200,107935.4,132305.847
2025-07-05,107935.3,108368.1,107688.3,108153.4,36660.948
2025-07-06,108153.4,109684.7,107743.4,109145.8,72388.603
2025-07-07,109145.8,109667.3,107456,108203.9,106397.578
2025-07-08,108203.9,109180,107400,108873.1,95156.027
2025-07-09,108873.2,112036.8,108273.5,111199.9,167834.731
2025-07-10,111199.8,117500,110432.2,115979.2,225570.213
2025-07-11,115979.2,118882.8,115186.7,117500,199819.357
2025-07-12,117500,118176.9,116862.4,117389.3,63722.472
2025-07-13,117389.4,119655,117164.3,119038.3,90052.381
2025-07-14,119038.3,123300,118862.6,119816.5,221556.12
2025-07-15,119816.5,119919.4,115678.1,117738.5,269977.446
2025-07-16,117738.6,120100,117017.1,118590.7,159165.948
2025-07-17,118590.7,120951.5,117412.8,119176.6,164274.401
2025-07-18,119176.5,120846.1,116788.9,117896.4,162246.906
2025-07-19,117896.5,118456,117245.9,117814.4,52531.193
2025-07-20,117814.3,118856.6,116370.1,117216,82380.582
2025-07-21,117216.1,119720.6,116454.1,117330.2,141885.848
2025-07-22,117330.2,120300.1,115865,119993.7,186832.45
2025-07-23,119993.7,120146.5,117250,118713.5,136986.897
2025-07-24,118713.4,119469.9,117050.2,118294.3,137377.613
2025-07-25,118294.4,118410.8,114667.3,117583.5,260386.754
2025-07-26,117583.4,118300,117114.2,117889.2,57218.604
2025-07-27,117889.3,119766,117800.8,119423.4,75978.959
2025-07-28,119423.5,119812,117388,118041.4,106712.329
2025-07-29,118041.5,119258.7,116923,117897,115263.463
2025-07-30,117897.1,118763.5,115700,117771,124917.857
2025-07-31,117771.1,118910,115373.9,115697.3,135037.467
2025-08-01,115697.3,116000,112660,113244.8,221282.099
2025-08-02,113244.8,114000,111910,112508.8,102459.448
2025-08-03,112508.8,114730,111850,114150.8,63183.869
2025-08-04,114150.9,115686,114053.8,115002.1,83328.591
2025-08-05,115002.1,115073.3,112582.4,114069.6,119316.428
2025-08-06,114069.6,115674.2,113304.5,114941,98598.67
2025-08-07,114941,117580,114211.4,117419.9,134409.055
2025-08-08,117419.9,117591.8,115850,116628.2,89828.611
2025-08-09,116628.2,117906.7,116304,116422.1,77924.534
2025-08-10,116422.1,119291.9,116413.2,119255.3,130331.779
2025-08-11,119255.3,122450,118050,118641.9,217088.254
2025-08-12,118641.8,120270,118154.3,120081,125708.555
2025-08-13,120080.9,123715.9,118829,123323.9,188073.873
2025-08-14,123323.9,124545.6,117004,118242.2,259801.57
2025-08-15,118242.2,119184,116736.3,117279.2,120542.357
2025-08-16,117279.1,117857.1,117089.7,117329.7,46674.42
2025-08-17,117329.8,118558,117121.6,117353.8,54386.804
2025-08-18,117353.9,117499.4,114605,116183.6,147219.779
2025-08-19,116183.6,116687.7,112666.6,112824.2,141024.287
2025-08-20,112824.1,114569,112301.8,114220.5,130522.37
2025-08-21,114220.5,114777,111944,112462.2,96406.356
2025-08-22,112462.2,117397.4,111625.9,116897.5,199447.977
2025-08-23,116897.5,116988,114510,115377.1,78419.415
2025-08-24,115377.1,115640,110484,113446.3,133388.002
2025-08-25,113446.2,113621.3,109219.8,110064,204839.785
2025-08-26,110064.1,112330,108559.7,111709.9,145041.438
2025-08-27,111710,112568.5,110306.9,111194.9,114205.122
2025-08-28,111194.9,113429,110811,112507.3,97630.277
2025-08-29,112507.3,112585.7,107411.4,108332.4,179725.172
2025-08-30,108332.4,108879.6,107281,108757.9,60656.883
2025-08-31,108758,109439.9,108021,108208.4,70149.546
2025-09-01,108208.4,109874.8,107211.5,109187.9,150280.626
2025-09-02,109187.9,111742.1,108333,111188,175961.356
2025-09-03,111187.9,112541.2,110486.9,111659.8,105504.421
2025-09-04,111659.7,112136.8,109269.1,110679.4,122300.369
2025-09-05,110679.5,113344.3,110153.3,110614.9,193375.404
2025-09-06,110614.8,111256.2,109850,110135.3,46282.516
2025-09-07,110135.2,111559.5,110120.5,111076,53840.584
2025-09-08,111075.5,112867.6,110566.5,112012.6,99117.859
2025-09-09,112012.7,113238,110714.9,111499.9,137275.133
2025-09-10,111499.9,114287.9,110855.8,113896.8,151901.539
2025-09-11,113896.8,115439,113340.7,115427,113066.078
2025-09-12,115427,116605.7,114681.5,115978.4,119013.718
2025-09-13,115978.4,116245.4,115032,115862.7,52529.59
2025-09-14,115862.7,116118.6,115057,115210,55087.99
2025-09-15,115210,116759.9,114338.5,115300.6,117911.279
2025-09-16,115300.5,116910.8,114600,116747.3,99446.184
2025-09-17,116747.3,117266.4,114623.3,116402.5,158125.07
2025-09-18,116402.6,117875.2,116033.5,117017.1,107215.717
2025-09-19,117017.1,117406.8,115049.9,115569.5,88151.649
2025-09-20,115569.6,116059.2,115343,115624.9,32355.678
2025-09-21,115625,115778,115137.6,115183.9,32793.431
2025-09-22,115183.9,115344.6,111469.2,112604.7,159461.568
2025-09-23,112604.7,113254.8,111405.1,111947,102258.264
2025-09-24,111947,113895.8,110935,113254,105314.096
2025-09-25,113253.9,113462.1,108574.1,108934.5,178663.741
2025-09-26,108934.6,110250,108566,109588.5,112277.659
2025-09-27,109588.5,109700,109021.9,109577.3,35871.924
2025-09-28,109577.2,112300,109136.5,112119.6,77247.963
2025-09-29,112119.7,114377.2,111501,114257.1,125405.709
2025-09-30,114257.1,114800,112615.3,113988.8,119320.015
2025-10-01,113988.7,118631.8,113899.4,118552.4,172989.429
2025-10-02,118552,120999,118226.4,120481.3,145456.938
2025-10-03,120481.3,123900,119200,122182.7,167880.262
2025-10-04,122182.6,122781.1,121432,122343.2,70479.21
2025-10-05,122343.2,125877.3,122088.1,123426.7,162571
2025-10-06,123426.7,126208.5,123018.5,124628.5,140201.329
2025-10-07,124628.6,125098,120516,121286.5,181899.347
2025-10-08,121286.6,124170.6,121005.3,123237.5,127099.786
2025-10-09,123237.4,123740.1,119572.8,121579.3,163596.38
2025-10-10,121579.4,122497,101516.5,112714.9,391963.632
2025-10-11,112715,113300.1,109501,110579.1,163671.59
2025-10-12,110579.1,115730.3,109509.3,114894.4,217928.037
2025-10-13,114894.5,115912,113600.5,115111.9,195996.783
2025-10-14,115112,115360.2,109802,112983.8,259244.496
2025-10-15,112983.9,113576.1,110096.9,110699,131777.09
2025-10-16,110699.1,111960,107350,108129.4,193544.785
2025-10-17,108129.4,109199.8,103470,106378.6,242789.692
2025-10-18,106378.5,107452.6,106270,107117.5,68509.903
2025-10-19,107117.5,109399.9,106055.8,108586.2,113473.72
2025-10-20,108586.2,111650,107377.2,110469.9,139646.949
2025-10-21,110469.9,113940,107400,108253.7,241127.426
2025-10-22,108253.8,109160,106360.3,107532,180893.983
2025-10-23,107532.1,111240,107462.9,110025.9,129640.717
2025-10-24,110026,112086,109650,110965.4,110759.532
2025-10-25,110965.4,111903.9,110600.5,111589.4,45269.483
2025-10-26,111589.4,115521.7,111200,114497.8,97335.387
2025-10-27,114497.9,116380.2,113792.4,114064.1,118611.612
2025-10-28,114064.2,116074.3,112121.4,112833.5,131088.84
2025-10-29,112833.5,113593,109026.4,109985.6,163920.866
2025-10-30,109985.6,111565.1,106200,108263.5,205753.644
2025-10-31,108263.6,111233,108226.6,109557.3,152063.776
2025-11-01,109557.2,110557,109351.5,110047.2,41614.221
2025-11-02,110047.3,111216,109368.9,110494.9,61109.173
2025-11-03,110494.9,110711,105300,106544,174258.047
2025-11-04,106544,107271.9,98888.8,101450.3,281742.16
2025-11-05,101450.2,104497.6,98909.7,103837,167770.094
2025-11-06,103837,104210.2,100238.4,101305.6,145029.821
2025-11-07,101305.6,104070.7,99200,103305.2,163967.458
2025-11-08,103305.3,103373.8,101400.1,102269.3,70691.949
2025-11-09,102269.3,105440,101300,104670.6,92367.67
2025-11-10,104670.7,106666,104205.9,105966.3,120403.538
2025-11-11,105966.3,107473.7,102400,103005.8,132603.774
2025-11-12,103005.8,105297,100711,101605.8,140876.276
2025-11-13,101605.8,104024.6,97959,99654.3,236046.799
2025-11-14,99654.3,99862.8,93955,94544.9,287072.783
2025-11-15,94544.9,96800,94523.9,95560.3,90220.319
2025-11-16,95560.4,96600,92922.8,94221.7,135749.509
2025-11-17,94221.7,96012.2,91250,92169.7,205161.285
2025-11-18,92169.8,93799.1,89012,92916.9,232691.156
2025-11-19,92916.8,92944.8,88564.4,91508.9,226438.45
2025-11-20,91509,93150,86066.6,86601.3,276513.027
2025-11-21,86601.4,87465.4,80600,85093.5,449804.324
2025-11-22,85093.6,85599.9,83456,84689.4,94197.055
2025-11-23,84689.4,88100,84622,86807.7,138930.073
2025-11-24,86807.6,89177.3,85226.4,88247.1,211113.332
2025-11-25,88247.1,88477.6,86061.1,87324.1,149637.655
2025-11-26,87324.1,90655.4,86260.9,90438.1,159146.533
2025-11-27,90438,91931.9,90024.4,91292.2,113685.232
2025-11-28,91292.2,93080,90155,90847.8,146920.347
2025-11-29,90847.8,91130,90092.7,90765,54196.679
2025-11-30,90764.9,91934.4,90300,90320.6,66139.718
2025-12-01,90320.5,90396.9,83786,86241.6,296847.166
2025-12-02,86241.5,92273.2,86140.1,91249.1,228101.165
2025-12-03,91249.1,94185,90954.8,93376.7,201298.317
2025-12-04,93376.8,94040,90822.5,92034.7,146772.427
2025-12-05,92034.7,92665.5,87976.3,89288.5,179125.057
2025-12-06,89288.6,90257.3,88870.1,89197.1,56826.867
2025-12-07,89197.1,91722,87688,90345.4,129592.005
2025-12-08,90345.4,92262.6,89553.8,90610.8,152474.739
2025-12-09,90610.8,94555,89368.9,92638.4,181930.263
2025-12-10,92638.3,94443.7,91520,91977.5,160488.78
2025-12-11,91977.5,93547.3,89200,92477.5,191148.068
2025-12-12,92477.6,92719,89429,90229.6,144844.11
2025-12-13,90229.7,90599,89711.9,90191.3,36237.733
2025-12-14,90191.3,90440,87504.3,88118.8,92086.654
2025-12-15,88118.8,89972.4,85073,86389.9,194216.045
2025-12-16,86390,88143.9,85226,87826.3,142225.048
2025-12-17,87826.3,90363.2,85261.3,86201.6,208646.748
2025-12-18,86201.6,89447.9,84408.6,85469.7,229573.679
2025-12-19,85469.8,89374.6,85062.7,88100,178284.494
2025-12-20,88100,88551.8,87698.5,88320.8,35973.848
2025-12-21,88320.7,89050,87548.5,88621.3,67624.388
2025-12-22,88621.3,90599,87845,88581.5,154693.469
2025-12-23,88581.5,88904.9,86536,87463,133657.948
2025-12-24,87463.1,88033.3,86355,87627.3,81543.508
2025-12-25,87627.4,88594,86902.1,87182.8,57796.252
2025-12-26,87182.8,89557.6,86619.9,87318.2,149971.737
2025-12-27,87318.3,87956.9,87203,87829.4,27294.109
2025-12-28,87829.5,88078.3,87402.6,87920.5,37359.964
2025-12-29,87920.4,90373.4,86760,87203.3,190004.209
2025-12-30,87203.2,89355,86789,88455.3,126745.26
2025-12-31,88455.2,89192.8,87189.2,87608.2,96768.357
2026-01-01,87608.3,88881.4,87508.4,88800,47941.303
2026-01-02,88800,90945.1,88324.4,89951.4,176662.448
2026-01-03,89951.5,90716.9,89261.2,90595.8,56891.269
2026-01-04,90595.8,91779.7,90595.7,91497.1,73773.029
2026-01-05,91497.2,94760.3,91476.5,93822.4,189416.312
2026-01-06,93822.3,94415.4,91209,93708,187443.05
2026-01-07,93708.1,93708.1,90634.1,91328,148986.85
2026-01-08,91328.1,91666,89242,91059.8,168475.944
2026-01-09,91059.8,91999,89632.8,90603.6,140394.677
2026-01-10,90603.7,90800,90351.6,90469.6,25270.741
2026-01-11,90469.7,91252.5,90175.3,90964.4,43544.382
2026-01-12,90964.4,92488,90066,91252.6,169237.383
2026-01-13,91252.5,96863.7,91011,95375.2,200545.918
2026-01-14,95375.2,97932.1,94413.4,96907.9,182043.491
2026-01-15,96908,97155,95080,95567.3,149204.741
2026-01-16,95567.4,95825,94234.5,95503.7,101218.089
2026-01-17,95503.8,95621.9,94977.5,95107.9,38969.233
2026-01-18,95107.9,95490,93550.3,93614,62580.393
2026-01-19,93614,93614.1,91800,92589.6,108237.056
2026-01-20,92589.6,92845,87787.2,88390.6,188076.2
2026-01-21,88390.7,90599.5,87205.5,89411.4,208082.615
2026-01-22,89411.4,90327.7,88465.6,89518.5,105914.221
2026-01-23,89518.4,91195,88530,89558.7,124825.85
2026-01-24,89558.7,89893.9,89116.9,89180.7,30735.937
2026-01-25,89180.7,89281.6,86021.7,86628.9,124879.363
2026-01-26,86628.9,88834.1,86463.2,88300.6,134609.491
2026-01-27,88300.6,89499,87265.4,89197.8,117926.114
2026-01-28,89197.8,90592.7,88786,89261.7,123884.859
2026-01-29,89261.7,89316.8,83338.3,84604.7,226761.591
2026-01-30,84604.7,84697.2,81000,84211.4,254794.516
2026-01-31,84211.4,84239.5,75500,78706.8,271548.511
2026-02-01,78706.7,79396.8,75644,76931.5,186984.08
2026-02-02,76931.6,79311,74555,78692.5,259646.414
2026-02-03,78692.5,79163,72889.2,75732.4,307725.516
2026-02-04,75732.4,76952.5,71838,73137.4,293124.639
2026-02-05,73137.5,73316.3,62233.3,62868.1,670089.741
2026-02-06,62868.1,71714.4,59800,70544.5,559182.769
2026-02-07,70544.5,71690,67250,69254.2,266663.651
2026-02-08,69254.3,72300,68843.7,70288.1,162753.587
2026-02-09,70288.2,71434.9,68271.7,70110.5,222442.828
2026-02-10,70110.6,70499.9,67883,68805.3,183872.609
2026-02-11,68805.3,69262.7,65718.5,67054.4,256625.524
2026-02-12,67054.8,68385,65081,66243.1,199993.259
2026-02-13,66243.2,69473.7,65833.9,68821.5,183043.289
2026-02-14,68821.5,70557.7,68689.1,69795.4,114534.246
2026-02-15,69795.4,70938.5,68029.6,68796.9,151250.13
2026-02-16,68796.9,70110.9,67250,68862.5,149579.748
2026-02-17,68862.6,69228.6,66588,67475.9,149185.122
2026-02-18,67475.9,68438,65826.1,66422.8,163973.391
2026-02-19,66422.8,67299.4,65595.7,66974,147432.601
2026-02-20,66973.9,68283.7,66408.1,67979.3,225303.971
2026-02-21,67979.3,68687,67488.9,67933.1,87495.493
2026-02-22,67933.2,68220,67150,67613.5,84343.422
2026-02-23,67613.6,67655.8,63860,64625.8,277151.296
2026-02-24,64625.8,64980,62401.7,64031.3,223150.569
2026-02-25,64031.4,69999,63876,67952.5,299238.818
2026-02-26,67952.5,68850,66462,67448.2,177837.055
2026-02-27,67448.1,68188.8,64875.6,65836,205957.364
2026-02-28,65836,67735,62979.5,66937.1,257922.786
2026-03-01,66937,68189,65011,65750,219111.436
2026-03-02,65749.9,70100,65234.4,68801.8,277378.032
2026-03-03,68801.8,69221.6,66080,68295.3,257469.9
2026-03-04,68295.2,74046.5,67350,72641.4,357143.496
2026-03-05,72641.4,73539.1,70612.8,70854.8,226168.28
2026-03-06,70854.8,71387.5,67712.3,68083,213382.703
2026-03-07,68083,68524.9,66850.1,67232.1,94570.162
2026-03-08,67232.1,68171.6,65569.2,65934.3,155747.973
2026-03-09,65934.3,69498,65770.5,68394.1,237211.547
2026-03-10,68394,71748.1,68345,69901.9,265674.484
2026-03-11,69901.8,71286,68932.9,70150,195627.956
2026-03-12,70150,70756.5,69150,70480.1,186490.593
2026-03-13,70480.1,73870,70342.7,70895.5,300232.121
2026-03-14,70895.5,71272.3,70256,71174.4,79283.014
2026-03-15,71174.4,73199.9,70815.7,72778.9,126474.242
2026-03-16,72778.8,74880,72235.6,74846.4,269076.99
2026-03-17,74846.4,75998.9,73330.3,73872.4,218278.973
2026-03-18,73872.3,74633,70456,71202.9,226755.469
2026-03-19,71202.9,71598.3,68750,69887.4,218646.177
2026-03-20,69887.4,71342.2,69350,70472.7,186241.517
2026-03-21,70472.6,71077.7,68511.3,68881.5,74084.886
2026-03-22,68881.5,69555.8,67300,67830.6,134880.564
2026-03-23,67830.7,71789.8,67400.1,70865.9,291099.678
2026-03-24,70866,71377.5,68884.5,70523.9,196191.95
2026-03-25,70524,71999.9,70375,71297.5,166515.849
2026-03-26,71297.5,71408.1,68115.8,68788,186473.614
2026-03-27,68788.1,69142.7,65501,66364.2,212351.048
2026-03-28,66364.1,67284,65888,66334.8,89373.492
2026-03-29,66334.8,67100,64918.2,65977.9,110278.396
2026-03-30,65978,68148.4,65754.2,66764.4,187059.065
2026-03-31,66764.4,68600,65938,68241.5,243333.085
2026-04-01,68241.4,69288,67534.9,68086.5,157276.22
2026-04-02,68086.4,68639.1,65676.1,66868.5,188358.921
2026-04-03,66868.6,67350,66240,66930,79267.833
2026-04-04,66930,67554.5,66745.5,67271,50770.337
2026-04-05,67271.1,69108,66575.5,68997.9,104918.169
2026-04-06,68997.9,70332.5,68227.5,68817.9,166757.236
2026-04-07,68817.9,72743.4,67711,71890.2,232828.247
2026-04-08,71890.2,72858.5,70671.6,71038.1,183378.492
2026-04-09,71038.2,73128,70428,71750.4,175806.457
2026-04-10,71750.4,73450,71382.1,72917.4,156569.666
2026-04-11,72917.4,73773.4,72451.9,73013.4,80169.67
2026-04-12,73013.4,73094.4,70458.2,70711.1,134822.989
2026-04-13,70711.2,74870,70517.3,74385,213029.519
2026-04-14,74384.9,76009,73766.8,74106.9,183261.49
2026-04-15,74106.9,75425.6,73449,74776.2,131029.771
2026-04-16,74776.3,75500,73256.8,75106.8,158397.725
2026-04-17,75106.8,78300,74480,77030.6,239395.915
2026-04-18,77030.6,77380,75395.9,75653.8,105894.391
2026-04-19,75653.8,76200,73700.2,73758.4,128978.211
2026-04-20,73758.4,76531,73669,75790.1,166149.667
2026-04-21,75790.1,76999,74777.9,76288.2,164760.987
2026-04-22,76288.3,79444,76078.6,78139.8,191087.096
2026-04-23,78139.7,78648,76504.6,78216.8,172485.012
2026-04-24,78217.4,78546,77206.8,77395.4,127783.005
2026-04-25,77395.3,77847,77100,77585,46592.486
2026-04-26,77585,78994.8,77280,78613.5,79943.305
2026-04-27,78614.4,79455,76400,77331.2,169100.883
2026-04-28,77331.2,77450,75635.6,76298.1,103918.877
2026-04-29,76298.2,77873.2,74868,75749.9,186533.503
2026-04-30,75749.9,76630.3,75273.5,76305.4,99754.46
2026-05-01,76305.4,78879.9,76265.4,78192,152998.306
2026-05-02,78191.9,79145,77979.3,78652.9,51441.108
2026-05-03,78652.8,79428.9,78027,78529,72033.621
2026-05-04,78529,80771.7,78128.3,79826.1,280916.582
2026-05-05,79826.1,81745.4,79761.2,80861.9,170921.528
2026-05-06,80861.9,82828.7,80651.2,81390.1,158200.508
2026-05-07,81390,81680.6,79461.5,79969.4,134727.652
2026-05-08,79969.5,80478,79137.4,80155.2,106762.913
2026-05-09,80155.2,81043.2,80080,80634,55957.334
2026-05-10,80634,82460.5,80225.1,82177.7,94950.803
2026-05-11,82177.7,82350,80394,81699.1,121990.421
2026-05-12,81699.1,81757.3,79801,80461,121313.956
2026-05-13,80461,81270.2,78713.8,79288.3,139700.645
2026-05-14,79288.2,81999,78869.4,81048.9,175883.625
2026-05-15,81048.8,81623.8,78610,79074,153823.505
2026-05-16,79074,79199.7,77601.8,78104.2,86150.451
2026-05-17,78104.3,78564.3,76666,77430.4,86217.669
2026-05-18,77430.4,77757.5,76014.2,76963.2,178363.499
2026-05-19,76963.2,77384.6,76107.1,76799.9,99046.639
2026-05-20,76800,77825.8,76485,77510.3,107607.406
2026-05-21,77510.3,78180,76696.7,77586.2,117095.161
2026-05-22,77586.3,77862.7,75322,75513.1,116206.213
2026-05-23,75513.1,77427,74203.6,76715.2,153827.753
2026-05-24,76715.3,77600,76056,77030.3,91134.277
2026-05-25,77030.3,77887.9,76871.4,77281.5,76708.408
2026-05-26,77281.5,78077.1,75641.2,75905.5,164920.082
2026-05-27,75905.6,76155.5,74210,74418.1,144715.461
2026-05-28,74418,74565.3,72556,73591.4,179445.677
2026-05-29,73591.4,74293.1,72436,73428.2,146157.182
2026-05-30,73428.2,74108.8,73130.1,73856.8,52543.686
2026-05-31,73856.9,74250,73340.7,73653.2,58241.459
2026-06-01,73653.2,74070.5,70650.9,71391.5,213471.128
2026-06-02,71391.5,71397,66150.7,66730,346702.152
2026-06-03,66730.1,67493.8,64050.8,64117.7,310901.538
2026-06-04,64117.7,64739.8,61344.8,63853.4,431174.611
2026-06-05,63853.4,63955,59080,61022,478161.885
2026-06-06,61022,61500,59451.3,60849.7,174760.843
2026-06-07,60849.7,64250,60708,63298.5,217479.033
2026-06-08,63299,64179.5,62377,63057.9,184441.053
2026-06-09,63057.9,63499.9,60755,61695,221399.474
2026-06-10,61694.9,62840.2,60691.9,61483.7,193054.264
2026-06-11,61483.6,63915.3,61483.6,63597.9,193994.574
2026-06-12,63598,64362.6,62800,63547,145723.782
2026-06-13,63547,64738,63360,64418.2,76161.387
2026-06-14,64418.3,65775,63650,65702.1,116733.458
2026-06-15,65702.1,67255.4,65314.3,66285.9,167952.941
2026-06-16,66285.9,66956.7,65328.8,65644.8,129106.426
2026-06-17,65644.8,66419.2,63881.2,64472.9,199486.299
2026-06-18,64472.9,64780,62232.1,62924.1,187698.716
2026-06-19,62924,63645,62237.2,63512.6,112226.881
2026-06-20,63512.5,64370.9,63136.2,64270,95676.696
2026-06-21,64270.1,64568,63220,63287.1,84982.076
2026-06-22,63287.2,65597.2,63286.2,63990.2,161843.008
2026-06-23,63990.1,64247.2,61870,62696.7,172919.239
2026-06-24,62696.7,63209.6,59060,61051.2,278097.304
2026-06-25,61051.2,61931.1,58030,59771.9,301830.174
2026-06-26,59772,60734,58288,60072,282095.151
2026-06-27,60071.9,60924.7,59819.8,60000.3,81302.593
2026-06-28,60000.4,60543.3,58888,59550.2,103598.697
2026-06-29,59550.2,60758.3,58850,60224.7,227776.275
2026-06-30,60224.7,60250,58160,58605.4,191646.301
2026-07-01,58605.4,61322,57758.6,59999.6,263938.481
2026-07-02,59999.6,62180,59555,61540.6,235950.072
2026-07-03,61540.5,62957.2,61229,62565.5,132498.494
2026-07-04,62565.5,63450,62302.6,63114.8,79649.524
2026-07-05,63114.9,63114.9,62410.1,62673.8,35317.371
