datetime,funding_rate
2019-11-27T08:00:00.000Z,0.00010000
2019-11-27T16:00:00.000Z,0.00010000
2019-11-28T00:00:00.000Z,0.00010000
2019-11-28T08:00:00.000Z,0.00001401
2019-11-28T16:00:00.000Z,-0.00010610
2019-11-29T00:00:00.000Z,-0.00022765
2019-11-29T08:00:00.000Z,-0.00020527
2019-11-29T16:00:00.000Z,-0.00008117
2019-11-30T00:00:00.000Z,0.00000127
2019-11-30T08:00:00.000Z,-0.00003953
2019-11-30T16:00:00.000Z,0.00010000
2019-12-01T00:00:00.000Z,0.00010000
2019-12-01T08:00:00.000Z,0.00010000
2019-12-01T16:00:00.000Z,0.00010000
2019-12-02T00:00:00.000Z,0.00010000
2019-12-02T08:00:00.000Z,0.00010000
2019-12-02T16:00:00.000Z,0.00010000
2019-12-03T00:00:00.000Z,0.00010000
2019-12-03T08:00:00.000Z,0.00010000
2019-12-03T16:00:00.000Z,0.00010000
2019-12-04T00:00:00.000Z,0.00010000
2019-12-04T08:00:00.000Z,0.00010000
2019-12-04T16:00:00.000Z,0.00010000
2019-12-05T00:00:00.000Z,0.00001618
2019-12-05T08:00:00.001Z,0.00010000
2019-12-05T16:00:00.000Z,0.00010000
2019-12-06T00:00:00.000Z,0.00010000
2019-12-06T08:00:00.000Z,0.00008067
2019-12-06T16:00:00.000Z,0.00010000
2019-12-07T00:00:00.000Z,0.00010000
2019-12-07T08:00:00.001Z,0.00010000
2019-12-07T16:00:00.000Z,0.00010000
2019-12-08T00:00:00.000Z,0.00010000
2019-12-08T08:00:00.000Z,0.00010000
2019-12-08T16:00:00.000Z,0.00003335
2019-12-09T00:00:00.000Z,0.00010000
2019-12-09T08:00:00.000Z,0.00010000
2019-12-09T16:00:00.000Z,0.00010000
2019-12-10T00:00:00.000Z,0.00010000
2019-12-10T08:00:00.001Z,0.00010000
2019-12-10T16:00:00.000Z,0.00010000
2019-12-11T00:00:00.000Z,0.00010000
2019-12-11T08:00:00.000Z,0.00010000
2019-12-11T16:00:00.000Z,0.00010000
2019-12-12T00:00:00.000Z,0.00010000
2019-12-12T08:00:00.001Z,0.00010000
2019-12-12T16:00:00.000Z,0.00010000
2019-12-13T00:00:00.000Z,0.00010000
2019-12-13T08:00:00.000Z,0.00010000
2019-12-13T16:00:00.000Z,0.00010000
2019-12-14T00:00:00.000Z,0.00000256
2019-12-14T08:00:00.000Z,0.00009895
2019-12-14T16:00:00.000Z,0.00010000
2019-12-15T00:00:00.000Z,0.00010000
2019-12-15T08:00:00.001Z,0.00010000
2019-12-15T16:00:00.000Z,0.00010000
2019-12-16T00:00:00.001Z,0.00010000
2019-12-16T08:00:00.000Z,0.00010000
2019-12-16T16:00:00.003Z,0.00006449
2019-12-17T00:00:00.008Z,0.00010000
2019-12-17T08:00:00.000Z,0.00009649
2019-12-17T16:00:00.000Z,0.00003382
2019-12-18T00:00:00.006Z,0.00005835
2019-12-18T08:00:00.000Z,0.00009072
2019-12-18T16:00:00.000Z,0.00010000
2019-12-19T00:00:00.001Z,0.00010000
2019-12-19T08:00:00.001Z,0.00010000
2019-12-19T16:00:00.000Z,0.00010000
2019-12-20T00:00:00.000Z,0.00010000
2019-12-20T08:00:00.000Z,0.00010000
2019-12-20T16:00:00.000Z,0.00010000
2019-12-21T00:00:00.000Z,0.00010000
2019-12-21T08:00:00.000Z,0.00010000
2019-12-21T16:00:00.000Z,0.00010000
2019-12-22T00:00:00.000Z,0.00010000
2019-12-22T08:00:00.001Z,0.00010000
2019-12-22T16:00:00.000Z,0.00010000
2019-12-23T00:00:00.000Z,0.00010000
2019-12-23T08:00:00.000Z,0.00010000
2019-12-23T16:00:00.000Z,0.00010000
2019-12-24T00:00:00.000Z,0.00010000
2019-12-24T08:00:00.000Z,0.00010000
2019-12-24T16:00:00.000Z,0.00010000
2019-12-25T00:00:00.000Z,0.00010000
2019-12-25T08:00:00.000Z,0.00010000
2019-12-25T16:00:00.000Z,0.00010000
2019-12-26T00:00:00.000Z,0.00009698
2019-12-26T08:00:00.000Z,0.00010000
2019-12-26T16:00:00.000Z,0.00010000
2019-12-27T00:00:00.001Z,0.00010000
2019-12-27T08:00:00.000Z,0.00010000
2019-12-27T16:00:00.000Z,0.00010000
2019-12-28T00:00:00.000Z,0.00010000
2019-12-28T08:00:00.000Z,0.00010000
2019-12-28T16:00:00.000Z,0.00010000
2019-12-29T00:00:00.000Z,0.00010000
2019-12-29T08:00:00.000Z,0.00002169
2019-12-29T16:00:00.000Z,0.00008291
2019-12-30T00:00:00.000Z,0.00003707
2019-12-30T08:00:00.000Z,0.00010000
2019-12-30T16:00:00.000Z,0.00010000
2019-12-31T00:00:00.000Z,0.00010000
2019-12-31T08:00:00.000Z,0.00009660
2019-12-31T16:00:00.000Z,0.00010000
2020-01-01T00:00:00.000Z,0.00010000
2020-01-01T08:00:00.000Z,0.00007354
2020-01-01T16:00:00.000Z,-0.00016125
2020-01-02T00:00:00.002Z,0.00005047
2020-01-02T08:00:00.000Z,0.00010000
2020-01-02T16:00:00.000Z,0.00010000
2020-01-03T00:00:00.000Z,0.00010000
2020-01-03T08:00:00.000Z,0.00010000
2020-01-03T16:00:00.001Z,0.00010000
2020-01-04T00:00:00.000Z,0.00010000
2020-01-04T08:00:00.000Z,0.00010000
2020-01-04T16:00:00.000Z,0.00010000
2020-01-05T00:00:00.000Z,0.00010000
2020-01-05T08:00:00.000Z,0.00010000
2020-01-05T16:00:00.000Z,0.00010000
2020-01-06T00:00:00.000Z,0.00010000
2020-01-06T08:00:00.000Z,0.00010000
2020-01-06T16:00:00.000Z,0.00010000
2020-01-07T00:00:00.000Z,0.00010000
2020-01-07T08:00:00.001Z,0.00010000
2020-01-07T16:00:00.000Z,0.00010000
2020-01-08T00:00:00.000Z,0.00010000
2020-01-08T08:00:00.000Z,0.00010000
2020-01-08T16:00:00.001Z,0.00010000
2020-01-09T00:00:00.000Z,0.00010000
2020-01-09T08:00:00.000Z,0.00010000
2020-01-09T16:00:00.000Z,0.00010000
2020-01-10T00:00:00.000Z,0.00010000
2020-01-10T08:00:00.000Z,0.00010000
2020-01-10T16:00:00.000Z,0.00010000
2020-01-11T00:00:00.000Z,0.00010000
2020-01-11T08:00:00.000Z,0.00010000
2020-01-11T16:00:00.000Z,0.00010000
2020-01-12T00:00:00.000Z,0.00010000
2020-01-12T08:00:00.000Z,0.00010000
2020-01-12T16:00:00.000Z,0.00010000
2020-01-13T00:00:00.001Z,0.00010000
2020-01-13T08:00:00.000Z,0.00010000
2020-01-13T16:00:00.000Z,0.00010000
2020-01-14T00:00:00.000Z,0.00010000
2020-01-14T08:00:00.000Z,0.00010000
2020-01-14T16:00:00.001Z,0.00010000
2020-01-15T00:00:00.000Z,0.00011544
2020-01-15T08:00:00.000Z,0.00020223
2020-01-15T16:00:00.000Z,0.00031864
2020-01-16T00:00:00.000Z,0.00017165
2020-01-16T08:00:00.000Z,0.00038406
2020-01-16T16:00:00.000Z,0.00042240
2020-01-17T00:00:00.000Z,0.00018772
2020-01-17T08:00:00.000Z,0.00010000
2020-01-17T16:00:00.000Z,0.00020327
2020-01-18T00:00:00.001Z,0.00010000
2020-01-18T08:00:00.001Z,0.00010000
2020-01-18T16:00:00.000Z,0.00011014
2020-01-19T00:00:00.000Z,0.00044662
2020-01-19T08:00:00.000Z,0.00019851
2020-01-19T16:00:00.000Z,0.00023852
2020-01-20T00:00:00.000Z,0.00047503
2020-01-20T08:00:00.000Z,0.00054081
2020-01-20T16:00:00.000Z,0.00038562
2020-01-21T00:00:00.000Z,0.00021637
2020-01-21T08:00:00.000Z,0.00016823
2020-01-21T16:00:00.000Z,0.00018627
2020-01-22T00:00:00.000Z,0.00015350
2020-01-22T08:00:00.001Z,0.00010000
2020-01-22T16:00:00.000Z,0.00010000
2020-01-23T00:00:00.000Z,0.00010000
2020-01-23T08:00:00.000Z,0.00010000
2020-01-23T16:00:00.000Z,0.00021994
2020-01-24T00:00:00.000Z,0.00017114
2020-01-24T08:00:00.000Z,0.00017748
2020-01-24T16:00:00.001Z,0.00025923
2020-01-25T00:00:00.000Z,0.00010000
2020-01-25T08:00:00.000Z,0.00010000
2020-01-25T16:00:00.001Z,0.00027793
2020-01-26T00:00:00.000Z,0.00031959
2020-01-26T08:00:00.000Z,0.00026387
2020-01-26T16:00:00.000Z,0.00010000
2020-01-27T00:00:00.000Z,0.00010000
2020-01-27T08:00:00.001Z,0.00010000
2020-01-27T16:00:00.000Z,0.00010000
2020-01-28T00:00:00.000Z,0.00010167
2020-01-28T08:00:00.000Z,0.00049212
2020-01-28T16:00:00.000Z,0.00091788
2020-01-29T00:00:00.001Z,0.00122251
2020-01-29T08:00:00.000Z,0.00106130
2020-01-29T16:00:00.002Z,0.00055576
2020-01-30T00:00:00.000Z,0.00054882
2020-01-30T08:00:00.000Z,0.00049058
2020-01-30T16:00:00.000Z,0.00054951
2020-01-31T00:00:00.000Z,0.00082589
2020-01-31T08:00:00.000Z,0.00132017
2020-01-31T16:00:00.000Z,0.00093741
2020-02-01T00:00:00.000Z,0.00072010
2020-02-01T08:00:00.000Z,0.00070775
2020-02-01T16:00:00.000Z,0.00052861
2020-02-02T00:00:00.000Z,0.00035200
2020-02-02T08:00:00.000Z,0.00016128
2020-02-02T16:00:00.000Z,0.00010000
2020-02-03T00:00:00.000Z,0.00010000
2020-02-03T08:00:00.000Z,0.00010000
2020-02-03T16:00:00.000Z,0.00010000
2020-02-04T00:00:00.000Z,0.00036575
2020-02-04T08:00:00.001Z,0.00014722
2020-02-04T16:00:00.000Z,0.00039381
2020-02-05T00:00:00.002Z,0.00010000
2020-02-05T08:00:00.000Z,0.00010000
2020-02-05T16:00:00.000Z,0.00095515
2020-02-06T00:00:00.000Z,0.00112654
2020-02-06T08:00:00.000Z,0.00077325
2020-02-06T16:00:00.000Z,0.00053238
2020-02-07T00:00:00.000Z,0.00032775
2020-02-07T08:00:00.000Z,0.00014913
2020-02-07T16:00:00.001Z,0.00045718
2020-02-08T00:00:00.000Z,0.00026524
2020-02-08T08:00:00.000Z,0.00027312
2020-02-08T16:00:00.000Z,0.00029946
2020-02-09T00:00:00.000Z,0.00097062
2020-02-09T08:00:00.000Z,0.00063224
2020-02-09T16:00:00.000Z,0.00136228
2020-02-10T00:00:00.000Z,0.00130685
2020-02-10T08:00:00.000Z,0.00193444
2020-02-10T16:00:00.009Z,0.00295694
2020-02-11T00:00:00.000Z,0.00118120
2020-02-11T08:00:00.000Z,0.00150902
2020-02-11T16:00:00.000Z,0.00107512
2020-02-12T00:00:00.000Z,0.00284470
2020-02-12T08:00:00.001Z,0.00367190
2020-02-12T16:00:00.000Z,0.00148984
2020-02-13T00:00:00.001Z,0.00119193
2020-02-13T08:00:00.000Z,0.00141789
2020-02-13T16:00:00.000Z,0.00178950
2020-02-14T00:00:00.000Z,0.00133922
2020-02-14T08:00:00.000Z,0.00081527
2020-02-14T16:00:00.000Z,0.00097804
2020-02-15T00:00:00.000Z,0.00084363
2020-02-15T08:00:00.000Z,0.00099519
2020-02-15T16:00:00.000Z,0.00116429
2020-02-16T00:00:00.000Z,0.00191229
2020-02-16T08:00:00.000Z,0.00042143
2020-02-16T16:00:00.000Z,0.00063291
2020-02-17T00:00:00.000Z,0.00065370
2020-02-17T08:00:00.000Z,0.00052153
2020-02-17T16:00:00.000Z,0.00088411
2020-02-18T00:00:00.000Z,0.00024205
2020-02-18T08:00:00.000Z,0.00012422
2020-02-18T16:00:00.000Z,0.00023619
2020-02-19T00:00:00.000Z,0.00071740
2020-02-19T08:00:00.001Z,0.00095567
2020-02-19T16:00:00.000Z,0.00068394
2020-02-20T00:00:00.004Z,0.00019490
2020-02-20T08:00:00.000Z,0.00010000
2020-02-20T16:00:00.000Z,0.00053851
2020-02-21T00:00:00.000Z,0.00069899
2020-02-21T08:00:00.000Z,0.00053530
2020-02-21T16:00:00.000Z,0.00057420
2020-02-22T00:00:00.000Z,0.00051605
2020-02-22T08:00:00.001Z,0.00056424
2020-02-22T16:00:00.000Z,0.00045883
2020-02-23T00:00:00.000Z,0.00077311
2020-02-23T08:00:00.000Z,0.00043317
2020-02-23T16:00:00.000Z,0.00048157
2020-02-24T00:00:00.015Z,0.00054128
2020-02-24T08:00:00.000Z,0.00037142
2020-02-24T16:00:00.000Z,0.00020954
2020-02-25T00:00:00.001Z,0.00031422
2020-02-25T08:00:00.000Z,0.00040545
2020-02-25T16:00:00.001Z,0.00052084
2020-02-26T00:00:00.000Z,0.00047129
2020-02-26T08:00:00.001Z,0.00079802
2020-02-26T16:00:00.000Z,0.00071497
2020-02-27T00:00:00.001Z,0.00010000
2020-02-27T08:00:00.001Z,0.00025833
2020-02-27T16:00:00.000Z,0.00010335
2020-02-28T00:00:00.000Z,0.00012465
2020-02-28T08:00:00.000Z,0.00025289
2020-02-28T16:00:00.000Z,0.00030522
2020-02-29T00:00:00.000Z,0.00040998
2020-02-29T08:00:00.000Z,0.00055451
2020-02-29T16:00:00.000Z,0.00047771
2020-03-01T00:00:00.000Z,0.00032216
2020-03-01T08:00:00.000Z,0.00018986
2020-03-01T16:00:00.001Z,0.00015628
2020-03-02T00:00:00.000Z,0.00014747
2020-03-02T08:00:00.000Z,0.00015638
2020-03-02T16:00:00.004Z,0.00010000
2020-03-03T00:00:00.000Z,0.00010000
2020-03-03T08:00:00.003Z,0.00010000
2020-03-03T16:00:00.000Z,0.00031403
2020-03-04T00:00:00.002Z,0.00030731
2020-03-04T08:00:00.000Z,0.00030432
2020-03-04T16:00:00.001Z,0.00032821
2020-03-05T00:00:00.000Z,0.00029022
2020-03-05T08:00:00.000Z,0.00039893
2020-03-05T16:00:00.000Z,0.00036018
2020-03-06T00:00:00.003Z,0.00037380
2020-03-06T08:00:00.000Z,0.00010000
2020-03-06T16:00:00.000Z,0.00010000
2020-03-07T00:00:00.000Z,0.00010000
2020-03-07T08:00:00.001Z,0.00010000
2020-03-07T16:00:00.000Z,0.00013739
2020-03-08T00:00:00.001Z,0.00032347
2020-03-08T08:00:00.000Z,0.00045820
2020-03-08T16:00:00.006Z,0.00037933
2020-03-09T00:00:00.000Z,0.00010000
2020-03-09T08:00:00.000Z,0.00011432
2020-03-09T16:00:00.000Z,0.00016188
2020-03-10T00:00:00.000Z,0.00025018
2020-03-10T08:00:00.000Z,0.00010000
2020-03-10T16:00:00.000Z,0.00025409
2020-03-11T00:00:00.001Z,0.00010000
2020-03-11T08:00:00.000Z,0.00016304
2020-03-11T16:00:00.000Z,0.00037247
2020-03-12T00:00:00.001Z,0.00036391
2020-03-12T08:00:00.001Z,0.00054526
2020-03-12T16:00:00.000Z,0.00010000
2020-03-13T00:00:00.000Z,0.00010000
2020-03-13T08:00:00.000Z,-0.00281778
2020-03-13T16:00:00.002Z,-0.00027991
2020-03-14T00:00:00.000Z,0.00010000
2020-03-14T08:00:00.001Z,0.00010000
2020-03-14T16:00:00.000Z,0.00010000
2020-03-15T00:00:00.000Z,0.00010000
2020-03-15T08:00:00.000Z,0.00010000
2020-03-15T16:00:00.001Z,0.00010000
2020-03-16T00:00:00.000Z,0.00010000
2020-03-16T08:00:00.000Z,0.00010000
2020-03-16T16:00:00.001Z,-0.00022932
2020-03-17T00:00:00.000Z,0.00010000
2020-03-17T08:00:00.000Z,0.00010000
2020-03-17T16:00:00.000Z,0.00010000
2020-03-18T00:00:00.000Z,0.00010000
2020-03-18T08:00:00.000Z,0.00010000
2020-03-18T16:00:00.000Z,0.00010000
2020-03-19T00:00:00.000Z,0.00010000
2020-03-19T08:00:00.000Z,0.00010000
2020-03-19T16:00:00.000Z,0.00010000
2020-03-20T00:00:00.000Z,0.00010000
2020-03-20T08:00:00.000Z,0.00010000
2020-03-20T16:00:00.000Z,0.00010000
2020-03-21T00:00:00.000Z,0.00010000
2020-03-21T08:00:00.000Z,0.00010000
2020-03-21T16:00:00.000Z,0.00010000
2020-03-22T00:00:00.000Z,0.00010000
2020-03-22T08:00:00.001Z,0.00010000
2020-03-22T16:00:00.000Z,0.00010000
2020-03-23T00:00:00.000Z,0.00010000
2020-03-23T08:00:00.000Z,0.00010000
2020-03-23T16:00:00.000Z,0.00010000
2020-03-24T00:00:00.000Z,0.00010000
2020-03-24T08:00:00.000Z,0.00010000
2020-03-24T16:00:00.000Z,0.00010000
2020-03-25T00:00:00.000Z,0.00010000
2020-03-25T08:00:00.000Z,0.00010000
2020-03-25T16:00:00.001Z,0.00010000
2020-03-26T00:00:00.006Z,0.00010000
2020-03-26T08:00:00.002Z,0.00010000
2020-03-26T16:00:00.000Z,0.00010000
2020-03-27T00:00:00.000Z,0.00010000
2020-03-27T08:00:00.000Z,0.00010000
2020-03-27T16:00:00.000Z,0.00010000
2020-03-28T00:00:00.000Z,0.00010000
2020-03-28T08:00:00.000Z,-0.00002715
2020-03-28T16:00:00.000Z,0.00010000
2020-03-29T00:00:00.000Z,0.00010000
2020-03-29T08:00:00.001Z,0.00010000
2020-03-29T16:00:00.000Z,0.00010000
2020-03-30T00:00:00.000Z,0.00010000
2020-03-30T08:00:00.000Z,-0.00009910
2020-03-30T16:00:00.000Z,0.00010000
2020-03-31T00:00:00.000Z,0.00010000
2020-03-31T08:00:00.001Z,0.00010000
2020-03-31T16:00:00.001Z,0.00010000
2020-04-01T00:00:00.002Z,0.00010000
2020-04-01T08:00:00.000Z,0.00010000
2020-04-01T16:00:00.001Z,-0.00007368
2020-04-02T00:00:00.000Z,-0.00005170
2020-04-02T08:00:00.000Z,0.00010000
2020-04-02T16:00:00.000Z,0.00010000
2020-04-03T00:00:00.000Z,0.00010000
2020-04-03T08:00:00.000Z,0.00010000
2020-04-03T16:00:00.000Z,0.00010000
2020-04-04T00:00:00.000Z,0.00004881
2020-04-04T08:00:00.000Z,0.00010000
2020-04-04T16:00:00.000Z,0.00010000
2020-04-05T00:00:00.001Z,0.00010000
2020-04-05T08:00:00.000Z,0.00003554
2020-04-05T16:00:00.000Z,0.00010000
2020-04-06T00:00:00.000Z,0.00010000
2020-04-06T08:00:00.000Z,0.00007540
2020-04-06T16:00:00.000Z,0.00005027
2020-04-07T00:00:00.000Z,-0.00014221
2020-04-07T08:00:00.000Z,-0.00008712
2020-04-07T16:00:00.000Z,0.00008758
2020-04-08T00:00:00.000Z,0.00010000
2020-04-08T08:00:00.000Z,0.00010000
2020-04-08T16:00:00.000Z,0.00010000
2020-04-09T00:00:00.000Z,0.00010000
2020-04-09T08:00:00.001Z,0.00010000
2020-04-09T16:00:00.000Z,0.00010000
2020-04-10T00:00:00.001Z,0.00010000
2020-04-10T08:00:00.000Z,0.00010000
2020-04-10T16:00:00.000Z,0.00010000
2020-04-11T00:00:00.000Z,-0.00000690
2020-04-11T08:00:00.000Z,0.00009267
2020-04-11T16:00:00.000Z,0.00010000
2020-04-12T00:00:00.000Z,0.00010000
2020-04-12T08:00:00.006Z,0.00001985
2020-04-12T16:00:00.001Z,0.00010000
2020-04-13T00:00:00.001Z,0.00010000
2020-04-13T08:00:00.000Z,0.00010000
2020-04-13T16:00:00.000Z,0.00010000
2020-04-14T00:00:00.000Z,0.00010000
2020-04-14T08:00:00.000Z,0.00010000
2020-04-14T16:00:00.000Z,0.00010000
2020-04-15T00:00:00.000Z,0.00010000
2020-04-15T08:00:00.000Z,0.00010000
2020-04-15T16:00:00.000Z,0.00010000
2020-04-16T00:00:00.000Z,0.00010000
2020-04-16T08:00:00.000Z,-0.00002526
2020-04-16T16:00:00.000Z,0.00010000
2020-04-17T00:00:00.000Z,0.00010000
2020-04-17T08:00:00.000Z,0.00010000
2020-04-17T16:00:00.000Z,0.00010000
2020-04-18T00:00:00.000Z,0.00010000
2020-04-18T08:00:00.000Z,0.00009454
2020-04-18T16:00:00.000Z,0.00010000
2020-04-19T00:00:00.000Z,0.00010000
2020-04-19T08:00:00.000Z,0.00010000
2020-04-19T16:00:00.000Z,0.00010000
2020-04-20T00:00:00.000Z,0.00010000
2020-04-20T08:00:00.000Z,0.00010000
2020-04-20T16:00:00.000Z,0.00010000
2020-04-21T00:00:00.000Z,0.00010000
2020-04-21T08:00:00.001Z,0.00010000
2020-04-21T16:00:00.000Z,0.00010000
2020-04-22T00:00:00.001Z,0.00010000
2020-04-22T08:00:00.000Z,0.00010000
2020-04-22T16:00:00.000Z,0.00010000
2020-04-23T00:00:00.000Z,0.00010000
2020-04-23T08:00:00.001Z,0.00010000
2020-04-23T16:00:00.000Z,0.00010000
2020-04-24T00:00:00.000Z,0.00010000
2020-04-24T08:00:00.000Z,0.00010000
2020-04-24T16:00:00.000Z,0.00010000
2020-04-25T00:00:00.003Z,0.00010000
2020-04-25T08:00:00.000Z,0.00010000
2020-04-25T16:00:00.000Z,0.00010000
2020-04-26T00:00:00.000Z,0.00010000
2020-04-26T08:00:00.000Z,0.00010000
2020-04-26T16:00:00.000Z,0.00010000
2020-04-27T00:00:00.000Z,0.00010000
2020-04-27T08:00:00.005Z,0.00010000
2020-04-27T16:00:00.000Z,0.00010000
2020-04-28T00:00:00.000Z,0.00010000
2020-04-28T08:00:00.000Z,0.00010000
2020-04-28T16:00:00.000Z,0.00010000
2020-04-29T00:00:00.000Z,0.00010000
2020-04-29T08:00:00.001Z,0.00010000
2020-04-29T16:00:00.000Z,0.00010000
2020-04-30T00:00:00.000Z,0.00010000
2020-04-30T08:00:00.000Z,0.00040543
2020-04-30T16:00:00.000Z,0.00010000
2020-05-01T00:00:00.000Z,0.00010000
2020-05-01T08:00:00.000Z,0.00019630
2020-05-01T16:00:00.000Z,0.00033541
2020-05-02T00:00:00.000Z,0.00020286
2020-05-02T08:00:00.000Z,0.00028799
2020-05-02T16:00:00.000Z,0.00065493
2020-05-03T00:00:00.000Z,0.00020530
2020-05-03T08:00:00.000Z,0.00033679
2020-05-03T16:00:00.000Z,0.00030318
2020-05-04T00:00:00.000Z,0.00010000
2020-05-04T08:00:00.005Z,0.00020259
2020-05-04T16:00:00.000Z,0.00018353
2020-05-05T00:00:00.000Z,0.00021158
2020-05-05T08:00:00.000Z,0.00033589
2020-05-05T16:00:00.000Z,0.00010000
2020-05-06T00:00:00.001Z,0.00010000
2020-05-06T08:00:00.000Z,0.00023099
2020-05-06T16:00:00.000Z,0.00058198
2020-05-07T00:00:00.000Z,0.00010000
2020-05-07T08:00:00.011Z,0.00010000
2020-05-07T16:00:00.000Z,0.00010111
2020-05-08T00:00:00.000Z,0.00068700
2020-05-08T08:00:00.001Z,0.00027607
2020-05-08T16:00:00.000Z,0.00021374
2020-05-09T00:00:00.000Z,0.00039213
2020-05-09T08:00:00.000Z,0.00018668
2020-05-09T16:00:00.000Z,0.00021700
2020-05-10T00:00:00.000Z,0.00015215
2020-05-10T08:00:00.000Z,0.00010000
2020-05-10T16:00:00.000Z,0.00010000
2020-05-11T00:00:00.000Z,0.00010000
2020-05-11T08:00:00.000Z,0.00010000
2020-05-11T16:00:00.000Z,0.00010000
2020-05-12T00:00:00.000Z,0.00010000
2020-05-12T08:00:00.001Z,0.00010000
2020-05-12T16:00:00.000Z,0.00010000
2020-05-13T00:00:00.000Z,0.00010000
2020-05-13T08:00:00.000Z,0.00010000
2020-05-13T16:00:00.000Z,0.00010000
2020-05-14T00:00:00.000Z,0.00010000
2020-05-14T08:00:00.000Z,0.00010000
2020-05-14T16:00:00.000Z,0.00010000
2020-05-15T00:00:00.000Z,0.00004486
2020-05-15T08:00:00.000Z,-0.00003957
2020-05-15T16:00:00.001Z,0.00010000
2020-05-16T00:00:00.008Z,0.00010000
2020-05-16T08:00:00.000Z,-0.00005470
2020-05-16T16:00:00.000Z,0.00010000
2020-05-17T00:00:00.002Z,0.00010000
2020-05-17T08:00:00.000Z,-0.00004057
2020-05-17T16:00:00.000Z,0.00010000
2020-05-18T00:00:00.000Z,0.00010000
2020-05-18T08:00:00.000Z,0.00010000
2020-05-18T16:00:00.001Z,0.00010000
2020-05-19T00:00:00.005Z,0.00010000
2020-05-19T08:00:00.000Z,0.00010000
2020-05-19T16:00:00.000Z,0.00010000
2020-05-20T00:00:00.000Z,0.00010000
2020-05-20T08:00:00.000Z,0.00010000
2020-05-20T16:00:00.006Z,0.00010000
2020-05-21T00:00:00.000Z,0.00010000
2020-05-21T08:00:00.000Z,0.00010000
2020-05-21T16:00:00.000Z,0.00010000
2020-05-22T00:00:00.006Z,0.00003518
2020-05-22T08:00:00.000Z,0.00010000
2020-05-22T16:00:00.000Z,0.00010000
2020-05-23T00:00:00.003Z,0.00010000
2020-05-23T08:00:00.000Z,0.00010000
2020-05-23T16:00:00.000Z,0.00010000
2020-05-24T00:00:00.006Z,0.00010000
2020-05-24T08:00:00.000Z,0.00010000
2020-05-24T16:00:00.000Z,0.00010000
2020-05-25T00:00:00.000Z,0.00010000
2020-05-25T08:00:00.000Z,0.00010000
2020-05-25T16:00:00.000Z,0.00010000
2020-05-26T00:00:00.000Z,0.00010000
2020-05-26T08:00:00.006Z,0.00010000
2020-05-26T16:00:00.000Z,0.00010000
2020-05-27T00:00:00.000Z,0.00010000
2020-05-27T08:00:00.000Z,0.00010000
2020-05-27T16:00:00.000Z,0.00010000
2020-05-28T00:00:00.000Z,0.00010000
2020-05-28T08:00:00.000Z,0.00010000
2020-05-28T16:00:00.000Z,0.00010000
2020-05-29T00:00:00.000Z,0.00010000
2020-05-29T08:00:00.000Z,0.00010000
2020-05-29T16:00:00.000Z,0.00010000
2020-05-30T00:00:00.000Z,0.00010000
2020-05-30T08:00:00.001Z,0.00010000
2020-05-30T16:00:00.000Z,0.00010000
2020-05-31T00:00:00.000Z,0.00010000
2020-05-31T08:00:00.001Z,0.00010000
2020-05-31T16:00:00.000Z,0.00010000
2020-06-01T00:00:00.000Z,0.00010000
2020-06-01T08:00:00.001Z,0.00010000
2020-06-01T16:00:00.000Z,0.00010000
2020-06-02T00:00:00.000Z,0.00034764
2020-06-02T08:00:00.002Z,0.00018222
2020-06-02T16:00:00.000Z,0.00010000
2020-06-03T00:00:00.000Z,0.00010000
2020-06-03T08:00:00.000Z,0.00010000
2020-06-03T16:00:00.002Z,0.00010000
2020-06-04T00:00:00.001Z,0.00010000
2020-06-04T08:00:00.004Z,0.00010000
2020-06-04T16:00:00.001Z,0.00010000
2020-06-05T00:00:00.001Z,0.00010000
2020-06-05T08:00:00.000Z,0.00010000
2020-06-05T16:00:00.001Z,0.00010000
2020-06-06T00:00:00.000Z,0.00010000
2020-06-06T08:00:00.000Z,0.00010000
2020-06-06T16:00:00.000Z,0.00010000
2020-06-07T00:00:00.000Z,0.00010000
2020-06-07T08:00:00.000Z,0.00010000
2020-06-07T16:00:00.006Z,0.00010000
2020-06-08T00:00:00.008Z,0.00010000
2020-06-08T08:00:00.007Z,0.00021080
2020-06-08T16:00:00.000Z,0.00023671
2020-06-09T00:00:00.000Z,0.00021431
2020-06-09T08:00:00.000Z,0.00010000
2020-06-09T16:00:00.000Z,0.00012471
2020-06-10T00:00:00.000Z,0.00010000
2020-06-10T08:00:00.000Z,0.00010000
2020-06-10T16:00:00.000Z,0.00010000
2020-06-11T00:00:00.008Z,0.00023457
2020-06-11T08:00:00.001Z,0.00010000
2020-06-11T16:00:00.000Z,0.00010000
2020-06-12T00:00:00.003Z,0.00010000
2020-06-12T08:00:00.000Z,0.00010000
2020-06-12T16:00:00.002Z,0.00010000
2020-06-13T00:00:00.000Z,0.00010000
2020-06-13T08:00:00.001Z,0.00010000
2020-06-13T16:00:00.000Z,0.00010000
2020-06-14T00:00:00.007Z,0.00010000
2020-06-14T08:00:00.000Z,0.00010000
2020-06-14T16:00:00.001Z,0.00010000
2020-06-15T00:00:00.000Z,0.00010000
2020-06-15T08:00:00.001Z,0.00010000
2020-06-15T16:00:00.000Z,0.00010000
2020-06-16T00:00:00.002Z,0.00010000
2020-06-16T08:00:00.000Z,0.00010000
2020-06-16T16:00:00.006Z,0.00010000
2020-06-17T00:00:00.000Z,0.00010000
2020-06-17T08:00:00.007Z,0.00010000
2020-06-17T16:00:00.000Z,0.00010000
2020-06-18T00:00:00.003Z,0.00010000
2020-06-18T08:00:00.001Z,0.00010000
2020-06-18T16:00:00.002Z,0.00010000
2020-06-19T00:00:00.001Z,0.00010000
2020-06-19T08:00:00.003Z,0.00010000
2020-06-19T16:00:00.000Z,0.00010000
2020-06-20T00:00:00.000Z,0.00010000
2020-06-20T08:00:00.009Z,0.00010000
2020-06-20T16:00:00.006Z,0.00010000
2020-06-21T00:00:00.000Z,0.00010000
2020-06-21T08:00:00.000Z,0.00010000
2020-06-21T16:00:00.000Z,0.00010000
2020-06-22T00:00:00.000Z,0.00010000
2020-06-22T08:00:00.000Z,0.00010000
2020-06-22T16:00:00.001Z,0.00010000
2020-06-23T00:00:00.000Z,0.00010000
2020-06-23T08:00:00.002Z,0.00010000
2020-06-23T16:00:00.000Z,0.00010000
2020-06-24T00:00:00.001Z,0.00010000
2020-06-24T08:00:00.000Z,0.00010000
2020-06-24T16:00:00.000Z,0.00010000
2020-06-25T00:00:00.000Z,0.00010000
2020-06-25T08:00:00.000Z,0.00010000
2020-06-25T16:00:00.000Z,0.00010000
2020-06-26T00:00:00.000Z,0.00010000
2020-06-26T08:00:00.000Z,0.00010000
2020-06-26T16:00:00.000Z,0.00010000
2020-06-27T00:00:00.003Z,0.00010000
2020-06-27T08:00:00.004Z,0.00010000
2020-06-27T16:00:00.000Z,0.00010000
2020-06-28T00:00:00.003Z,0.00010000
2020-06-28T08:00:00.001Z,0.00010000
2020-06-28T16:00:00.000Z,0.00010000
2020-06-29T00:00:00.000Z,0.00010000
2020-06-29T08:00:00.005Z,0.00010000
2020-06-29T16:00:00.000Z,0.00010000
2020-06-30T00:00:00.000Z,0.00010000
2020-06-30T08:00:00.001Z,0.00010000
2020-06-30T16:00:00.002Z,0.00010000
2020-07-01T00:00:00.002Z,0.00010000
2020-07-01T08:00:00.000Z,0.00010000
2020-07-01T16:00:00.000Z,0.00010000
2020-07-02T00:00:00.001Z,0.00010000
2020-07-02T08:00:00.001Z,0.00010000
2020-07-02T16:00:00.000Z,0.00010000
2020-07-03T00:00:00.000Z,0.00010000
2020-07-03T08:00:00.001Z,0.00010000
2020-07-03T16:00:00.000Z,0.00010000
2020-07-04T00:00:00.002Z,0.00010000
2020-07-04T08:00:00.002Z,0.00010000
2020-07-04T16:00:00.001Z,0.00010000
2020-07-05T00:00:00.000Z,0.00010000
2020-07-05T08:00:00.000Z,0.00010000
2020-07-05T16:00:00.000Z,0.00010000
2020-07-06T00:00:00.000Z,0.00010000
2020-07-06T08:00:00.001Z,0.00010000
2020-07-06T16:00:00.000Z,0.00010000
2020-07-07T00:00:00.000Z,0.00010000
2020-07-07T08:00:00.006Z,0.00010000
2020-07-07T16:00:00.000Z,0.00010000
2020-07-08T00:00:00.000Z,0.00010000
2020-07-08T08:00:00.000Z,0.00010000
2020-07-08T16:00:00.000Z,0.00010000
2020-07-09T00:00:00.001Z,0.00011645
2020-07-09T08:00:00.002Z,0.00011218
2020-07-09T16:00:00.000Z,0.00010104
2020-07-10T00:00:00.000Z,0.00010000
2020-07-10T08:00:00.001Z,0.00010000
2020-07-10T16:00:00.000Z,0.00010000
2020-07-11T00:00:00.000Z,0.00010000
2020-07-11T08:00:00.000Z,0.00010000
2020-07-11T16:00:00.000Z,0.00010000
2020-07-12T00:00:00.000Z,0.00010000
2020-07-12T08:00:00.000Z,0.00010000
2020-07-12T16:00:00.000Z,0.00010000
2020-07-13T00:00:00.000Z,0.00010000
2020-07-13T08:00:00.001Z,0.00010000
2020-07-13T16:00:00.000Z,0.00012899
2020-07-14T00:00:00.001Z,0.00010000
2020-07-14T08:00:00.000Z,0.00010000
2020-07-14T16:00:00.000Z,0.00010000
2020-07-15T00:00:00.000Z,0.00010000
2020-07-15T08:00:00.000Z,0.00010000
2020-07-15T16:00:00.000Z,0.00010000
2020-07-16T00:00:00.000Z,0.00010000
2020-07-16T08:00:00.002Z,0.00010000
2020-07-16T16:00:00.001Z,0.00010000
2020-07-17T00:00:00.001Z,0.00010000
2020-07-17T08:00:00.000Z,0.00010000
2020-07-17T16:00:00.000Z,0.00010000
2020-07-18T00:00:00.003Z,0.00010000
2020-07-18T08:00:00.001Z,0.00010000
2020-07-18T16:00:00.000Z,0.00010000
2020-07-19T00:00:00.000Z,0.00010000
2020-07-19T08:00:00.000Z,0.00010000
2020-07-19T16:00:00.000Z,0.00010000
2020-07-20T00:00:00.000Z,0.00010000
2020-07-20T08:00:00.000Z,0.00010000
2020-07-20T16:00:00.001Z,0.00010000
2020-07-21T00:00:00.000Z,0.00010000
2020-07-21T08:00:00.001Z,0.00010000
2020-07-21T16:00:00.004Z,0.00010000
2020-07-22T00:00:00.000Z,0.00010000
2020-07-22T08:00:00.000Z,0.00010000
2020-07-22T16:00:00.000Z,0.00010000
2020-07-23T00:00:00.001Z,0.00055183
2020-07-23T08:00:00.000Z,0.00079591
2020-07-23T16:00:00.001Z,0.00047433
2020-07-24T00:00:00.000Z,0.00058285
2020-07-24T08:00:00.000Z,0.00094350
2020-07-24T16:00:00.000Z,0.00042763
2020-07-25T00:00:00.000Z,0.00032733
2020-07-25T08:00:00.001Z,0.00019115
2020-07-25T16:00:00.000Z,0.00023376
2020-07-26T00:00:00.000Z,0.00039999
2020-07-26T08:00:00.000Z,0.00091914
2020-07-26T16:00:00.000Z,0.00090981
2020-07-27T00:00:00.000Z,0.00069401
2020-07-27T08:00:00.000Z,0.00076669
2020-07-27T16:00:00.000Z,0.00091745
2020-07-28T00:00:00.000Z,0.00113558
2020-07-28T08:00:00.001Z,0.00120926
2020-07-28T16:00:00.000Z,0.00114134
2020-07-29T00:00:00.000Z,0.00086449
2020-07-29T08:00:00.000Z,0.00095544
2020-07-29T16:00:00.000Z,0.00071643
2020-07-30T00:00:00.000Z,0.00068810
2020-07-30T08:00:00.001Z,0.00062728
2020-07-30T16:00:00.000Z,0.00060270
2020-07-31T00:00:00.000Z,0.00108946
2020-07-31T08:00:00.001Z,0.00070112
2020-07-31T16:00:00.000Z,0.00061106
2020-08-01T00:00:00.005Z,0.00035058
2020-08-01T08:00:00.000Z,0.00044202
2020-08-01T16:00:00.001Z,0.00053847
2020-08-02T00:00:00.000Z,0.00163562
2020-08-02T08:00:00.001Z,0.00094879
2020-08-02T16:00:00.001Z,0.00033067
2020-08-03T00:00:00.000Z,0.00029170
2020-08-03T08:00:00.001Z,0.00050577
2020-08-03T16:00:00.000Z,0.00054445
2020-08-04T00:00:00.003Z,0.00036557
2020-08-04T08:00:00.000Z,0.00054679
2020-08-04T16:00:00.000Z,0.00063177
2020-08-05T00:00:00.000Z,0.00061202
2020-08-05T08:00:00.000Z,0.00053408
2020-08-05T16:00:00.000Z,0.00089460
2020-08-06T00:00:00.000Z,0.00062437
2020-08-06T08:00:00.007Z,0.00056598
2020-08-06T16:00:00.000Z,0.00069781
2020-08-07T00:00:00.001Z,0.00052275
2020-08-07T08:00:00.000Z,0.00046696
2020-08-07T16:00:00.000Z,0.00029683
2020-08-08T00:00:00.000Z,0.00010000
2020-08-08T08:00:00.000Z,0.00020749
2020-08-08T16:00:00.000Z,0.00044084
2020-08-09T00:00:00.000Z,0.00032833
2020-08-09T08:00:00.000Z,0.00046489
2020-08-09T16:00:00.000Z,0.00034455
2020-08-10T00:00:00.001Z,0.00033424
2020-08-10T08:00:00.000Z,0.00108975
2020-08-10T16:00:00.001Z,0.00052034
2020-08-11T00:00:00.001Z,0.00048022
2020-08-11T08:00:00.000Z,0.00052529
2020-08-11T16:00:00.001Z,0.00052038
2020-08-12T00:00:00.000Z,0.00034144
2020-08-12T08:00:00.000Z,0.00034577
2020-08-12T16:00:00.000Z,0.00024038
2020-08-13T00:00:00.002Z,0.00031747
2020-08-13T08:00:00.000Z,0.00060530
2020-08-13T16:00:00.000Z,0.00051653
2020-08-14T00:00:00.000Z,0.00136967
2020-08-14T08:00:00.000Z,0.00146832
2020-08-14T16:00:00.000Z,0.00124102
2020-08-15T00:00:00.000Z,0.00079340
2020-08-15T08:00:00.001Z,0.00084015
2020-08-15T16:00:00.001Z,0.00075821
2020-08-16T00:00:00.000Z,0.00092210
2020-08-16T08:00:00.000Z,0.00086801
2020-08-16T16:00:00.000Z,0.00046248
2020-08-17T00:00:00.000Z,0.00074992
2020-08-17T08:00:00.000Z,0.00061133
2020-08-17T16:00:00.000Z,0.00103523
2020-08-18T00:00:00.001Z,0.00133232
2020-08-18T08:00:00.008Z,0.00085913
2020-08-18T16:00:00.000Z,0.00054732
2020-08-19T00:00:00.000Z,0.00034355
2020-08-19T08:00:00.000Z,0.00021587
2020-08-19T16:00:00.000Z,0.00040187
2020-08-20T00:00:00.001Z,0.00035614
2020-08-20T08:00:00.000Z,0.00026745
2020-08-20T16:00:00.000Z,0.00010000
2020-08-21T00:00:00.000Z,0.00010000
2020-08-21T08:00:00.000Z,0.00010000
2020-08-21T16:00:00.017Z,0.00021092
2020-08-22T00:00:00.000Z,0.00010000
2020-08-22T08:00:00.000Z,0.00010000
2020-08-22T16:00:00.000Z,0.00010000
2020-08-23T00:00:00.000Z,0.00016169
2020-08-23T08:00:00.000Z,0.00014517
2020-08-23T16:00:00.000Z,0.00030687
2020-08-24T00:00:00.006Z,0.00031572
2020-08-24T08:00:00.001Z,0.00022508
2020-08-24T16:00:00.000Z,0.00031958
2020-08-25T00:00:00.000Z,0.00022430
2020-08-25T08:00:00.000Z,0.00011335
2020-08-25T16:00:00.000Z,0.00011631
2020-08-26T00:00:00.000Z,0.00020921
2020-08-26T08:00:00.008Z,0.00010000
2020-08-26T16:00:00.002Z,0.00015004
2020-08-27T00:00:00.000Z,0.00011281
2020-08-27T08:00:00.010Z,0.00010000
2020-08-27T16:00:00.000Z,0.00010000
2020-08-28T00:00:00.000Z,0.00010000
2020-08-28T08:00:00.001Z,0.00010000
2020-08-28T16:00:00.000Z,0.00012226
2020-08-29T00:00:00.002Z,0.00010000
2020-08-29T08:00:00.006Z,0.00010000
2020-08-29T16:00:00.003Z,0.00010000
2020-08-30T00:00:00.000Z,0.00010000
2020-08-30T08:00:00.000Z,0.00010000
2020-08-30T16:00:00.000Z,0.00010000
2020-08-31T00:00:00.000Z,0.00010000
2020-08-31T08:00:00.001Z,0.00010000
2020-08-31T16:00:00.001Z,0.00010000
2020-09-01T00:00:00.000Z,0.00010000
2020-09-01T08:00:00.000Z,0.00027103
2020-09-01T16:00:00.000Z,0.00055077
2020-09-02T00:00:00.000Z,0.00045898
2020-09-02T08:00:00.006Z,0.00060012
2020-09-02T16:00:00.000Z,0.00010000
2020-09-03T00:00:00.001Z,0.00014859
2020-09-03T08:00:00.004Z,0.00010000
2020-09-03T16:00:00.000Z,0.00010000
2020-09-04T00:00:00.005Z,0.00010813
2020-09-04T08:00:00.000Z,0.00020118
2020-09-04T16:00:00.006Z,0.00011810
2020-09-05T00:00:00.000Z,0.00010000
2020-09-05T08:00:00.004Z,0.00010000
2020-09-05T16:00:00.001Z,0.00010000
2020-09-06T00:00:00.004Z,0.00010000
2020-09-06T08:00:00.000Z,0.00010000
2020-09-06T16:00:00.000Z,0.00010000
2020-09-07T00:00:00.002Z,0.00010000
2020-09-07T08:00:00.004Z,0.00006480
2020-09-07T16:00:00.001Z,0.00010000
2020-09-08T00:00:00.007Z,0.00010000
2020-09-08T08:00:00.006Z,0.00010000
2020-09-08T16:00:00.014Z,0.00010000
2020-09-09T00:00:00.000Z,0.00010000
2020-09-09T08:00:00.000Z,0.00010000
2020-09-09T16:00:00.000Z,0.00010000
2020-09-10T00:00:00.000Z,0.00010000
2020-09-10T08:00:00.005Z,0.00010000
2020-09-10T16:00:00.000Z,0.00006538
2020-09-11T00:00:00.000Z,0.00003498
2020-09-11T08:00:00.008Z,0.00009323
2020-09-11T16:00:00.000Z,0.00007151
2020-09-12T00:00:00.008Z,0.00010000
2020-09-12T08:00:00.000Z,0.00010000
2020-09-12T16:00:00.008Z,0.00003731
2020-09-13T00:00:00.000Z,0.00010000
2020-09-13T08:00:00.000Z,0.00010000
2020-09-13T16:00:00.004Z,0.00010000
2020-09-14T00:00:00.003Z,0.00010000
2020-09-14T08:00:00.008Z,0.00010000
2020-09-14T16:00:00.000Z,0.00010000
2020-09-15T00:00:00.000Z,0.00010000
2020-09-15T08:00:00.010Z,0.00010000
2020-09-15T16:00:00.003Z,0.00010000
2020-09-16T00:00:00.014Z,0.00010000
2020-09-16T08:00:00.000Z,0.00010000
2020-09-16T16:00:00.001Z,0.00010000
2020-09-17T00:00:00.006Z,0.00010000
2020-09-17T08:00:00.012Z,0.00010000
2020-09-17T16:00:00.000Z,0.00010000
2020-09-18T00:00:00.001Z,0.00010000
2020-09-18T08:00:00.002Z,0.00010000
2020-09-18T16:00:00.002Z,0.00010000
2020-09-19T00:00:00.000Z,0.00010000
2020-09-19T08:00:00.005Z,0.00010000
2020-09-19T16:00:00.008Z,0.00010000
2020-09-20T00:00:00.002Z,0.00010000
2020-09-20T08:00:00.005Z,0.00010000
2020-09-20T16:00:00.005Z,-0.00000080
2020-09-21T00:00:00.000Z,-0.00001481
2020-09-21T08:00:00.001Z,0.00010000
2020-09-21T16:00:00.000Z,0.00005075
2020-09-22T00:00:00.001Z,-0.00022757
2020-09-22T08:00:00.000Z,0.00000097
2020-09-22T16:00:00.004Z,0.00001010
2020-09-23T00:00:00.007Z,0.00010000
2020-09-23T08:00:00.001Z,0.00001632
2020-09-23T16:00:00.001Z,0.00010000
2020-09-24T00:00:00.000Z,-0.00001579
2020-09-24T08:00:00.000Z,0.00003064
2020-09-24T16:00:00.000Z,0.00005598
2020-09-25T00:00:00.009Z,0.00005361
2020-09-25T08:00:00.045Z,0.00010000
2020-09-25T16:00:00.000Z,0.00010000
2020-09-26T00:00:00.000Z,0.00010000
2020-09-26T08:00:00.000Z,0.00010000
2020-09-26T16:00:00.005Z,0.00010000
2020-09-27T00:00:00.000Z,0.00010000
2020-09-27T08:00:00.000Z,0.00010000
2020-09-27T16:00:00.019Z,0.00010000
2020-09-28T00:00:00.001Z,0.00010000
2020-09-28T08:00:00.000Z,0.00010000
2020-09-28T16:00:00.002Z,0.00010000
2020-09-29T00:00:00.000Z,0.00010000
2020-09-29T08:00:00.000Z,-0.00001526
2020-09-29T16:00:00.000Z,0.00007388
2020-09-30T00:00:00.005Z,0.00010000
2020-09-30T08:00:00.000Z,0.00010000
2020-09-30T16:00:00.000Z,-0.00000280
2020-10-01T00:00:00.000Z,0.00009937
2020-10-01T08:00:00.000Z,0.00010000
2020-10-01T16:00:00.000Z,0.00010000
2020-10-02T00:00:00.011Z,0.00004321
2020-10-02T08:00:00.000Z,0.00010000
2020-10-02T16:00:00.005Z,-0.00003462
2020-10-03T00:00:00.000Z,0.00005867
2020-10-03T08:00:00.001Z,-0.00011916
2020-10-03T16:00:00.000Z,-0.00003221
2020-10-04T00:00:00.000Z,-0.00000670
2020-10-04T08:00:00.003Z,0.00010000
2020-10-04T16:00:00.001Z,-0.00006384
2020-10-05T00:00:00.000Z,0.00010000
2020-10-05T08:00:00.000Z,0.00000305
2020-10-05T16:00:00.012Z,-0.00001442
2020-10-06T00:00:00.000Z,-0.00004499
2020-10-06T08:00:00.005Z,0.00009514
2020-10-06T16:00:00.000Z,0.00000044
2020-10-07T00:00:00.000Z,-0.00007208
2020-10-07T08:00:00.000Z,0.00002716
2020-10-07T16:00:00.000Z,0.00007205
2020-10-08T00:00:00.000Z,0.00010000
2020-10-08T08:00:00.009Z,0.00010000
2020-10-08T16:00:00.003Z,0.00010000
2020-10-09T00:00:00.001Z,0.00010000
2020-10-09T08:00:00.000Z,0.00010000
2020-10-09T16:00:00.004Z,0.00010000
2020-10-10T00:00:00.005Z,0.00010000
2020-10-10T08:00:00.000Z,0.00017330
2020-10-10T16:00:00.011Z,0.00027917
2020-10-11T00:00:00.002Z,0.00011995
2020-10-11T08:00:00.003Z,0.00013127
2020-10-11T16:00:00.004Z,0.00010000
2020-10-12T00:00:00.001Z,0.00010000
2020-10-12T08:00:00.000Z,0.00010000
2020-10-12T16:00:00.011Z,0.00010000
2020-10-13T00:00:00.003Z,0.00021910
2020-10-13T08:00:00.000Z,0.00010000
2020-10-13T16:00:00.001Z,0.00010000
2020-10-14T00:00:00.001Z,0.00010000
2020-10-14T08:00:00.000Z,0.00010000
2020-10-14T16:00:00.001Z,0.00010000
2020-10-15T00:00:00.000Z,0.00010000
2020-10-15T08:00:00.000Z,0.00010000
2020-10-15T16:00:00.000Z,0.00010000
2020-10-16T00:00:00.002Z,0.00010000
2020-10-16T08:00:00.003Z,0.00010000
2020-10-16T16:00:00.000Z,0.00010000
2020-10-17T00:00:00.006Z,0.00010000
2020-10-17T08:00:00.007Z,0.00010000
2020-10-17T16:00:00.009Z,0.00010000
2020-10-18T00:00:00.006Z,0.00010000
2020-10-18T08:00:00.000Z,0.00010000
2020-10-18T16:00:00.000Z,0.00010000
2020-10-19T00:00:00.000Z,0.00010000
2020-10-19T08:00:00.000Z,0.00010000
2020-10-19T16:00:00.000Z,0.00010000
2020-10-20T00:00:00.015Z,0.00011516
2020-10-20T08:00:00.000Z,0.00037754
2020-10-20T16:00:00.008Z,0.00010000
2020-10-21T00:00:00.009Z,0.00010000
2020-10-21T08:00:00.004Z,0.00031887
2020-10-21T16:00:00.000Z,0.00050823
2020-10-22T00:00:00.000Z,0.00083557
2020-10-22T08:00:00.000Z,0.00052961
2020-10-22T16:00:00.004Z,0.00074052
2020-10-23T00:00:00.007Z,0.00052590
2020-10-23T08:00:00.000Z,0.00033468
2020-10-23T16:00:00.000Z,0.00024975
2020-10-24T00:00:00.000Z,0.00051273
2020-10-24T08:00:00.000Z,0.00042291
2020-10-24T16:00:00.008Z,0.00034696
2020-10-25T00:00:00.005Z,0.00039795
2020-10-25T08:00:00.014Z,0.00010000
2020-10-25T16:00:00.000Z,0.00010000
2020-10-26T00:00:00.004Z,0.00010000
2020-10-26T08:00:00.000Z,0.00010000
2020-10-26T16:00:00.000Z,0.00021330
2020-10-27T00:00:00.000Z,0.00010000
2020-10-27T08:00:00.000Z,0.00010000
2020-10-27T16:00:00.000Z,0.00018409
2020-10-28T00:00:00.000Z,0.00015253
2020-10-28T08:00:00.006Z,0.00010000
2020-10-28T16:00:00.001Z,0.00010000
2020-10-29T00:00:00.000Z,0.00010000
2020-10-29T08:00:00.000Z,0.00010000
2020-10-29T16:00:00.000Z,0.00010000
2020-10-30T00:00:00.000Z,0.00010000
2020-10-30T08:00:00.002Z,0.00010000
2020-10-30T16:00:00.002Z,0.00010000
2020-10-31T00:00:00.003Z,0.00010000
2020-10-31T08:00:00.000Z,0.00010000
2020-10-31T16:00:00.000Z,0.00010000
2020-11-01T00:00:00.000Z,0.00010000
2020-11-01T08:00:00.000Z,0.00010000
2020-11-01T16:00:00.000Z,0.00010000
2020-11-02T00:00:00.000Z,0.00010000
2020-11-02T08:00:00.010Z,0.00030095
2020-11-02T16:00:00.000Z,0.00010000
2020-11-03T00:00:00.000Z,0.00010000
2020-11-03T08:00:00.004Z,0.00010000
2020-11-03T16:00:00.009Z,0.00010000
2020-11-04T00:00:00.000Z,0.00010000
2020-11-04T08:00:00.000Z,0.00010000
2020-11-04T16:00:00.005Z,0.00010000
2020-11-05T00:00:00.017Z,0.00076235
2020-11-05T08:00:00.001Z,0.00073669
2020-11-05T16:00:00.000Z,0.00069168
2020-11-06T00:00:00.000Z,0.00035727
2020-11-06T08:00:00.001Z,0.00075470
2020-11-06T16:00:00.001Z,0.00073654
2020-11-07T00:00:00.001Z,0.00048047
2020-11-07T08:00:00.000Z,0.00103009
2020-11-07T16:00:00.006Z,0.00058950
2020-11-08T00:00:00.000Z,0.00021269
2020-11-08T08:00:00.000Z,0.00034732
2020-11-08T16:00:00.000Z,0.00058594
2020-11-09T00:00:00.007Z,0.00050128
2020-11-09T08:00:00.001Z,0.00025588
2020-11-09T16:00:00.002Z,0.00028775
2020-11-10T00:00:00.003Z,0.00016695
2020-11-10T08:00:00.011Z,0.00033730
2020-11-10T16:00:00.000Z,0.00036401
2020-11-11T00:00:00.000Z,0.00043021
2020-11-11T08:00:00.009Z,0.00018601
2020-11-11T16:00:00.003Z,0.00041035
2020-11-12T00:00:00.001Z,0.00039191
2020-11-12T08:00:00.001Z,0.00010000
2020-11-12T16:00:00.000Z,0.00010000
2020-11-13T00:00:00.000Z,0.00010000
2020-11-13T08:00:00.000Z,0.00010000
2020-11-13T16:00:00.000Z,0.00051032
2020-11-14T00:00:00.005Z,0.00058724
2020-11-14T08:00:00.004Z,0.00011914
2020-11-14T16:00:00.001Z,0.00010000
2020-11-15T00:00:00.001Z,0.00010000
2020-11-15T08:00:00.000Z,0.00010000
2020-11-15T16:00:00.003Z,0.00010000
2020-11-16T00:00:00.000Z,0.00010000
2020-11-16T08:00:00.010Z,0.00010000
2020-11-16T16:00:00.001Z,0.00010000
2020-11-17T00:00:00.002Z,0.00010000
2020-11-17T08:00:00.003Z,0.00024182
2020-11-17T16:00:00.003Z,0.00037880
2020-11-18T00:00:00.005Z,0.00089819
2020-11-18T08:00:00.006Z,0.00037818
2020-11-18T16:00:00.000Z,0.00010000
2020-11-19T00:00:00.008Z,0.00010000
2020-11-19T08:00:00.000Z,0.00014096
2020-11-19T16:00:00.001Z,0.00038994
2020-11-20T00:00:00.003Z,0.00016511
2020-11-20T08:00:00.005Z,0.00078136
2020-11-20T16:00:00.000Z,0.00079930
2020-11-21T00:00:00.000Z,0.00011376
2020-11-21T08:00:00.000Z,0.00012145
2020-11-21T16:00:00.001Z,0.00075533
2020-11-22T00:00:00.005Z,0.00080539
2020-11-22T08:00:00.000Z,0.00085010
2020-11-22T16:00:00.000Z,0.00073816
2020-11-23T00:00:00.005Z,0.00158187
2020-11-23T08:00:00.000Z,0.00114125
2020-11-23T16:00:00.003Z,0.00085758
2020-11-24T00:00:00.000Z,0.00064276
2020-11-24T08:00:00.000Z,0.00091981
2020-11-24T16:00:00.005Z,0.00116688
2020-11-25T00:00:00.005Z,0.00073994
2020-11-25T08:00:00.005Z,0.00053128
2020-11-25T16:00:00.015Z,0.00116534
2020-11-26T00:00:00.012Z,0.00048837
2020-11-26T08:00:00.002Z,0.00010000
2020-11-26T16:00:00.001Z,0.00013275
2020-11-27T00:00:00.001Z,0.00024750
2020-11-27T08:00:00.000Z,0.00010000
2020-11-27T16:00:00.007Z,0.00010000
2020-11-28T00:00:00.007Z,0.00010000
2020-11-28T08:00:00.012Z,0.00010000
2020-11-28T16:00:00.000Z,0.00010000
2020-11-29T00:00:00.007Z,0.00010000
2020-11-29T08:00:00.000Z,0.00010000
2020-11-29T16:00:00.000Z,0.00010000
2020-11-30T00:00:00.004Z,0.00010000
2020-11-30T08:00:00.007Z,0.00036965
2020-11-30T16:00:00.000Z,0.00090116
2020-12-01T00:00:00.000Z,0.00039869
2020-12-01T08:00:00.003Z,0.00058752
2020-12-01T16:00:00.000Z,0.00031592
2020-12-02T00:00:00.001Z,0.00019429
2020-12-02T08:00:00.011Z,0.00045805
2020-12-02T16:00:00.005Z,0.00010000
2020-12-03T00:00:00.001Z,0.00010000
2020-12-03T08:00:00.031Z,0.00010000
2020-12-03T16:00:00.000Z,0.00077331
2020-12-04T00:00:00.006Z,0.00037142
2020-12-04T08:00:00.009Z,0.00015116
2020-12-04T16:00:00.000Z,0.00010000
2020-12-05T00:00:00.000Z,0.00027833
2020-12-05T08:00:00.000Z,0.00010000
2020-12-05T16:00:00.000Z,0.00016022
2020-12-06T00:00:00.004Z,0.00010000
2020-12-06T08:00:00.000Z,0.00010000
2020-12-06T16:00:00.001Z,0.00010000
2020-12-07T00:00:00.000Z,0.00010000
2020-12-07T08:00:00.008Z,0.00010000
2020-12-07T16:00:00.000Z,0.00010000
2020-12-08T00:00:00.003Z,0.00029366
2020-12-08T08:00:00.003Z,0.00017744
2020-12-08T16:00:00.033Z,0.00010000
2020-12-09T00:00:00.000Z,0.00013842
2020-12-09T08:00:00.010Z,0.00010000
2020-12-09T16:00:00.000Z,0.00010000
2020-12-10T00:00:00.000Z,0.00010000
2020-12-10T08:00:00.000Z,0.00010000
2020-12-10T16:00:00.007Z,0.00010000
2020-12-11T00:00:00.000Z,0.00017393
2020-12-11T08:00:00.016Z,0.00012389
2020-12-11T16:00:00.010Z,0.00010000
2020-12-12T00:00:00.009Z,0.00010000
2020-12-12T08:00:00.002Z,0.00010000
2020-12-12T16:00:00.000Z,0.00010000
2020-12-13T00:00:00.007Z,0.00010000
2020-12-13T08:00:00.000Z,0.00010000
2020-12-13T16:00:00.000Z,0.00010000
2020-12-14T00:00:00.000Z,0.00010000
2020-12-14T08:00:00.000Z,0.00010000
2020-12-14T16:00:00.000Z,0.00010000
2020-12-15T00:00:00.006Z,0.00010000
2020-12-15T08:00:00.001Z,0.00010000
2020-12-15T16:00:00.000Z,0.00010000
2020-12-16T00:00:00.001Z,0.00010000
2020-12-16T08:00:00.000Z,0.00010000
2020-12-16T16:00:00.000Z,0.00102460
2020-12-17T00:00:00.000Z,0.00050069
2020-12-17T08:00:00.000Z,0.00073138
2020-12-17T16:00:00.011Z,0.00133961
2020-12-18T00:00:00.000Z,0.00026396
2020-12-18T08:00:00.000Z,0.00050887
2020-12-18T16:00:00.000Z,0.00061589
2020-12-19T00:00:00.000Z,0.00064688
2020-12-19T08:00:00.018Z,0.00052066
2020-12-19T16:00:00.000Z,0.00088042
2020-12-20T00:00:00.001Z,0.00072872
2020-12-20T08:00:00.011Z,0.00030872
2020-12-20T16:00:00.023Z,0.00058382
2020-12-21T00:00:00.011Z,0.00019993
2020-12-21T08:00:00.000Z,0.00041128
2020-12-21T16:00:00.000Z,0.00017551
2020-12-22T00:00:00.001Z,0.00013065
2020-12-22T08:00:00.006Z,0.00012634
2020-12-22T16:00:00.000Z,0.00010000
2020-12-23T00:00:00.000Z,0.00033124
2020-12-23T08:00:00.000Z,0.00019732
2020-12-23T16:00:00.000Z,0.00010000
2020-12-24T00:00:00.012Z,0.00010000
2020-12-24T08:00:00.009Z,0.00010000
2020-12-24T16:00:00.001Z,0.00010000
2020-12-25T00:00:00.000Z,0.00010000
2020-12-25T08:00:00.000Z,0.00010000
2020-12-25T16:00:00.000Z,0.00010889
2020-12-26T00:00:00.009Z,0.00010000
2020-12-26T08:00:00.001Z,0.00010000
2020-12-26T16:00:00.006Z,0.00010000
2020-12-27T00:00:00.000Z,0.00037063
2020-12-27T08:00:00.000Z,0.00049062
2020-12-27T16:00:00.001Z,0.00068798
2020-12-28T00:00:00.015Z,0.00067850
2020-12-28T08:00:00.019Z,0.00096296
2020-12-28T16:00:00.000Z,0.00077510
2020-12-29T00:00:00.004Z,0.00063783
2020-12-29T08:00:00.003Z,0.00076943
2020-12-29T16:00:00.000Z,0.00062907
2020-12-30T00:00:00.001Z,0.00075238
2020-12-30T08:00:00.001Z,0.00090448
2020-12-30T16:00:00.012Z,0.00055831
2020-12-31T00:00:00.009Z,0.00078059
2020-12-31T08:00:00.000Z,0.00039102
2020-12-31T16:00:00.010Z,0.00034870
2021-01-01T00:00:00.002Z,0.00034491
2021-01-01T08:00:00.006Z,0.00061141
2021-01-01T16:00:00.003Z,0.00056803
2021-01-02T00:00:00.000Z,0.00025572
2021-01-02T08:00:00.000Z,0.00049233
2021-01-02T16:00:00.006Z,0.00109186
2021-01-03T00:00:00.018Z,0.00062004
2021-01-03T08:00:00.000Z,0.00074404
2021-01-03T16:00:00.002Z,0.00171498
2021-01-04T00:00:00.000Z,0.00295549
2021-01-04T08:00:00.000Z,0.00375000
2021-01-04T16:00:00.000Z,0.00085432
2021-01-05T00:00:00.020Z,0.00102541
2021-01-05T08:00:00.003Z,0.00043050
2021-01-05T16:00:00.003Z,0.00102796
2021-01-06T00:00:00.010Z,0.00182180
2021-01-06T08:00:00.003Z,0.00222459
2021-01-06T16:00:00.000Z,0.00253317
2021-01-07T00:00:00.007Z,0.00114512
2021-01-07T08:00:00.000Z,0.00165953
2021-01-07T16:00:00.004Z,0.00176605
2021-01-08T00:00:00.000Z,0.00171757
2021-01-08T08:00:00.000Z,0.00077262
2021-01-08T16:00:00.000Z,0.00137534
2021-01-09T00:00:00.009Z,0.00067690
2021-01-09T08:00:00.004Z,0.00068612
2021-01-09T16:00:00.000Z,0.00156908
2021-01-10T00:00:00.000Z,0.00340522
2021-01-10T08:00:00.005Z,0.00202919
2021-01-10T16:00:00.000Z,0.00126049
2021-01-11T00:00:00.000Z,0.00177547
2021-01-11T08:00:00.012Z,0.00066240
2021-01-11T16:00:00.000Z,0.00039691
2021-01-12T00:00:00.000Z,0.00010000
2021-01-12T08:00:00.000Z,0.00045084
2021-01-12T16:00:00.008Z,0.00058059
2021-01-13T00:00:00.001Z,0.00037339
2021-01-13T08:00:00.000Z,0.00011840
2021-01-13T16:00:00.003Z,0.00040496
2021-01-14T00:00:00.000Z,0.00054804
2021-01-14T08:00:00.012Z,0.00052290
2021-01-14T16:00:00.000Z,0.00071650
2021-01-15T00:00:00.002Z,0.00027278
2021-01-15T08:00:00.000Z,0.00055774
2021-01-15T16:00:00.004Z,0.00087472
2021-01-16T00:00:00.000Z,0.00014675
2021-01-16T08:00:00.008Z,0.00054404
2021-01-16T16:00:00.000Z,0.00152456
2021-01-17T00:00:00.009Z,0.00106467
2021-01-17T08:00:00.000Z,0.00050098
2021-01-17T16:00:00.001Z,0.00051088
2021-01-18T00:00:00.000Z,0.00109082
2021-01-18T08:00:00.004Z,0.00028606
2021-01-18T16:00:00.000Z,0.00109269
2021-01-19T00:00:00.000Z,0.00121462
2021-01-19T08:00:00.005Z,0.00197982
2021-01-19T16:00:00.012Z,0.00199604
2021-01-20T00:00:00.012Z,0.00153883
2021-01-20T08:00:00.001Z,0.00072796
2021-01-20T16:00:00.001Z,0.00048461
2021-01-21T00:00:00.000Z,0.00034937
2021-01-21T08:00:00.000Z,0.00065753
2021-01-21T16:00:00.004Z,0.00037547
2021-01-22T00:00:00.012Z,0.00020251
2021-01-22T08:00:00.003Z,0.00016737
2021-01-22T16:00:00.001Z,0.00010000
2021-01-23T00:00:00.000Z,0.00015431
2021-01-23T08:00:00.002Z,0.00020659
2021-01-23T16:00:00.000Z,0.00028319
2021-01-24T00:00:00.001Z,0.00093097
2021-01-24T08:00:00.011Z,0.00058705
2021-01-24T16:00:00.005Z,0.00094274
2021-01-25T00:00:00.007Z,0.00050723
2021-01-25T08:00:00.012Z,0.00105754
2021-01-25T16:00:00.000Z,0.00093264
2021-01-26T00:00:00.007Z,0.00034093
2021-01-26T08:00:00.000Z,0.00031895
2021-01-26T16:00:00.000Z,0.00010000
2021-01-27T00:00:00.000Z,0.00036342
2021-01-27T08:00:00.011Z,0.00010000
2021-01-27T16:00:00.003Z,0.00010000
2021-01-28T00:00:00.000Z,0.00014794
2021-01-28T08:00:00.000Z,0.00010000
2021-01-28T16:00:00.000Z,0.00056884
2021-01-29T00:00:00.009Z,0.00112844
2021-01-29T08:00:00.000Z,0.00061388
2021-01-29T16:00:00.000Z,0.00241392
2021-01-30T00:00:00.000Z,0.00094051
2021-01-30T08:00:00.000Z,0.00037882
2021-01-30T16:00:00.000Z,0.00072777
2021-01-31T00:00:00.009Z,0.00115111
2021-01-31T08:00:00.000Z,0.00113497
2021-01-31T16:00:00.000Z,0.00072236
2021-02-01T00:00:00.001Z,0.00025014
2021-02-01T08:00:00.014Z,0.00055359
2021-02-01T16:00:00.000Z,0.00061764
2021-02-02T00:00:00.000Z,0.00050304
2021-02-02T08:00:00.006Z,0.00120708
2021-02-02T16:00:00.000Z,0.00165937
2021-02-03T00:00:00.009Z,0.00151935
2021-02-03T08:00:00.006Z,0.00155522
2021-02-03T16:00:00.006Z,0.00167923
2021-02-04T00:00:00.005Z,0.00146092
2021-02-04T08:00:00.000Z,0.00135459
2021-02-04T16:00:00.011Z,0.00145079
2021-02-05T00:00:00.009Z,0.00113736
2021-02-05T08:00:00.004Z,0.00176430
2021-02-05T16:00:00.000Z,0.00155465
2021-02-06T00:00:00.008Z,0.00117123
2021-02-06T08:00:00.009Z,0.00107002
2021-02-06T16:00:00.000Z,0.00143968
2021-02-07T00:00:00.000Z,0.00171115
2021-02-07T08:00:00.005Z,0.00051183
2021-02-07T16:00:00.001Z,0.00065683
2021-02-08T00:00:00.000Z,0.00010000
2021-02-08T08:00:00.001Z,0.00039877
2021-02-08T16:00:00.000Z,0.00284408
2021-02-09T00:00:00.010Z,0.00227548
2021-02-09T08:00:00.006Z,0.00193315
2021-02-09T16:00:00.007Z,0.00143234
2021-02-10T00:00:00.009Z,0.00156788
2021-02-10T08:00:00.014Z,0.00218071
2021-02-10T16:00:00.005Z,0.00085146
2021-02-11T00:00:00.000Z,0.00071884
2021-02-11T08:00:00.000Z,0.00065956
2021-02-11T16:00:00.000Z,0.00180566
2021-02-12T00:00:00.000Z,0.00092117
2021-02-12T08:00:00.000Z,0.00050482
2021-02-12T16:00:00.000Z,0.00153886
2021-02-13T00:00:00.001Z,0.00228313
2021-02-13T08:00:00.003Z,0.00173035
2021-02-13T16:00:00.000Z,0.00094692
2021-02-14T00:00:00.013Z,0.00110785
2021-02-14T08:00:00.000Z,0.00176822
2021-02-14T16:00:00.008Z,0.00124260
2021-02-15T00:00:00.000Z,0.00079460
2021-02-15T08:00:00.006Z,0.00013827
2021-02-15T16:00:00.000Z,0.00081146
2021-02-16T00:00:00.001Z,0.00104485
2021-02-16T08:00:00.000Z,0.00112937
2021-02-16T16:00:00.010Z,0.00114441
2021-02-17T00:00:00.005Z,0.00092761
2021-02-17T08:00:00.010Z,0.00106083
2021-02-17T16:00:00.008Z,0.00232282
2021-02-18T00:00:00.012Z,0.00194950
2021-02-18T08:00:00.000Z,0.00202078
2021-02-18T16:00:00.009Z,0.00118984
2021-02-19T00:00:00.010Z,0.00082051
2021-02-19T08:00:00.002Z,0.00139773
2021-02-19T16:00:00.008Z,0.00169023
2021-02-20T00:00:00.000Z,0.00196264
2021-02-20T08:00:00.009Z,0.00189841
2021-02-20T16:00:00.000Z,0.00185880
2021-02-21T00:00:00.007Z,0.00051516
2021-02-21T08:00:00.012Z,0.00043550
2021-02-21T16:00:00.001Z,0.00107233
2021-02-22T00:00:00.006Z,0.00077647
2021-02-22T08:00:00.002Z,0.00047334
2021-02-22T16:00:00.000Z,0.00034567
2021-02-23T00:00:00.000Z,0.00010000
2021-02-23T08:00:00.006Z,0.00026168
2021-02-23T16:00:00.000Z,0.00010000
2021-02-24T00:00:00.012Z,0.00013438
2021-02-24T08:00:00.016Z,0.00039328
2021-02-24T16:00:00.011Z,0.00028758
2021-02-25T00:00:00.007Z,0.00046770
2021-02-25T08:00:00.000Z,0.00016178
2021-02-25T16:00:00.010Z,0.00010000
2021-02-26T00:00:00.000Z,0.00010000
2021-02-26T08:00:00.025Z,0.00014852
2021-02-26T16:00:00.010Z,0.00037736
2021-02-27T00:00:00.001Z,0.00018181
2021-02-27T08:00:00.000Z,0.00061960
2021-02-27T16:00:00.000Z,0.00010000
2021-02-28T00:00:00.021Z,0.00010000
2021-02-28T08:00:00.009Z,0.00010000
2021-02-28T16:00:00.000Z,0.00010000
2021-03-01T00:00:00.000Z,0.00010000
2021-03-01T08:00:00.003Z,0.00033427
2021-03-01T16:00:00.001Z,0.00049119
2021-03-02T00:00:00.000Z,0.00049538
2021-03-02T08:00:00.000Z,0.00035713
2021-03-02T16:00:00.004Z,0.00039154
2021-03-03T00:00:00.000Z,0.00010000
2021-03-03T08:00:00.016Z,0.00010000
2021-03-03T16:00:00.000Z,0.00087091
2021-03-04T00:00:00.000Z,0.00047552
2021-03-04T08:00:00.015Z,0.00015927
2021-03-04T16:00:00.001Z,0.00033061
2021-03-05T00:00:00.000Z,0.00024885
2021-03-05T08:00:00.002Z,0.00022561
2021-03-05T16:00:00.008Z,0.00010000
2021-03-06T00:00:00.000Z,0.00031476
2021-03-06T08:00:00.000Z,0.00057512
2021-03-06T16:00:00.000Z,0.00032891
2021-03-07T00:00:00.006Z,0.00066496
2021-03-07T08:00:00.005Z,0.00023263
2021-03-07T16:00:00.008Z,0.00056927
2021-03-08T00:00:00.000Z,0.00011144
2021-03-08T08:00:00.000Z,0.00045102
2021-03-08T16:00:00.006Z,0.00056057
2021-03-09T00:00:00.000Z,0.00014784
2021-03-09T08:00:00.000Z,0.00085203
2021-03-09T16:00:00.000Z,0.00101744
2021-03-10T00:00:00.009Z,0.00058485
2021-03-10T08:00:00.006Z,0.00051290
2021-03-10T16:00:00.008Z,0.00105856
2021-03-11T00:00:00.000Z,0.00079368
2021-03-11T08:00:00.000Z,0.00034874
2021-03-11T16:00:00.014Z,0.00080049
2021-03-12T00:00:00.002Z,0.00132622
2021-03-12T08:00:00.005Z,0.00072213
2021-03-12T16:00:00.011Z,0.00034512
2021-03-13T00:00:00.000Z,0.00030351
2021-03-13T08:00:00.002Z,0.00039972
2021-03-13T16:00:00.000Z,0.00155198
2021-03-14T00:00:00.011Z,0.00113056
2021-03-14T08:00:00.000Z,0.00104800
2021-03-14T16:00:00.000Z,0.00113023
2021-03-15T00:00:00.012Z,0.00077413
2021-03-15T08:00:00.016Z,0.00081452
2021-03-15T16:00:00.030Z,0.00013021
2021-03-16T00:00:00.005Z,0.00010000
2021-03-16T08:00:00.008Z,0.00045668
2021-03-16T16:00:00.012Z,0.00039653
2021-03-17T00:00:00.010Z,0.00064671
2021-03-17T08:00:00.000Z,0.00034812
2021-03-17T16:00:00.009Z,0.00031521
2021-03-18T00:00:00.001Z,0.00099682
2021-03-18T08:00:00.000Z,0.00067631
2021-03-18T16:00:00.000Z,0.00038027
2021-03-19T00:00:00.011Z,0.00010000
2021-03-19T08:00:00.001Z,0.00010000
2021-03-19T16:00:00.000Z,0.00037762
2021-03-20T00:00:00.000Z,0.00061811
2021-03-20T08:00:00.000Z,0.00051100
2021-03-20T16:00:00.007Z,0.00102646
2021-03-21T00:00:00.000Z,0.00068264
2021-03-21T08:00:00.000Z,0.00010000
2021-03-21T16:00:00.000Z,0.00019064
2021-03-22T00:00:00.007Z,0.00053821
2021-03-22T08:00:00.001Z,0.00042754
2021-03-22T16:00:00.000Z,0.00044797
2021-03-23T00:00:00.000Z,0.00010000
2021-03-23T08:00:00.010Z,0.00019899
2021-03-23T16:00:00.023Z,0.00033090
2021-03-24T00:00:00.002Z,0.00050608
2021-03-24T08:00:00.000Z,0.00010655
2021-03-24T16:00:00.000Z,0.00041690
2021-03-25T00:00:00.000Z,0.00010000
2021-03-25T08:00:00.000Z,0.00010000
2021-03-25T16:00:00.000Z,0.00035938
2021-03-26T00:00:00.008Z,0.00042431
2021-03-26T08:00:00.000Z,0.00010000
2021-03-26T16:00:00.012Z,0.00010000
2021-03-27T00:00:00.018Z,0.00010000
2021-03-27T08:00:00.000Z,0.00015922
2021-03-27T16:00:00.001Z,0.00034067
2021-03-28T00:00:00.000Z,0.00025751
2021-03-28T08:00:00.000Z,0.00029541
2021-03-28T16:00:00.005Z,0.00031424
2021-03-29T00:00:00.003Z,0.00022015
2021-03-29T08:00:00.000Z,0.00043803
2021-03-29T16:00:00.000Z,0.00084253
2021-03-30T00:00:00.018Z,0.00074011
2021-03-30T08:00:00.012Z,0.00056645
2021-03-30T16:00:00.001Z,0.00036654
2021-03-31T00:00:00.000Z,0.00076506
2021-03-31T08:00:00.000Z,0.00107130
2021-03-31T16:00:00.000Z,0.00038554
2021-04-01T00:00:00.025Z,0.00156864
2021-04-01T08:00:00.011Z,0.00109222
2021-04-01T16:00:00.004Z,0.00064672
2021-04-02T00:00:00.000Z,0.00050452
2021-04-02T08:00:00.000Z,0.00121799
2021-04-02T16:00:00.000Z,0.00116568
2021-04-03T00:00:00.003Z,0.00082856
2021-04-03T08:00:00.000Z,0.00143194
2021-04-03T16:00:00.000Z,0.00086456
2021-04-04T00:00:00.000Z,0.00060523
2021-04-04T08:00:00.000Z,0.00106146
2021-04-04T16:00:00.016Z,0.00038114
2021-04-05T00:00:00.000Z,0.00072788
2021-04-05T08:00:00.001Z,0.00074688
2021-04-05T16:00:00.001Z,0.00085226
2021-04-06T00:00:00.010Z,0.00161366
2021-04-06T08:00:00.000Z,0.00064189
2021-04-06T16:00:00.003Z,0.00061542
2021-04-07T00:00:00.000Z,0.00049128
2021-04-07T08:00:00.006Z,0.00069613
2021-04-07T16:00:00.004Z,0.00032907
2021-04-08T00:00:00.013Z,0.00021468
2021-04-08T08:00:00.003Z,0.00026979
2021-04-08T16:00:00.005Z,0.00031551
2021-04-09T00:00:00.000Z,0.00038906
2021-04-09T08:00:00.004Z,0.00043318
2021-04-09T16:00:00.004Z,0.00064034
2021-04-10T00:00:00.011Z,0.00010000
2021-04-10T08:00:00.005Z,0.00209663
2021-04-10T16:00:00.000Z,0.00120257
2021-04-11T00:00:00.004Z,0.00055892
2021-04-11T08:00:00.000Z,0.00086343
2021-04-11T16:00:00.000Z,0.00091114
2021-04-12T00:00:00.001Z,0.00099657
2021-04-12T08:00:00.001Z,0.00164512
2021-04-12T16:00:00.008Z,0.00067862
2021-04-13T00:00:00.003Z,0.00047138
2021-04-13T08:00:00.008Z,0.00117821
2021-04-13T16:00:00.008Z,0.00167603
2021-04-14T00:00:00.008Z,0.00152762
2021-04-14T08:00:00.000Z,0.00203587
2021-04-14T16:00:00.012Z,0.00095658
2021-04-15T00:00:00.006Z,0.00113562
2021-04-15T08:00:00.000Z,0.00110097
2021-04-15T16:00:00.008Z,0.00104862
2021-04-16T00:00:00.008Z,0.00146805
2021-04-16T08:00:00.000Z,0.00135711
2021-04-16T16:00:00.002Z,0.00108120
2021-04-17T00:00:00.008Z,0.00076639
2021-04-17T08:00:00.000Z,0.00098330
2021-04-17T16:00:00.001Z,0.00063599
2021-04-18T00:00:00.006Z,0.00052118
2021-04-18T08:00:00.004Z,0.00022241
2021-04-18T16:00:00.000Z,0.00044396
2021-04-19T00:00:00.000Z,0.00010000
2021-04-19T08:00:00.000Z,0.00010000
2021-04-19T16:00:00.009Z,0.00051920
2021-04-20T00:00:00.004Z,0.00010000
2021-04-20T08:00:00.000Z,0.00021279
2021-04-20T16:00:00.001Z,0.00010000
2021-04-21T00:00:00.013Z,0.00010000
2021-04-21T08:00:00.001Z,0.00010000
2021-04-21T16:00:00.002Z,0.00010000
2021-04-22T00:00:00.000Z,0.00023315
2021-04-22T08:00:00.000Z,0.00011151
2021-04-22T16:00:00.001Z,0.00010000
2021-04-23T00:00:00.002Z,0.00038980
2021-04-23T08:00:00.009Z,0.00041263
2021-04-23T16:00:00.001Z,0.00010000
2021-04-24T00:00:00.019Z,0.00010335
2021-04-24T08:00:00.001Z,0.00030056
2021-04-24T16:00:00.011Z,0.00010000
2021-04-25T00:00:00.000Z,0.00010000
2021-04-25T08:00:00.010Z,0.00010000
2021-04-25T16:00:00.000Z,0.00010000
2021-04-26T00:00:00.003Z,0.00010000
2021-04-26T08:00:00.002Z,0.00010000
2021-04-26T16:00:00.004Z,0.00010000
2021-04-27T00:00:00.000Z,0.00010000
2021-04-27T08:00:00.000Z,0.00010000
2021-04-27T16:00:00.009Z,0.00040663
2021-04-28T00:00:00.000Z,0.00034144
2021-04-28T08:00:00.000Z,0.00019211
2021-04-28T16:00:00.001Z,0.00010000
2021-04-29T00:00:00.004Z,0.00010000
2021-04-29T08:00:00.013Z,0.00010000
2021-04-29T16:00:00.003Z,0.00010000
2021-04-30T00:00:00.004Z,0.00014665
2021-04-30T08:00:00.019Z,0.00011668
2021-04-30T16:00:00.003Z,0.00051157
2021-05-01T00:00:00.002Z,0.00010000
2021-05-01T08:00:00.006Z,0.00035155
2021-05-01T16:00:00.000Z,0.00012262
2021-05-02T00:00:00.010Z,0.00023451
2021-05-02T08:00:00.011Z,0.00039722
2021-05-02T16:00:00.007Z,0.00010000
2021-05-03T00:00:00.003Z,0.00010000
2021-05-03T08:00:00.000Z,0.00010000
2021-05-03T16:00:00.043Z,0.00061627
2021-05-04T00:00:00.004Z,0.00031687
2021-05-04T08:00:00.003Z,0.00070707
2021-05-04T16:00:00.011Z,0.00071637
2021-05-05T00:00:00.001Z,0.00038408
2021-05-05T08:00:00.007Z,0.00078274
2021-05-05T16:00:00.001Z,0.00087977
2021-05-06T00:00:00.003Z,0.00068239
2021-05-06T08:00:00.001Z,0.00066648
2021-05-06T16:00:00.000Z,0.00110886
2021-05-07T00:00:00.000Z,0.00026032
2021-05-07T08:00:00.000Z,0.00049147
2021-05-07T16:00:00.001Z,0.00038025
2021-05-08T00:00:00.006Z,0.00047199
2021-05-08T08:00:00.000Z,0.00070136
2021-05-08T16:00:00.000Z,0.00030149
2021-05-09T00:00:00.005Z,0.00058991
2021-05-09T08:00:00.016Z,0.00041522
2021-05-09T16:00:00.000Z,0.00054148
2021-05-10T00:00:00.004Z,0.00068787
2021-05-10T08:00:00.000Z,0.00066380
2021-05-10T16:00:00.013Z,0.00075749
2021-05-11T00:00:00.000Z,0.00041169
2021-05-11T08:00:00.000Z,0.00043204
2021-05-11T16:00:00.002Z,0.00029649
2021-05-12T00:00:00.004Z,0.00010000
2021-05-12T08:00:00.007Z,0.00047462
2021-05-12T16:00:00.012Z,0.00054381
2021-05-13T00:00:00.016Z,0.00040983
2021-05-13T08:00:00.000Z,0.00014687
2021-05-13T16:00:00.008Z,0.00010000
2021-05-14T00:00:00.007Z,0.00010000
2021-05-14T08:00:00.001Z,0.00010000
2021-05-14T16:00:00.004Z,0.00010000
2021-05-15T00:00:00.022Z,0.00038785
2021-05-15T08:00:00.014Z,0.00052101
2021-05-15T16:00:00.002Z,0.00046056
2021-05-16T00:00:00.000Z,0.00030702
2021-05-16T08:00:00.003Z,0.00013134
2021-05-16T16:00:00.002Z,0.00018829
2021-05-17T00:00:00.005Z,0.00015608
2021-05-17T08:00:00.001Z,0.00033500
2021-05-17T16:00:00.000Z,0.00070010
2021-05-18T00:00:00.019Z,0.00018459
2021-05-18T08:00:00.001Z,0.00010000
2021-05-18T16:00:00.006Z,0.00061460
2021-05-19T00:00:00.000Z,0.00010000
2021-05-19T08:00:00.003Z,0.00053311
2021-05-19T16:00:00.018Z,-0.00356332
2021-05-20T00:00:00.005Z,0.00011828
2021-05-20T08:00:00.000Z,0.00010000
2021-05-20T16:00:00.005Z,0.00010000
2021-05-21T00:00:00.000Z,0.00010000
2021-05-21T08:00:00.000Z,0.00010000
2021-05-21T16:00:00.001Z,0.00010000
2021-05-22T00:00:00.001Z,0.00010000
2021-05-22T08:00:00.002Z,0.00010000
2021-05-22T16:00:00.005Z,0.00010000
2021-05-23T00:00:00.006Z,0.00010000
2021-05-23T08:00:00.004Z,0.00010000
2021-05-23T16:00:00.002Z,0.00010000
2021-05-24T00:00:00.007Z,0.00010000
2021-05-24T08:00:00.005Z,0.00010000
2021-05-24T16:00:00.005Z,0.00010000
2021-05-25T00:00:00.000Z,0.00010000
2021-05-25T08:00:00.014Z,0.00010000
2021-05-25T16:00:00.000Z,0.00010000
2021-05-26T00:00:00.022Z,0.00010000
2021-05-26T08:00:00.018Z,0.00010000
2021-05-26T16:00:00.004Z,0.00010000
2021-05-27T00:00:00.000Z,0.00010000
2021-05-27T08:00:00.017Z,0.00010000
2021-05-27T16:00:00.000Z,0.00010000
2021-05-28T00:00:00.005Z,0.00010000
2021-05-28T08:00:00.009Z,0.00010000
2021-05-28T16:00:00.000Z,0.00010000
2021-05-29T00:00:00.006Z,0.00010000
2021-05-29T08:00:00.000Z,0.00010000
2021-05-29T16:00:00.000Z,0.00010000
2021-05-30T00:00:00.003Z,0.00010000
2021-05-30T08:00:00.004Z,0.00010000
2021-05-30T16:00:00.018Z,0.00010000
2021-05-31T00:00:00.002Z,0.00010000
2021-05-31T08:00:00.000Z,0.00010000
2021-05-31T16:00:00.000Z,0.00010000
2021-06-01T00:00:00.001Z,0.00010000
2021-06-01T08:00:00.010Z,0.00010000
2021-06-01T16:00:00.010Z,0.00010000
2021-06-02T00:00:00.008Z,0.00010000
2021-06-02T08:00:00.000Z,0.00010000
2021-06-02T16:00:00.007Z,0.00010000
2021-06-03T00:00:00.019Z,0.00010000
2021-06-03T08:00:00.002Z,0.00010000
2021-06-03T16:00:00.003Z,0.00010000
2021-06-04T00:00:00.003Z,0.00010000
2021-06-04T08:00:00.006Z,0.00010000
2021-06-04T16:00:00.002Z,0.00010000
2021-06-05T00:00:00.000Z,0.00010000
2021-06-05T08:00:00.004Z,0.00010000
2021-06-05T16:00:00.020Z,0.00010000
2021-06-06T00:00:00.000Z,0.00010000
2021-06-06T08:00:00.004Z,0.00010000
2021-06-06T16:00:00.000Z,0.00010000
2021-06-07T00:00:00.007Z,0.00010000
2021-06-07T08:00:00.007Z,0.00010000
2021-06-07T16:00:00.003Z,0.00010000
2021-06-08T00:00:00.000Z,0.00010000
2021-06-08T08:00:00.000Z,0.00010000
2021-06-08T16:00:00.002Z,0.00010000
2021-06-09T00:00:00.009Z,0.00010000
2021-06-09T08:00:00.002Z,0.00010000
2021-06-09T16:00:00.000Z,0.00010000
2021-06-10T00:00:00.007Z,0.00010000
2021-06-10T08:00:00.003Z,0.00010000
2021-06-10T16:00:00.000Z,0.00010000
2021-06-11T00:00:00.010Z,0.00010000
2021-06-11T08:00:00.007Z,0.00010000
2021-06-11T16:00:00.006Z,0.00008683
2021-06-12T00:00:00.005Z,0.00010000
2021-06-12T08:00:00.000Z,0.00010000
2021-06-12T16:00:00.018Z,0.00010000
2021-06-13T00:00:00.002Z,0.00010000
2021-06-13T08:00:00.000Z,0.00010000
2021-06-13T16:00:00.003Z,0.00010000
2021-06-14T00:00:00.000Z,0.00010000
2021-06-14T08:00:00.015Z,0.00010000
2021-06-14T16:00:00.000Z,0.00003785
2021-06-15T00:00:00.000Z,0.00010000
2021-06-15T08:00:00.000Z,0.00010000
2021-06-15T16:00:00.004Z,0.00010000
2021-06-16T00:00:00.004Z,0.00010000
2021-06-16T08:00:00.001Z,0.00010000
2021-06-16T16:00:00.000Z,0.00010000
2021-06-17T00:00:00.004Z,0.00010000
2021-06-17T08:00:00.000Z,0.00010000
2021-06-17T16:00:00.002Z,0.00010000
2021-06-18T00:00:00.009Z,-0.00000578
2021-06-18T08:00:00.014Z,0.00009549
2021-06-18T16:00:00.007Z,0.00010000
2021-06-19T00:00:00.003Z,-0.00018201
2021-06-19T08:00:00.001Z,-0.00000178
2021-06-19T16:00:00.000Z,0.00010000
2021-06-20T00:00:00.005Z,0.00004657
2021-06-20T08:00:00.000Z,0.00000741
2021-06-20T16:00:00.002Z,-0.00024432
2021-06-21T00:00:00.019Z,0.00004439
2021-06-21T08:00:00.000Z,-0.00007382
2021-06-21T16:00:00.024Z,-0.00007303
2021-06-22T00:00:00.008Z,0.00010000
2021-06-22T08:00:00.009Z,0.00004434
2021-06-22T16:00:00.001Z,-0.00000759
2021-06-23T00:00:00.003Z,0.00004046
2021-06-23T08:00:00.000Z,-0.00009115
2021-06-23T16:00:00.000Z,-0.00006683
2021-06-24T00:00:00.009Z,-0.00004432
2021-06-24T08:00:00.018Z,0.00010000
2021-06-24T16:00:00.001Z,0.00010000
2021-06-25T00:00:00.009Z,0.00010000
2021-06-25T08:00:00.004Z,0.00010000
2021-06-25T16:00:00.000Z,0.00007207
2021-06-26T00:00:00.007Z,0.00004234
2021-06-26T08:00:00.000Z,-0.00005794
2021-06-26T16:00:00.002Z,-0.00014961
2021-06-27T00:00:00.005Z,-0.00006018
2021-06-27T08:00:00.010Z,-0.00027281
2021-06-27T16:00:00.001Z,-0.00013791
2021-06-28T00:00:00.025Z,-0.00004311
2021-06-28T08:00:00.017Z,0.00010000
2021-06-28T16:00:00.007Z,-0.00002358
2021-06-29T00:00:00.008Z,0.00008669
2021-06-29T08:00:00.000Z,0.00006012
2021-06-29T16:00:00.000Z,-0.00011947
2021-06-30T00:00:00.011Z,0.00010000
2021-06-30T08:00:00.044Z,0.00010000
2021-06-30T16:00:00.005Z,0.00010000
2021-07-01T00:00:00.000Z,0.00010000
2021-07-01T08:00:00.004Z,0.00010000
2021-07-01T16:00:00.028Z,0.00004853
2021-07-02T00:00:00.002Z,-0.00000095
2021-07-02T08:00:00.016Z,-0.00002734
2021-07-02T16:00:00.007Z,-0.00014398
2021-07-03T00:00:00.008Z,0.00007139
2021-07-03T08:00:00.000Z,0.00002925
2021-07-03T16:00:00.004Z,-0.00003943
2021-07-04T00:00:00.012Z,0.00010000
2021-07-04T08:00:00.002Z,0.00010000
2021-07-04T16:00:00.003Z,0.00010000
2021-07-05T00:00:00.004Z,0.00002596
2021-07-05T08:00:00.000Z,0.00010000
2021-07-05T16:00:00.009Z,0.00007226
2021-07-06T00:00:00.008Z,0.00002925
2021-07-06T08:00:00.019Z,-0.00003935
2021-07-06T16:00:00.000Z,0.00009559
2021-07-07T00:00:00.007Z,0.00003679
2021-07-07T08:00:00.001Z,0.00009363
2021-07-07T16:00:00.008Z,0.00010000
2021-07-08T00:00:00.002Z,-0.00001075
2021-07-08T08:00:00.010Z,0.00008639
2021-07-08T16:00:00.003Z,0.00010000
2021-07-09T00:00:00.000Z,0.00010000
2021-07-09T08:00:00.006Z,0.00002471
2021-07-09T16:00:00.000Z,0.00010000
2021-07-10T00:00:00.002Z,0.00010000
2021-07-10T08:00:00.000Z,0.00010000
2021-07-10T16:00:00.001Z,0.00010000
2021-07-11T00:00:00.001Z,0.00010000
2021-07-11T08:00:00.025Z,0.00010000
2021-07-11T16:00:00.006Z,0.00010000
2021-07-12T00:00:00.000Z,0.00010000
2021-07-12T08:00:00.021Z,0.00010000
2021-07-12T16:00:00.000Z,0.00010000
2021-07-13T00:00:00.000Z,0.00010000
2021-07-13T08:00:00.013Z,-0.00001436
2021-07-13T16:00:00.005Z,0.00010000
2021-07-14T00:00:00.000Z,0.00010000
2021-07-14T08:00:00.000Z,0.00010000
2021-07-14T16:00:00.005Z,-0.00001550
2021-07-15T00:00:00.005Z,0.00005808
2021-07-15T08:00:00.001Z,0.00010000
2021-07-15T16:00:00.000Z,0.00009847
2021-07-16T00:00:00.000Z,0.00010000
2021-07-16T08:00:00.000Z,0.00010000
2021-07-16T16:00:00.001Z,0.00006785
2021-07-17T00:00:00.004Z,0.00010000
2021-07-17T08:00:00.009Z,0.00010000
2021-07-17T16:00:00.006Z,0.00005313
2021-07-18T00:00:00.000Z,0.00010000
2021-07-18T08:00:00.001Z,0.00010000
2021-07-18T16:00:00.003Z,0.00010000
2021-07-19T00:00:00.002Z,0.00000198
2021-07-19T08:00:00.006Z,0.00000691
2021-07-19T16:00:00.006Z,0.00000310
2021-07-20T00:00:00.002Z,-0.00002156
2021-07-20T08:00:00.011Z,-0.00041611
2021-07-20T16:00:00.001Z,-0.00005126
2021-07-21T00:00:00.022Z,0.00000165
2021-07-21T08:00:00.000Z,-0.00025489
2021-07-21T16:00:00.018Z,-0.00028858
2021-07-22T00:00:00.002Z,0.00010000
2021-07-22T08:00:00.006Z,0.00010000
2021-07-22T16:00:00.010Z,0.00010000
2021-07-23T00:00:00.013Z,0.00008643
2021-07-23T08:00:00.000Z,0.00010000
2021-07-23T16:00:00.005Z,0.00010000
2021-07-24T00:00:00.000Z,0.00010000
2021-07-24T08:00:00.002Z,0.00010000
2021-07-24T16:00:00.001Z,-0.00002614
2021-07-25T00:00:00.003Z,-0.00001521
2021-07-25T08:00:00.015Z,0.00004969
2021-07-25T16:00:00.000Z,0.00010000
2021-07-26T00:00:00.000Z,0.00010000
2021-07-26T08:00:00.000Z,0.00010000
2021-07-26T16:00:00.000Z,0.00010000
2021-07-27T00:00:00.046Z,0.00010000
2021-07-27T08:00:00.014Z,0.00010000
2021-07-27T16:00:00.007Z,0.00010000
2021-07-28T00:00:00.000Z,0.00010000
2021-07-28T08:00:00.002Z,0.00010000
2021-07-28T16:00:00.005Z,0.00005618
2021-07-29T00:00:00.004Z,0.00005723
2021-07-29T08:00:00.000Z,0.00010000
2021-07-29T16:00:00.007Z,0.00010000
2021-07-30T00:00:00.004Z,0.00010000
2021-07-30T08:00:00.000Z,0.00010000
2021-07-30T16:00:00.000Z,0.00010000
2021-07-31T00:00:00.000Z,0.00010000
2021-07-31T08:00:00.014Z,0.00010000
2021-07-31T16:00:00.003Z,0.00010000
2021-08-01T00:00:00.005Z,0.00010000
2021-08-01T08:00:00.016Z,0.00010000
2021-08-01T16:00:00.001Z,0.00010000
2021-08-02T00:00:00.000Z,0.00010000
2021-08-02T08:00:00.014Z,0.00010000
2021-08-02T16:00:00.021Z,0.00010000
2021-08-03T00:00:00.000Z,0.00010000
2021-08-03T08:00:00.000Z,0.00010000
2021-08-03T16:00:00.009Z,0.00000759
2021-08-04T00:00:00.000Z,0.00000273
2021-08-04T08:00:00.000Z,0.00010000
2021-08-04T16:00:00.003Z,0.00009390
2021-08-05T00:00:00.000Z,0.00010000
2021-08-05T08:00:00.000Z,0.00010000
2021-08-05T16:00:00.001Z,0.00010000
2021-08-06T00:00:00.000Z,0.00010000
2021-08-06T08:00:00.004Z,0.00010000
2021-08-06T16:00:00.003Z,0.00010000
2021-08-07T00:00:00.015Z,0.00010000
2021-08-07T08:00:00.001Z,0.00010000
2021-08-07T16:00:00.002Z,0.00018202
2021-08-08T00:00:00.000Z,0.00013627
2021-08-08T08:00:00.002Z,0.00010000
2021-08-08T16:00:00.018Z,0.00010000
2021-08-09T00:00:00.000Z,0.00014093
2021-08-09T08:00:00.000Z,0.00021302
2021-08-09T16:00:00.002Z,0.00010000
2021-08-10T00:00:00.000Z,0.00045734
2021-08-10T08:00:00.003Z,0.00010000
2021-08-10T16:00:00.000Z,0.00010000
2021-08-11T00:00:00.006Z,0.00043227
2021-08-11T08:00:00.003Z,0.00025633
2021-08-11T16:00:00.000Z,0.00010000
2021-08-12T00:00:00.013Z,0.00010000
2021-08-12T08:00:00.001Z,0.00013710
2021-08-12T16:00:00.000Z,0.00018477
2021-08-13T00:00:00.000Z,0.00010000
2021-08-13T08:00:00.000Z,0.00010000
2021-08-13T16:00:00.002Z,0.00042196
2021-08-14T00:00:00.006Z,0.00010000
2021-08-14T08:00:00.000Z,0.00025028
2021-08-14T16:00:00.000Z,0.00051663
2021-08-15T00:00:00.003Z,0.00037689
2021-08-15T08:00:00.000Z,0.00015074
2021-08-15T16:00:00.007Z,0.00010000
2021-08-16T00:00:00.012Z,0.00025793
2021-08-16T08:00:00.003Z,0.00010000
2021-08-16T16:00:00.010Z,0.00010000
2021-08-17T00:00:00.018Z,0.00010000
2021-08-17T08:00:00.015Z,0.00010000
2021-08-17T16:00:00.006Z,0.00010000
2021-08-18T00:00:00.000Z,0.00010000
2021-08-18T08:00:00.000Z,0.00010000
2021-08-18T16:00:00.011Z,0.00010000
2021-08-19T00:00:00.000Z,0.00010000
2021-08-19T08:00:00.014Z,0.00010000
2021-08-19T16:00:00.000Z,0.00010000
2021-08-20T00:00:00.000Z,0.00023469
2021-08-20T08:00:00.001Z,0.00015342
2021-08-20T16:00:00.001Z,0.00036239
2021-08-21T00:00:00.005Z,0.00010000
2021-08-21T08:00:00.001Z,0.00010000
2021-08-21T16:00:00.000Z,0.00036746
2021-08-22T00:00:00.005Z,0.00022660
2021-08-22T08:00:00.007Z,0.00018006
2021-08-22T16:00:00.002Z,0.00010000
2021-08-23T00:00:00.003Z,0.00010000
2021-08-23T08:00:00.005Z,0.00113675
2021-08-23T16:00:00.002Z,0.00035008
2021-08-24T00:00:00.006Z,0.00032752
2021-08-24T08:00:00.004Z,0.00030158
2021-08-24T16:00:00.000Z,0.00056014
2021-08-25T00:00:00.015Z,0.00019472
2021-08-25T08:00:00.000Z,0.00016989
2021-08-25T16:00:00.000Z,0.00010000
2021-08-26T00:00:00.001Z,0.00010000
2021-08-26T08:00:00.016Z,0.00010000
2021-08-26T16:00:00.004Z,0.00010000
2021-08-27T00:00:00.013Z,0.00010000
2021-08-27T08:00:00.001Z,0.00010000
2021-08-27T16:00:00.004Z,0.00010000
2021-08-28T00:00:00.000Z,0.00010000
2021-08-28T08:00:00.000Z,0.00014426
2021-08-28T16:00:00.000Z,0.00011073
2021-08-29T00:00:00.000Z,0.00016779
2021-08-29T08:00:00.002Z,0.00010000
2021-08-29T16:00:00.005Z,0.00010000
2021-08-30T00:00:00.013Z,0.00010000
2021-08-30T08:00:00.008Z,0.00010000
2021-08-30T16:00:00.000Z,0.00010000
2021-08-31T00:00:00.000Z,0.00010000
2021-08-31T08:00:00.007Z,0.00010000
2021-08-31T16:00:00.003Z,0.00020707
2021-09-01T00:00:00.000Z,0.00010000
2021-09-01T08:00:00.006Z,0.00010000
2021-09-01T16:00:00.000Z,0.00010000
2021-09-02T00:00:00.009Z,0.00025742
2021-09-02T08:00:00.006Z,0.00079808
2021-09-02T16:00:00.007Z,0.00028890
2021-09-03T00:00:00.011Z,0.00027417
2021-09-03T08:00:00.000Z,0.00037778
2021-09-03T16:00:00.002Z,0.00065309
2021-09-04T00:00:00.003Z,0.00076883
2021-09-04T08:00:00.008Z,0.00071420
2021-09-04T16:00:00.009Z,0.00075670
2021-09-05T00:00:00.002Z,0.00070354
2021-09-05T08:00:00.002Z,0.00058378
2021-09-05T16:00:00.000Z,0.00080725
2021-09-06T00:00:00.003Z,0.00085353
2021-09-06T08:00:00.008Z,0.00041269
2021-09-06T16:00:00.009Z,0.00044698
2021-09-07T00:00:00.004Z,0.00058234
2021-09-07T08:00:00.002Z,0.00066382
2021-09-07T16:00:00.001Z,0.00010000
2021-09-08T00:00:00.005Z,0.00010000
2021-09-08T08:00:00.000Z,0.00010000
2021-09-08T16:00:00.000Z,0.00010000
2021-09-09T00:00:00.006Z,0.00010000
2021-09-09T08:00:00.014Z,0.00010000
2021-09-09T16:00:00.002Z,0.00010000
2021-09-10T00:00:00.001Z,0.00010000
2021-09-10T08:00:00.018Z,0.00010000
2021-09-10T16:00:00.006Z,0.00010000
2021-09-11T00:00:00.000Z,0.00010000
2021-09-11T08:00:00.001Z,0.00010000
2021-09-11T16:00:00.000Z,0.00010000
2021-09-12T00:00:00.000Z,0.00010000
2021-09-12T08:00:00.002Z,0.00010000
2021-09-12T16:00:00.000Z,0.00010000
2021-09-13T00:00:00.000Z,0.00010000
2021-09-13T08:00:00.007Z,0.00010000
2021-09-13T16:00:00.005Z,0.00010000
2021-09-14T00:00:00.002Z,0.00010000
2021-09-14T08:00:00.000Z,0.00010000
2021-09-14T16:00:00.007Z,0.00010000
2021-09-15T00:00:00.012Z,0.00010000
2021-09-15T08:00:00.003Z,0.00010000
2021-09-15T16:00:00.006Z,0.00010000
2021-09-16T00:00:00.008Z,0.00010000
2021-09-16T08:00:00.005Z,0.00010000
2021-09-16T16:00:00.002Z,0.00010000
2021-09-17T00:00:00.000Z,0.00010000
2021-09-17T08:00:00.047Z,0.00010000
2021-09-17T16:00:00.013Z,0.00010000
2021-09-18T00:00:00.000Z,0.00010000
2021-09-18T08:00:00.010Z,0.00010000
2021-09-18T16:00:00.005Z,0.00010000
2021-09-19T00:00:00.006Z,0.00010000
2021-09-19T08:00:00.015Z,0.00010000
2021-09-19T16:00:00.007Z,0.00010000
2021-09-20T00:00:00.018Z,0.00010000
2021-09-20T08:00:00.000Z,0.00010000
2021-09-20T16:00:00.005Z,0.00010000
2021-09-21T00:00:00.005Z,0.00010000
2021-09-21T08:00:00.007Z,0.00010000
2021-09-21T16:00:00.000Z,0.00010000
2021-09-22T00:00:00.005Z,0.00010000
2021-09-22T08:00:00.006Z,0.00010000
2021-09-22T16:00:00.000Z,0.00010000
2021-09-23T00:00:00.003Z,0.00010000
2021-09-23T08:00:00.000Z,0.00010000
2021-09-23T16:00:00.007Z,0.00010000
2021-09-24T00:00:00.000Z,0.00000055
2021-09-24T08:00:00.017Z,0.00000875
2021-09-24T16:00:00.000Z,-0.00011220
2021-09-25T00:00:00.007Z,-0.00000748
2021-09-25T08:00:00.002Z,-0.00001988
2021-09-25T16:00:00.004Z,0.00003479
2021-09-26T00:00:00.013Z,0.00010000
2021-09-26T08:00:00.000Z,0.00002634
2021-09-26T16:00:00.005Z,0.00002827
2021-09-27T00:00:00.000Z,0.00010000
2021-09-27T08:00:00.001Z,0.00010000
2021-09-27T16:00:00.000Z,0.00010000
2021-09-28T00:00:00.000Z,-0.00000856
2021-09-28T08:00:00.014Z,0.00002806
2021-09-28T16:00:00.000Z,0.00001524
2021-09-29T00:00:00.000Z,-0.00008501
2021-09-29T08:00:00.002Z,-0.00002112
2021-09-29T16:00:00.000Z,0.00010000
2021-09-30T00:00:00.000Z,-0.00012951
2021-09-30T08:00:00.004Z,0.00010000
2021-09-30T16:00:00.005Z,0.00010000
2021-10-01T00:00:00.012Z,0.00004598
2021-10-01T08:00:00.008Z,0.00002073
2021-10-01T16:00:00.000Z,0.00010000
2021-10-02T00:00:00.000Z,0.00010000
2021-10-02T08:00:00.002Z,0.00010000
2021-10-02T16:00:00.011Z,0.00010000
2021-10-03T00:00:00.019Z,0.00010000
2021-10-03T08:00:00.011Z,0.00010000
2021-10-03T16:00:00.004Z,0.00010000
2021-10-04T00:00:00.004Z,0.00010000
2021-10-04T08:00:00.000Z,0.00010000
2021-10-04T16:00:00.000Z,0.00010000
2021-10-05T00:00:00.007Z,0.00010000
2021-10-05T08:00:00.007Z,0.00010000
2021-10-05T16:00:00.004Z,0.00010000
2021-10-06T00:00:00.002Z,0.00010000
2021-10-06T08:00:00.000Z,0.00010000
2021-10-06T16:00:00.003Z,0.00014323
2021-10-07T00:00:00.007Z,0.00031991
2021-10-07T08:00:00.002Z,0.00019601
2021-10-07T16:00:00.000Z,0.00024648
2021-10-08T00:00:00.011Z,0.00018942
2021-10-08T08:00:00.003Z,0.00010000
2021-10-08T16:00:00.002Z,0.00026363
2021-10-09T00:00:00.006Z,0.00010000
2021-10-09T08:00:00.003Z,0.00010000
2021-10-09T16:00:00.000Z,0.00010000
2021-10-10T00:00:00.000Z,0.00010000
2021-10-10T08:00:00.008Z,0.00010000
2021-10-10T16:00:00.000Z,0.00010000
2021-10-11T00:00:00.002Z,0.00010000
2021-10-11T08:00:00.001Z,0.00010000
2021-10-11T16:00:00.006Z,0.00033070
2021-10-12T00:00:00.008Z,0.00010000
2021-10-12T08:00:00.013Z,0.00010000
2021-10-12T16:00:00.003Z,0.00010000
2021-10-13T00:00:00.003Z,0.00010000
2021-10-13T08:00:00.015Z,0.00010000
2021-10-13T16:00:00.000Z,0.00010000
2021-10-14T00:00:00.011Z,0.00018908
2021-10-14T08:00:00.017Z,0.00028381
2021-10-14T16:00:00.000Z,0.00032142
2021-10-15T00:00:00.005Z,0.00041315
2021-10-15T08:00:00.002Z,0.00039194
2021-10-15T16:00:00.005Z,0.00023043
2021-10-16T00:00:00.009Z,0.00031365
2021-10-16T08:00:00.000Z,0.00024049
2021-10-16T16:00:00.003Z,0.00052591
2021-10-17T00:00:00.001Z,0.00033305
2021-10-17T08:00:00.002Z,0.00037505
2021-10-17T16:00:00.002Z,0.00053706
2021-10-18T00:00:00.006Z,0.00023924
2021-10-18T08:00:00.004Z,0.00038270
2021-10-18T16:00:00.001Z,0.00019680
2021-10-19T00:00:00.002Z,0.00036846
2021-10-19T08:00:00.000Z,0.00035703
2021-10-19T16:00:00.000Z,0.00020322
2021-10-20T00:00:00.017Z,0.00030103
2021-10-20T08:00:00.004Z,0.00022709
2021-10-20T16:00:00.020Z,0.00072515
2021-10-21T00:00:00.000Z,0.00050619
2021-10-21T08:00:00.000Z,0.00051537
2021-10-21T16:00:00.008Z,0.00080402
2021-10-22T00:00:00.005Z,0.00035282
2021-10-22T08:00:00.005Z,0.00034276
2021-10-22T16:00:00.018Z,0.00032256
2021-10-23T00:00:00.005Z,0.00023902
2021-10-23T08:00:00.001Z,0.00015138
2021-10-23T16:00:00.004Z,0.00024606
2021-10-24T00:00:00.006Z,0.00018961
2021-10-24T08:00:00.012Z,0.00046408
2021-10-24T16:00:00.001Z,0.00039289
2021-10-25T00:00:00.012Z,0.00019298
2021-10-25T08:00:00.002Z,0.00047527
2021-10-25T16:00:00.022Z,0.00048823
2021-10-26T00:00:00.005Z,0.00039142
2021-10-26T08:00:00.016Z,0.00037012
2021-10-26T16:00:00.000Z,0.00043832
2021-10-27T00:00:00.004Z,0.00030844
2021-10-27T08:00:00.000Z,0.00059665
2021-10-27T16:00:00.002Z,0.00012399
2021-10-28T00:00:00.002Z,0.00019556
2021-10-28T08:00:00.000Z,0.00010000
2021-10-28T16:00:00.005Z,0.00010000
2021-10-29T00:00:00.000Z,0.00025971
2021-10-29T08:00:00.007Z,0.00040402
2021-10-29T16:00:00.001Z,0.00037311
2021-10-30T00:00:00.000Z,0.00013087
2021-10-30T08:00:00.001Z,0.00046654
2021-10-30T16:00:00.013Z,0.00024213
2021-10-31T00:00:00.008Z,0.00013682
2021-10-31T08:00:00.010Z,0.00010000
2021-10-31T16:00:00.001Z,0.00021779
2021-11-01T00:00:00.009Z,0.00024088
2021-11-01T08:00:00.014Z,0.00013798
2021-11-01T16:00:00.001Z,0.00026687
2021-11-02T00:00:00.000Z,0.00020736
2021-11-02T08:00:00.007Z,0.00045079
2021-11-02T16:00:00.010Z,0.00052167
2021-11-03T00:00:00.019Z,0.00010000
2021-11-03T08:00:00.000Z,0.00044614
2021-11-03T16:00:00.005Z,0.00025564
2021-11-04T00:00:00.006Z,0.00047967
2021-11-04T08:00:00.004Z,0.00031370
2021-11-04T16:00:00.004Z,0.00028111
2021-11-05T00:00:00.000Z,0.00022380
2021-11-05T08:00:00.013Z,0.00014351
2021-11-05T16:00:00.016Z,0.00033389
2021-11-06T00:00:00.010Z,0.00040376
2021-11-06T08:00:00.000Z,0.00043015
2021-11-06T16:00:00.007Z,0.00010000
2021-11-07T00:00:00.013Z,0.00023166
2021-11-07T08:00:00.005Z,0.00018519
2021-11-07T16:00:00.004Z,0.00032259
2021-11-08T00:00:00.001Z,0.00021005
2021-11-08T08:00:00.000Z,0.00028714
2021-11-08T16:00:00.000Z,0.00023000
2021-11-09T00:00:00.000Z,0.00010000
2021-11-09T08:00:00.014Z,0.00010000
2021-11-09T16:00:00.001Z,0.00010000
2021-11-10T00:00:00.000Z,0.00021036
2021-11-10T08:00:00.003Z,0.00020446
2021-11-10T16:00:00.001Z,0.00027928
2021-11-11T00:00:00.008Z,0.00017220
2021-11-11T08:00:00.012Z,0.00015754
2021-11-11T16:00:00.007Z,0.00010000
2021-11-12T00:00:00.000Z,0.00010000
2021-11-12T08:00:00.000Z,0.00010000
2021-11-12T16:00:00.004Z,0.00010000
2021-11-13T00:00:00.000Z,0.00010000
2021-11-13T08:00:00.004Z,0.00010000
2021-11-13T16:00:00.006Z,0.00010000
2021-11-14T00:00:00.010Z,0.00010000
2021-11-14T08:00:00.001Z,0.00010000
2021-11-14T16:00:00.000Z,0.00010000
2021-11-15T00:00:00.008Z,0.00023003
2021-11-15T08:00:00.000Z,0.00024530
2021-11-15T16:00:00.000Z,0.00010000
2021-11-16T00:00:00.000Z,0.00015753
2021-11-16T08:00:00.001Z,0.00010000
2021-11-16T16:00:00.018Z,0.00010000
2021-11-17T00:00:00.005Z,0.00010000
2021-11-17T08:00:00.007Z,0.00010000
2021-11-17T16:00:00.003Z,0.00010000
2021-11-18T00:00:00.017Z,0.00010000
2021-11-18T08:00:00.007Z,0.00010000
2021-11-18T16:00:00.011Z,0.00010000
2021-11-19T00:00:00.000Z,0.00010000
2021-11-19T08:00:00.000Z,0.00010000
2021-11-19T16:00:00.005Z,0.00010000
2021-11-20T00:00:00.012Z,0.00010000
2021-11-20T08:00:00.000Z,0.00010000
2021-11-20T16:00:00.007Z,0.00010000
2021-11-21T00:00:00.000Z,0.00010000
2021-11-21T08:00:00.006Z,0.00010000
2021-11-21T16:00:00.000Z,0.00010000
2021-11-22T00:00:00.004Z,0.00010000
2021-11-22T08:00:00.000Z,0.00010000
2021-11-22T16:00:00.000Z,0.00010000
2021-11-23T00:00:00.004Z,0.00010000
2021-11-23T08:00:00.010Z,0.00010000
2021-11-23T16:00:00.005Z,0.00010000
2021-11-24T00:00:00.001Z,0.00010000
2021-11-24T08:00:00.003Z,0.00010000
2021-11-24T16:00:00.010Z,0.00010000
2021-11-25T00:00:00.000Z,0.00010000
2021-11-25T08:00:00.010Z,0.00010000
2021-11-25T16:00:00.000Z,0.00035137
2021-11-26T00:00:00.000Z,0.00026113
2021-11-26T08:00:00.000Z,0.00027132
2021-11-26T16:00:00.016Z,0.00010000
2021-11-27T00:00:00.005Z,0.00010000
2021-11-27T08:00:00.008Z,0.00010000
2021-11-27T16:00:00.007Z,0.00010000
2021-11-28T00:00:00.018Z,0.00010000
2021-11-28T08:00:00.000Z,0.00010000
2021-11-28T16:00:00.004Z,0.00010000
2021-11-29T00:00:00.002Z,0.00010000
2021-11-29T08:00:00.004Z,0.00010000
2021-11-29T16:00:00.000Z,0.00010000
2021-11-30T00:00:00.000Z,0.00010000
2021-11-30T08:00:00.006Z,0.00010000
2021-11-30T16:00:00.000Z,0.00019202
2021-12-01T00:00:00.000Z,0.00016250
2021-12-01T08:00:00.000Z,0.00010000
2021-12-01T16:00:00.001Z,0.00010000
2021-12-02T00:00:00.000Z,0.00010000
2021-12-02T08:00:00.007Z,0.00010000
2021-12-02T16:00:00.008Z,0.00010000
2021-12-03T00:00:00.004Z,0.00012562
2021-12-03T08:00:00.002Z,0.00010000
2021-12-03T16:00:00.006Z,0.00010000
2021-12-04T00:00:00.006Z,0.00010000
2021-12-04T08:00:00.004Z,0.00006583
2021-12-04T16:00:00.000Z,0.00010000
2021-12-05T00:00:00.003Z,0.00010000
2021-12-05T08:00:00.008Z,0.00010000
2021-12-05T16:00:00.007Z,0.00010000
2021-12-06T00:00:00.009Z,0.00010000
2021-12-06T08:00:00.001Z,0.00010000
2021-12-06T16:00:00.000Z,0.00010000
2021-12-07T00:00:00.018Z,0.00010000
2021-12-07T08:00:00.000Z,0.00007060
2021-12-07T16:00:00.000Z,0.00010000
2021-12-08T00:00:00.000Z,0.00010000
2021-12-08T08:00:00.018Z,0.00010000
2021-12-08T16:00:00.010Z,0.00010000
2021-12-09T00:00:00.010Z,0.00010000
2021-12-09T08:00:00.000Z,0.00010000
2021-12-09T16:00:00.000Z,0.00010000
2021-12-10T00:00:00.000Z,0.00010000
2021-12-10T08:00:00.008Z,0.00010000
2021-12-10T16:00:00.012Z,-0.00001037
2021-12-11T00:00:00.009Z,0.00010000
2021-12-11T08:00:00.008Z,0.00010000
2021-12-11T16:00:00.000Z,0.00008719
2021-12-12T00:00:00.001Z,0.00010000
2021-12-12T08:00:00.015Z,0.00010000
2021-12-12T16:00:00.011Z,0.00010000
2021-12-13T00:00:00.006Z,0.00010000
2021-12-13T08:00:00.019Z,-0.00005974
2021-12-13T16:00:00.000Z,0.00004163
2021-12-14T00:00:00.004Z,-0.00005267
2021-12-14T08:00:00.000Z,0.00010000
2021-12-14T16:00:00.015Z,0.00010000
2021-12-15T00:00:00.000Z,0.00010000
2021-12-15T08:00:00.008Z,0.00010000
2021-12-15T16:00:00.005Z,0.00010000
2021-12-16T00:00:00.006Z,0.00010000
2021-12-16T08:00:00.009Z,0.00010000
2021-12-16T16:00:00.000Z,0.00003234
2021-12-17T00:00:00.000Z,0.00010000
2021-12-17T08:00:00.005Z,0.00010000
2021-12-17T16:00:00.006Z,0.00010000
2021-12-18T00:00:00.014Z,0.00010000
2021-12-18T08:00:00.012Z,0.00005422
2021-12-18T16:00:00.000Z,0.00010000
2021-12-19T00:00:00.031Z,0.00004353
2021-12-19T08:00:00.000Z,0.00010000
2021-12-19T16:00:00.003Z,0.00010000
2021-12-20T00:00:00.015Z,0.00010000
2021-12-20T08:00:00.007Z,0.00010000
2021-12-20T16:00:00.005Z,0.00010000
2021-12-21T00:00:00.003Z,0.00010000
2021-12-21T08:00:00.012Z,0.00010000
2021-12-21T16:00:00.005Z,0.00010000
2021-12-22T00:00:00.000Z,0.00010000
2021-12-22T08:00:00.001Z,0.00010000
2021-12-22T16:00:00.006Z,0.00010000
2021-12-23T00:00:00.011Z,0.00010000
2021-12-23T08:00:00.000Z,0.00010000
2021-12-23T16:00:00.000Z,0.00003383
2021-12-24T00:00:00.005Z,0.00010000
2021-12-24T08:00:00.000Z,0.00010000
2021-12-24T16:00:00.011Z,0.00010000
2021-12-25T00:00:00.000Z,0.00010000
2021-12-25T08:00:00.001Z,0.00010000
2021-12-25T16:00:00.005Z,0.00010000
2021-12-26T00:00:00.004Z,0.00010000
2021-12-26T08:00:00.002Z,0.00010000
2021-12-26T16:00:00.000Z,0.00010000
2021-12-27T00:00:00.002Z,0.00010000
2021-12-27T08:00:00.005Z,0.00010000
2021-12-27T16:00:00.000Z,0.00010000
2021-12-28T00:00:00.000Z,0.00010000
2021-12-28T08:00:00.012Z,0.00002254
2021-12-28T16:00:00.000Z,0.00004226
2021-12-29T00:00:00.006Z,0.00008064
2021-12-29T08:00:00.003Z,0.00010000
2021-12-29T16:00:00.004Z,0.00006859
2021-12-30T00:00:00.003Z,0.00009232
2021-12-30T08:00:00.001Z,-0.00000764
2021-12-30T16:00:00.017Z,0.00010000
2021-12-31T00:00:00.006Z,0.00006849
2021-12-31T08:00:00.009Z,0.00000972
2021-12-31T16:00:00.000Z,0.00010000
2022-01-01T00:00:00.006Z,0.00010000
2022-01-01T08:00:00.009Z,0.00010000
2022-01-01T16:00:00.000Z,0.00010000
2022-01-02T00:00:00.028Z,0.00003876
2022-01-02T08:00:00.000Z,0.00002263
2022-01-02T16:00:00.000Z,0.00006714
2022-01-03T00:00:00.010Z,0.00006973
2022-01-03T08:00:00.013Z,0.00005084
2022-01-03T16:00:00.018Z,0.00007394
2022-01-04T00:00:00.000Z,0.00010000
2022-01-04T08:00:00.010Z,0.00010000
2022-01-04T16:00:00.002Z,0.00010000
2022-01-05T00:00:00.001Z,0.00010000
2022-01-05T08:00:00.017Z,0.00010000
2022-01-05T16:00:00.000Z,0.00010000
2022-01-06T00:00:00.002Z,0.00005376
2022-01-06T08:00:00.021Z,0.00010000
2022-01-06T16:00:00.006Z,0.00004332
2022-01-07T00:00:00.005Z,0.00001935
2022-01-07T08:00:00.000Z,0.00010000
2022-01-07T16:00:00.001Z,0.00010000
2022-01-08T00:00:00.014Z,0.00010000
2022-01-08T08:00:00.013Z,0.00010000
2022-01-08T16:00:00.000Z,0.00010000
2022-01-09T00:00:00.003Z,0.00010000
2022-01-09T08:00:00.000Z,-0.00007234
2022-01-09T16:00:00.000Z,0.00005470
2022-01-10T00:00:00.000Z,-0.00014593
2022-01-10T08:00:00.010Z,-0.00006361
2022-01-10T16:00:00.007Z,0.00001599
2022-01-11T00:00:00.013Z,0.00010000
2022-01-11T08:00:00.004Z,0.00006198
2022-01-11T16:00:00.000Z,0.00002718
2022-01-12T00:00:00.012Z,-0.00006878
2022-01-12T08:00:00.015Z,0.00008036
2022-01-12T16:00:00.000Z,-0.00019812
2022-01-13T00:00:00.007Z,-0.00002315
2022-01-13T08:00:00.000Z,0.00010000
2022-01-13T16:00:00.014Z,-0.00001444
2022-01-14T00:00:00.000Z,0.00010000
2022-01-14T08:00:00.006Z,0.00010000
2022-01-14T16:00:00.014Z,-0.00001294
2022-01-15T00:00:00.000Z,0.00009632
2022-01-15T08:00:00.002Z,0.00010000
2022-01-15T16:00:00.000Z,0.00010000
2022-01-16T00:00:00.000Z,0.00002224
2022-01-16T08:00:00.017Z,0.00009785
2022-01-16T16:00:00.011Z,0.00008585
2022-01-17T00:00:00.005Z,0.00002683
2022-01-17T08:00:00.006Z,0.00004250
2022-01-17T16:00:00.012Z,-0.00005944
2022-01-18T00:00:00.020Z,0.00007549
2022-01-18T08:00:00.000Z,0.00003626
2022-01-18T16:00:00.013Z,0.00010000
2022-01-19T00:00:00.001Z,0.00010000
2022-01-19T08:00:00.000Z,-0.00001720
2022-01-19T16:00:00.000Z,0.00010000
2022-01-20T00:00:00.015Z,0.00010000
2022-01-20T08:00:00.000Z,0.00010000
2022-01-20T16:00:00.000Z,0.00010000
2022-01-21T00:00:00.007Z,-0.00000805
2022-01-21T08:00:00.015Z,-0.00005915
2022-01-21T16:00:00.000Z,0.00008447
2022-01-22T00:00:00.017Z,0.00007145
2022-01-22T08:00:00.003Z,0.00010000
2022-01-22T16:00:00.021Z,0.00009327
2022-01-23T00:00:00.026Z,0.00010000
2022-01-23T08:00:00.010Z,-0.00005208
2022-01-23T16:00:00.009Z,-0.00013320
2022-01-24T00:00:00.010Z,0.00010000
2022-01-24T08:00:00.000Z,-0.00011775
2022-01-24T16:00:00.021Z,0.00010000
2022-01-25T00:00:00.000Z,0.00001695
2022-01-25T08:00:00.000Z,0.00005831
2022-01-25T16:00:00.012Z,-0.00007880
2022-01-26T00:00:00.000Z,-0.00004048
2022-01-26T08:00:00.001Z,-0.00007941
2022-01-26T16:00:00.005Z,-0.00020069
2022-01-27T00:00:00.004Z,-0.00008756
2022-01-27T08:00:00.004Z,0.00002801
2022-01-27T16:00:00.019Z,-0.00014218
2022-01-28T00:00:00.000Z,-0.00008132
2022-01-28T08:00:00.000Z,-0.00000297
2022-01-28T16:00:00.025Z,-0.00008379
2022-01-29T00:00:00.017Z,-0.00000850
2022-01-29T08:00:00.000Z,0.00010000
2022-01-29T16:00:00.013Z,-0.00000997
2022-01-30T00:00:00.025Z,0.00002848
2022-01-30T08:00:00.009Z,-0.00006536
2022-01-30T16:00:00.000Z,0.00002989
2022-01-31T00:00:00.000Z,0.00005139
2022-01-31T08:00:00.000Z,-0.00010687
2022-01-31T16:00:00.000Z,-0.00001151
2022-02-01T00:00:00.010Z,0.00010000
2022-02-01T08:00:00.000Z,-0.00010276
2022-02-01T16:00:00.004Z,-0.00020797
2022-02-02T00:00:00.004Z,-0.00006256
2022-02-02T08:00:00.000Z,-0.00000017
2022-02-02T16:00:00.002Z,0.00000407
2022-02-03T00:00:00.002Z,-0.00038034
2022-02-03T08:00:00.000Z,-0.00005850
2022-02-03T16:00:00.000Z,-0.00007881
2022-02-04T00:00:00.018Z,0.00010000
2022-02-04T08:00:00.005Z,0.00008786
2022-02-04T16:00:00.010Z,0.00010000
2022-02-05T00:00:00.014Z,0.00010000
2022-02-05T08:00:00.000Z,0.00007456
2022-02-05T16:00:00.000Z,0.00004351
2022-02-06T00:00:00.000Z,0.00010000
2022-02-06T08:00:00.000Z,0.00010000
2022-02-06T16:00:00.000Z,0.00010000
2022-02-07T00:00:00.003Z,-0.00000725
2022-02-07T08:00:00.014Z,0.00008150
2022-02-07T16:00:00.003Z,0.00001491
2022-02-08T00:00:00.001Z,0.00010000
2022-02-08T08:00:00.003Z,0.00001620
2022-02-08T16:00:00.002Z,0.00007718
2022-02-09T00:00:00.000Z,0.00010000
2022-02-09T08:00:00.005Z,-0.00000162
2022-02-09T16:00:00.001Z,0.00007116
2022-02-10T00:00:00.012Z,-0.00002777
2022-02-10T08:00:00.000Z,-0.00003259
2022-02-10T16:00:00.006Z,0.00001908
2022-02-11T00:00:00.000Z,-0.00011327
2022-02-11T08:00:00.009Z,0.00010000
2022-02-11T16:00:00.015Z,-0.00004783
2022-02-12T00:00:00.020Z,0.00010000
2022-02-12T08:00:00.001Z,0.00010000
2022-02-12T16:00:00.007Z,0.00010000
2022-02-13T00:00:00.022Z,0.00001665
2022-02-13T08:00:00.001Z,0.00006235
2022-02-13T16:00:00.007Z,-0.00002875
2022-02-14T00:00:00.005Z,0.00009155
2022-02-14T08:00:00.013Z,0.00006358
2022-02-14T16:00:00.019Z,0.00010000
2022-02-15T00:00:00.012Z,0.00007379
2022-02-15T08:00:00.005Z,0.00004572
2022-02-15T16:00:00.011Z,-0.00005099
2022-02-16T00:00:00.009Z,0.00010000
2022-02-16T08:00:00.001Z,0.00010000
2022-02-16T16:00:00.014Z,0.00010000
2022-02-17T00:00:00.018Z,0.00010000
2022-02-17T08:00:00.000Z,0.00001611
2022-02-17T16:00:00.010Z,0.00004771
2022-02-18T00:00:00.000Z,-0.00003865
2022-02-18T08:00:00.002Z,-0.00009187
2022-02-18T16:00:00.000Z,0.00003508
2022-02-19T00:00:00.007Z,0.00010000
2022-02-19T08:00:00.000Z,0.00007039
2022-02-19T16:00:00.023Z,0.00004883
2022-02-20T00:00:00.001Z,-0.00003349
2022-02-20T08:00:00.003Z,0.00005414
2022-02-20T16:00:00.001Z,0.00003264
2022-02-21T00:00:00.000Z,0.00007012
2022-02-21T08:00:00.001Z,-0.00014003
2022-02-21T16:00:00.005Z,0.00007007
2022-02-22T00:00:00.005Z,0.00000865
2022-02-22T08:00:00.000Z,-0.00003630
2022-02-22T16:00:00.000Z,0.00005962
2022-02-23T00:00:00.002Z,0.00009188
2022-02-23T08:00:00.005Z,-0.00003926
2022-02-23T16:00:00.010Z,-0.00003644
2022-02-24T00:00:00.008Z,-0.00001113
2022-02-24T08:00:00.003Z,-0.00003560
2022-02-24T16:00:00.001Z,-0.00006140
2022-02-25T00:00:00.000Z,0.00010000
2022-02-25T08:00:00.006Z,0.00010000
2022-02-25T16:00:00.001Z,0.00010000
2022-02-26T00:00:00.004Z,0.00010000
2022-02-26T08:00:00.004Z,0.00010000
2022-02-26T16:00:00.007Z,0.00010000
2022-02-27T00:00:00.012Z,0.00010000
2022-02-27T08:00:00.000Z,0.00000507
2022-02-27T16:00:00.000Z,0.00010000
2022-02-28T00:00:00.000Z,-0.00015064
2022-02-28T08:00:00.001Z,-0.00009020
2022-02-28T16:00:00.002Z,0.00005573
2022-03-01T00:00:00.002Z,0.00010000
2022-03-01T08:00:00.001Z,0.00010000
2022-03-01T16:00:00.000Z,0.00010000
2022-03-02T00:00:00.000Z,0.00010000
2022-03-02T08:00:00.000Z,0.00010000
2022-03-02T16:00:00.002Z,0.00010000
2022-03-03T00:00:00.000Z,0.00010000
2022-03-03T08:00:00.000Z,0.00010000
2022-03-03T16:00:00.005Z,0.00010000
2022-03-04T00:00:00.018Z,0.00010000
2022-03-04T08:00:00.000Z,0.00010000
2022-03-04T16:00:00.000Z,0.00010000
2022-03-05T00:00:00.006Z,0.00005192
2022-03-05T08:00:00.004Z,0.00001520
2022-03-05T16:00:00.000Z,0.00003064
2022-03-06T00:00:00.004Z,-0.00008875
2022-03-06T08:00:00.000Z,0.00005669
2022-03-06T16:00:00.013Z,0.00007500
2022-03-07T00:00:00.008Z,0.00003909
2022-03-07T08:00:00.006Z,-0.00001000
2022-03-07T16:00:00.000Z,0.00008669
2022-03-08T00:00:00.008Z,-0.00010024
2022-03-08T08:00:00.002Z,0.00010000
2022-03-08T16:00:00.000Z,0.00010000
2022-03-09T00:00:00.008Z,0.00006224
2022-03-09T08:00:00.000Z,0.00010000
2022-03-09T16:00:00.004Z,0.00010000
2022-03-10T00:00:00.000Z,0.00010000
2022-03-10T08:00:00.017Z,0.00005560
2022-03-10T16:00:00.000Z,-0.00003951
2022-03-11T00:00:00.008Z,0.00002542
2022-03-11T08:00:00.000Z,-0.00005910
2022-03-11T16:00:00.001Z,0.00008211
2022-03-12T00:00:00.010Z,0.00010000
2022-03-12T08:00:00.001Z,0.00005025
2022-03-12T16:00:00.002Z,0.00006255
2022-03-13T00:00:00.008Z,0.00002116
2022-03-13T08:00:00.000Z,0.00010000
2022-03-13T16:00:00.002Z,-0.00002698
2022-03-14T00:00:00.014Z,-0.00010352
2022-03-14T08:00:00.005Z,0.00010000
2022-03-14T16:00:00.002Z,0.00010000
2022-03-15T00:00:00.008Z,0.00010000
2022-03-15T08:00:00.000Z,-0.00000321
2022-03-15T16:00:00.006Z,-0.00004856
2022-03-16T00:00:00.013Z,0.00010000
2022-03-16T08:00:00.000Z,0.00009131
2022-03-16T16:00:00.008Z,0.00005316
2022-03-17T00:00:00.004Z,0.00010000
2022-03-17T08:00:00.000Z,0.00010000
2022-03-17T16:00:00.004Z,0.00010000
2022-03-18T00:00:00.000Z,0.00010000
2022-03-18T08:00:00.000Z,0.00004709
2022-03-18T16:00:00.017Z,0.00005917
2022-03-19T00:00:00.008Z,0.00010000
2022-03-19T08:00:00.015Z,0.00010000
2022-03-19T16:00:00.000Z,0.00010000
2022-03-20T00:00:00.000Z,0.00010000
2022-03-20T08:00:00.001Z,0.00010000
2022-03-20T16:00:00.002Z,0.00010000
2022-03-21T00:00:00.013Z,0.00010000
2022-03-21T08:00:00.004Z,0.00010000
2022-03-21T16:00:00.010Z,0.00010000
2022-03-22T00:00:00.012Z,0.00010000
2022-03-22T08:00:00.001Z,0.00010000
2022-03-22T16:00:00.022Z,0.00010000
2022-03-23T00:00:00.007Z,0.00010000
2022-03-23T08:00:00.000Z,0.00008504
2022-03-23T16:00:00.006Z,-0.00003582
2022-03-24T00:00:00.013Z,-0.00001813
2022-03-24T08:00:00.006Z,0.00010000
2022-03-24T16:00:00.020Z,0.00010000
2022-03-25T00:00:00.010Z,0.00010000
2022-03-25T08:00:00.001Z,0.00010000
2022-03-25T16:00:00.014Z,0.00010000
2022-03-26T00:00:00.020Z,0.00010000
2022-03-26T08:00:00.006Z,0.00004979
2022-03-26T16:00:00.000Z,0.00010000
2022-03-27T00:00:00.004Z,0.00007576
2022-03-27T08:00:00.001Z,0.00000727
2022-03-27T16:00:00.006Z,-0.00001708
2022-03-28T00:00:00.012Z,0.00010000
2022-03-28T08:00:00.007Z,0.00010000
2022-03-28T16:00:00.000Z,0.00010000
2022-03-29T00:00:00.000Z,0.00010000
2022-03-29T08:00:00.015Z,0.00010000
2022-03-29T16:00:00.000Z,0.00008269
2022-03-30T00:00:00.000Z,0.00010000
2022-03-30T08:00:00.002Z,0.00010000
2022-03-30T16:00:00.028Z,0.00010000
2022-03-31T00:00:00.017Z,0.00010000
2022-03-31T08:00:00.000Z,0.00010000
2022-03-31T16:00:00.015Z,0.00010000
2022-04-01T00:00:00.000Z,0.00010000
2022-04-01T08:00:00.000Z,0.00010000
2022-04-01T16:00:00.018Z,0.00010000
2022-04-02T00:00:00.000Z,0.00010000
2022-04-02T08:00:00.002Z,0.00010000
2022-04-02T16:00:00.006Z,0.00010000
2022-04-03T00:00:00.018Z,0.00010000
2022-04-03T08:00:00.018Z,0.00010000
2022-04-03T16:00:00.015Z,0.00010000
2022-04-04T00:00:00.006Z,0.00010000
2022-04-04T08:00:00.000Z,0.00002896
2022-04-04T16:00:00.016Z,0.00010000
2022-04-05T00:00:00.000Z,0.00010000
2022-04-05T08:00:00.010Z,0.00010000
2022-04-05T16:00:00.008Z,0.00007974
2022-04-06T00:00:00.001Z,0.00009470
2022-04-06T08:00:00.021Z,-0.00014471
2022-04-06T16:00:00.000Z,0.00006028
2022-04-07T00:00:00.009Z,0.00008854
2022-04-07T08:00:00.000Z,-0.00009945
2022-04-07T16:00:00.000Z,0.00004585
2022-04-08T00:00:00.000Z,-0.00009963
2022-04-08T08:00:00.004Z,-0.00003214
2022-04-08T16:00:00.008Z,0.00010000
2022-04-09T00:00:00.008Z,0.00010000
2022-04-09T08:00:00.000Z,0.00010000
2022-04-09T16:00:00.001Z,0.00010000
2022-04-10T00:00:00.004Z,0.00010000
2022-04-10T08:00:00.007Z,0.00010000
2022-04-10T16:00:00.016Z,0.00005980
2022-04-11T00:00:00.000Z,0.00004676
2022-04-11T08:00:00.000Z,0.00010000
2022-04-11T16:00:00.009Z,0.00010000
2022-04-12T00:00:00.000Z,-0.00003306
2022-04-12T08:00:00.006Z,-0.00004036
2022-04-12T16:00:00.013Z,-0.00016064
2022-04-13T00:00:00.005Z,-0.00002262
2022-04-13T08:00:00.008Z,-0.00016876
2022-04-13T16:00:00.013Z,0.00003222
2022-04-14T00:00:00.007Z,-0.00002200
2022-04-14T08:00:00.000Z,0.00005593
2022-04-14T16:00:00.006Z,-0.00003051
2022-04-15T00:00:00.008Z,-0.00012221
2022-04-15T08:00:00.002Z,-0.00003677
2022-04-15T16:00:00.000Z,-0.00000334
2022-04-16T00:00:00.011Z,-0.00002900
2022-04-16T08:00:00.007Z,-0.00012314
2022-04-16T16:00:00.007Z,-0.00003323
2022-04-17T00:00:00.000Z,0.00002480
2022-04-17T08:00:00.004Z,-0.00006458
2022-04-17T16:00:00.000Z,0.00002937
2022-04-18T00:00:00.008Z,-0.00005257
2022-04-18T08:00:00.012Z,-0.00004410
2022-04-18T16:00:00.000Z,-0.00013169
2022-04-19T00:00:00.021Z,0.00008478
2022-04-19T08:00:00.031Z,0.00003976
2022-04-19T16:00:00.000Z,0.00002251
2022-04-20T00:00:00.025Z,0.00010000
2022-04-20T08:00:00.003Z,0.00006595
2022-04-20T16:00:00.000Z,-0.00000105
2022-04-21T00:00:00.000Z,-0.00009577
2022-04-21T08:00:00.000Z,-0.00012991
2022-04-21T16:00:00.024Z,-0.00000956
2022-04-22T00:00:00.008Z,-0.00011914
2022-04-22T08:00:00.008Z,-0.00017158
2022-04-22T16:00:00.008Z,-0.00002649
2022-04-23T00:00:00.000Z,0.00003778
2022-04-23T08:00:00.000Z,-0.00010115
2022-04-23T16:00:00.012Z,-0.00008574
2022-04-24T00:00:00.004Z,-0.00009091
2022-04-24T08:00:00.003Z,-0.00005652
2022-04-24T16:00:00.000Z,0.00000341
2022-04-25T00:00:00.008Z,0.00000321
2022-04-25T08:00:00.018Z,-0.00008588
2022-04-25T16:00:00.000Z,-0.00024996
2022-04-26T00:00:00.014Z,0.00010000
2022-04-26T08:00:00.000Z,0.00010000
2022-04-26T16:00:00.017Z,0.00004991
2022-04-27T00:00:00.012Z,-0.00014242
2022-04-27T08:00:00.000Z,-0.00025690
2022-04-27T16:00:00.002Z,0.00002591
2022-04-28T00:00:00.000Z,-0.00001675
2022-04-28T08:00:00.004Z,-0.00005776
2022-04-28T16:00:00.030Z,0.00010000
2022-04-29T00:00:00.000Z,0.00010000
2022-04-29T08:00:00.016Z,0.00010000
2022-04-29T16:00:00.010Z,0.00004578
2022-04-30T00:00:00.000Z,-0.00008896
2022-04-30T08:00:00.005Z,-0.00005202
2022-04-30T16:00:00.015Z,-0.00005736
2022-05-01T00:00:00.000Z,-0.00007153
2022-05-01T08:00:00.000Z,-0.00016213
2022-05-01T16:00:00.010Z,-0.00004432
2022-05-02T00:00:00.018Z,0.00004920
2022-05-02T08:00:00.007Z,-0.00007704
2022-05-02T16:00:00.000Z,-0.00000236
2022-05-03T00:00:00.006Z,0.00008762
2022-05-03T08:00:00.000Z,0.00006446
2022-05-03T16:00:00.021Z,0.00008725
2022-05-04T00:00:00.007Z,0.00009221
2022-05-04T08:00:00.011Z,0.00010000
2022-05-04T16:00:00.000Z,0.00010000
2022-05-05T00:00:00.005Z,0.00010000
2022-05-05T08:00:00.019Z,0.00010000
2022-05-05T16:00:00.005Z,0.00010000
2022-05-06T00:00:00.005Z,-0.00005032
2022-05-06T08:00:00.001Z,-0.00004640
2022-05-06T16:00:00.010Z,-0.00000246
2022-05-07T00:00:00.004Z,0.00005836
2022-05-07T08:00:00.016Z,0.00010000
2022-05-07T16:00:00.011Z,0.00007282
2022-05-08T00:00:00.000Z,0.00009867
2022-05-08T08:00:00.007Z,0.00010000
2022-05-08T16:00:00.015Z,0.00010000
2022-05-09T00:00:00.000Z,0.00010000
2022-05-09T08:00:00.001Z,0.00009424
2022-05-09T16:00:00.000Z,0.00009769
2022-05-10T00:00:00.000Z,0.00009833
2022-05-10T08:00:00.007Z,0.00006098
2022-05-10T16:00:00.008Z,0.00010000
2022-05-11T00:00:00.004Z,0.00007598
2022-05-11T08:00:00.007Z,0.00010000
2022-05-11T16:00:00.008Z,0.00007639
2022-05-12T00:00:00.014Z,-0.00018602
2022-05-12T08:00:00.000Z,-0.00079682
2022-05-12T16:00:00.007Z,-0.00028645
2022-05-13T00:00:00.014Z,-0.00009107
2022-05-13T08:00:00.001Z,-0.00016008
2022-05-13T16:00:00.000Z,-0.00002742
2022-05-14T00:00:00.000Z,0.00005029
2022-05-14T08:00:00.000Z,0.00009124
2022-05-14T16:00:00.001Z,0.00006884
2022-05-15T00:00:00.000Z,0.00010000
2022-05-15T08:00:00.000Z,0.00007136
2022-05-15T16:00:00.000Z,0.00007168
2022-05-16T00:00:00.021Z,0.00010000
2022-05-16T08:00:00.013Z,0.00010000
2022-05-16T16:00:00.006Z,-0.00000334
2022-05-17T00:00:00.000Z,0.00001965
2022-05-17T08:00:00.010Z,-0.00010278
2022-05-17T16:00:00.023Z,0.00000848
2022-05-18T00:00:00.003Z,0.00007107
2022-05-18T08:00:00.024Z,-0.00001537
2022-05-18T16:00:00.014Z,-0.00007218
2022-05-19T00:00:00.000Z,-0.00005373
2022-05-19T08:00:00.008Z,0.00000490
2022-05-19T16:00:00.015Z,0.00003757
2022-05-20T00:00:00.001Z,0.00010000
2022-05-20T08:00:00.003Z,0.00010000
2022-05-20T16:00:00.012Z,0.00006647
2022-05-21T00:00:00.008Z,0.00009991
2022-05-21T08:00:00.001Z,-0.00002669
2022-05-21T16:00:00.007Z,-0.00000360
2022-05-22T00:00:00.003Z,0.00004308
2022-05-22T08:00:00.016Z,0.00005296
2022-05-22T16:00:00.000Z,0.00010000
2022-05-23T00:00:00.011Z,0.00010000
2022-05-23T08:00:00.000Z,0.00010000
2022-05-23T16:00:00.023Z,0.00010000
2022-05-24T00:00:00.011Z,-0.00007860
2022-05-24T08:00:00.000Z,-0.00004871
2022-05-24T16:00:00.009Z,-0.00004040
2022-05-25T00:00:00.001Z,0.00001228
2022-05-25T08:00:00.000Z,0.00010000
2022-05-25T16:00:00.015Z,0.00006424
2022-05-26T00:00:00.005Z,0.00010000
2022-05-26T08:00:00.001Z,0.00003287
2022-05-26T16:00:00.000Z,-0.00014343
2022-05-27T00:00:00.007Z,0.00010000
2022-05-27T08:00:00.008Z,-0.00000153
2022-05-27T16:00:00.000Z,0.00005350
2022-05-28T00:00:00.018Z,0.00010000
2022-05-28T08:00:00.016Z,0.00006376
2022-05-28T16:00:00.013Z,0.00003132
2022-05-29T00:00:00.000Z,0.00010000
2022-05-29T08:00:00.025Z,0.00001764
2022-05-29T16:00:00.002Z,0.00001830
2022-05-30T00:00:00.000Z,0.00006492
2022-05-30T08:00:00.013Z,0.00001622
2022-05-30T16:00:00.005Z,0.00010000
2022-05-31T00:00:00.016Z,0.00007761
2022-05-31T08:00:00.000Z,0.00010000
2022-05-31T16:00:00.000Z,0.00010000
2022-06-01T00:00:00.000Z,0.00010000
2022-06-01T08:00:00.011Z,0.00010000
2022-06-01T16:00:00.000Z,0.00010000
2022-06-02T00:00:00.000Z,-0.00008505
2022-06-02T08:00:00.006Z,0.00004628
2022-06-02T16:00:00.021Z,0.00003599
2022-06-03T00:00:00.016Z,0.00005262
2022-06-03T08:00:00.016Z,0.00010000
2022-06-03T16:00:00.012Z,0.00002737
2022-06-04T00:00:00.005Z,0.00010000
2022-06-04T08:00:00.000Z,0.00010000
2022-06-04T16:00:00.007Z,0.00003000
2022-06-05T00:00:00.005Z,0.00003407
2022-06-05T08:00:00.015Z,0.00005246
2022-06-05T16:00:00.000Z,0.00005865
2022-06-06T00:00:00.000Z,0.00010000
2022-06-06T08:00:00.017Z,0.00009597
2022-06-06T16:00:00.000Z,0.00010000
2022-06-07T00:00:00.000Z,0.00010000
2022-06-07T08:00:00.011Z,-0.00003071
2022-06-07T16:00:00.000Z,0.00001156
2022-06-08T00:00:00.008Z,0.00010000
2022-06-08T08:00:00.020Z,0.00007041
2022-06-08T16:00:00.012Z,0.00010000
2022-06-09T00:00:00.000Z,0.00010000
2022-06-09T08:00:00.000Z,0.00005421
2022-06-09T16:00:00.000Z,0.00010000
2022-06-10T00:00:00.009Z,0.00010000
2022-06-10T08:00:00.000Z,0.00010000
2022-06-10T16:00:00.006Z,-0.00010846
2022-06-11T00:00:00.018Z,-0.00013495
2022-06-11T08:00:00.014Z,-0.00018605
2022-06-11T16:00:00.000Z,-0.00009290
2022-06-12T00:00:00.015Z,-0.00006025
2022-06-12T08:00:00.019Z,-0.00009914
2022-06-12T16:00:00.010Z,-0.00006827
2022-06-13T00:00:00.009Z,0.00001579
2022-06-13T08:00:00.000Z,-0.00000219
2022-06-13T16:00:00.007Z,-0.00005144
2022-06-14T00:00:00.013Z,-0.00004066
2022-06-14T08:00:00.008Z,-0.00005061
2022-06-14T16:00:00.006Z,-0.00002999
2022-06-15T00:00:00.000Z,-0.00005370
2022-06-15T08:00:00.016Z,-0.00016430
2022-06-15T16:00:00.008Z,-0.00000952
2022-06-16T00:00:00.009Z,-0.00001444
2022-06-16T08:00:00.016Z,0.00006616
2022-06-16T16:00:00.000Z,-0.00010424
2022-06-17T00:00:00.008Z,-0.00012406
2022-06-17T08:00:00.003Z,-0.00005634
2022-06-17T16:00:00.000Z,-0.00014982
2022-06-18T00:00:00.020Z,-0.00007277
2022-06-18T08:00:00.025Z,-0.00029164
2022-06-18T16:00:00.014Z,-0.00007606
2022-06-19T00:00:00.012Z,-0.00018722
2022-06-19T08:00:00.012Z,-0.00017690
2022-06-19T16:00:00.008Z,0.00010000
2022-06-20T00:00:00.016Z,0.00010000
2022-06-20T08:00:00.000Z,-0.00002176
2022-06-20T16:00:00.013Z,0.00008444
2022-06-21T00:00:00.012Z,0.00006015
2022-06-21T08:00:00.018Z,0.00004698
2022-06-21T16:00:00.010Z,0.00005330
2022-06-22T00:00:00.000Z,-0.00004890
2022-06-22T08:00:00.001Z,-0.00002551
2022-06-22T16:00:00.012Z,-0.00008679
2022-06-23T00:00:00.000Z,-0.00004408
2022-06-23T08:00:00.000Z,-0.00006496
2022-06-23T16:00:00.016Z,-0.00010151
2022-06-24T00:00:00.005Z,0.00004046
2022-06-24T08:00:00.004Z,0.00008003
2022-06-24T16:00:00.018Z,0.00010000
2022-06-25T00:00:00.001Z,-0.00003928
2022-06-25T08:00:00.010Z,0.00003156
2022-06-25T16:00:00.000Z,0.00000642
2022-06-26T00:00:00.002Z,0.00010000
2022-06-26T08:00:00.016Z,0.00002837
2022-06-26T16:00:00.006Z,-0.00008522
2022-06-27T00:00:00.008Z,-0.00010252
2022-06-27T08:00:00.000Z,-0.00004323
2022-06-27T16:00:00.016Z,-0.00003606
2022-06-28T00:00:00.016Z,0.00000902
2022-06-28T08:00:00.001Z,-0.00002707
2022-06-28T16:00:00.005Z,0.00006622
2022-06-29T00:00:00.000Z,0.00003172
2022-06-29T08:00:00.013Z,0.00001728
2022-06-29T16:00:00.000Z,0.00001147
2022-06-30T00:00:00.000Z,0.00003467
2022-06-30T08:00:00.000Z,-0.00006766
2022-06-30T16:00:00.000Z,-0.00021692
2022-07-01T00:00:00.001Z,-0.00013323
2022-07-01T08:00:00.017Z,0.00004122
2022-07-01T16:00:00.005Z,-0.00009037
2022-07-02T00:00:00.000Z,-0.00000450
2022-07-02T08:00:00.000Z,-0.00004376
2022-07-02T16:00:00.008Z,-0.00004429
2022-07-03T00:00:00.015Z,0.00008102
2022-07-03T08:00:00.004Z,0.00002344
2022-07-03T16:00:00.005Z,-0.00009636
2022-07-04T00:00:00.021Z,0.00008487
2022-07-04T08:00:00.001Z,-0.00014236
2022-07-04T16:00:00.000Z,0.00006349
2022-07-05T00:00:00.000Z,0.00000823
2022-07-05T08:00:00.000Z,0.00001762
2022-07-05T16:00:00.015Z,0.00004280
2022-07-06T00:00:00.006Z,0.00010000
2022-07-06T08:00:00.000Z,0.00010000
2022-07-06T16:00:00.000Z,0.00004373
2022-07-07T00:00:00.010Z,0.00010000
2022-07-07T08:00:00.010Z,0.00010000
2022-07-07T16:00:00.011Z,0.00006891
2022-07-08T00:00:00.008Z,0.00010000
2022-07-08T08:00:00.009Z,0.00010000
2022-07-08T16:00:00.000Z,0.00005505
2022-07-09T00:00:00.000Z,0.00005118
2022-07-09T08:00:00.000Z,0.00002685
2022-07-09T16:00:00.009Z,0.00003206
2022-07-10T00:00:00.001Z,0.00004544
2022-07-10T08:00:00.002Z,0.00010000
2022-07-10T16:00:00.001Z,0.00006604
2022-07-11T00:00:00.000Z,0.00001102
2022-07-11T08:00:00.003Z,0.00004204
2022-07-11T16:00:00.001Z,0.00005881
2022-07-12T00:00:00.000Z,0.00006653
2022-07-12T08:00:00.021Z,-0.00002208
2022-07-12T16:00:00.000Z,-0.00010622
2022-07-13T00:00:00.012Z,-0.00017917
2022-07-13T08:00:00.022Z,-0.00019746
2022-07-13T16:00:00.005Z,-0.00012686
2022-07-14T00:00:00.017Z,-0.00012921
2022-07-14T08:00:00.001Z,0.00001264
2022-07-14T16:00:00.000Z,-0.00005017
2022-07-15T00:00:00.004Z,0.00010000
2022-07-15T08:00:00.019Z,0.00004667
2022-07-15T16:00:00.017Z,-0.00000453
2022-07-16T00:00:00.021Z,0.00005458
2022-07-16T08:00:00.014Z,0.00007053
2022-07-16T16:00:00.005Z,0.00003638
2022-07-17T00:00:00.000Z,0.00010000
2022-07-17T08:00:00.003Z,0.00000008
2022-07-17T16:00:00.007Z,-0.00000639
2022-07-18T00:00:00.001Z,-0.00002025
2022-07-18T08:00:00.004Z,-0.00000857
2022-07-18T16:00:00.019Z,0.00007250
2022-07-19T00:00:00.000Z,0.00010000
2022-07-19T08:00:00.000Z,0.00010000
2022-07-19T16:00:00.001Z,0.00004242
2022-07-20T00:00:00.004Z,0.00005437
2022-07-20T08:00:00.000Z,-0.00004179
2022-07-20T16:00:00.003Z,0.00002871
2022-07-21T00:00:00.000Z,0.00010000
2022-07-21T08:00:00.018Z,0.00010000
2022-07-21T16:00:00.011Z,0.00010000
2022-07-22T00:00:00.014Z,0.00010000
2022-07-22T08:00:00.000Z,0.00010000
2022-07-22T16:00:00.000Z,0.00009317
2022-07-23T00:00:00.004Z,0.00005463
2022-07-23T08:00:00.002Z,0.00006541
2022-07-23T16:00:00.001Z,0.00010000
2022-07-24T00:00:00.000Z,0.00010000
2022-07-24T08:00:00.011Z,0.00010000
2022-07-24T16:00:00.000Z,0.00010000
2022-07-25T00:00:00.000Z,0.00010000
2022-07-25T08:00:00.014Z,-0.00001134
2022-07-25T16:00:00.006Z,0.00007434
2022-07-26T00:00:00.010Z,0.00006690
2022-07-26T08:00:00.000Z,0.00007151
2022-07-26T16:00:00.000Z,0.00010000
2022-07-27T00:00:00.008Z,0.00000741
2022-07-27T08:00:00.000Z,0.00008204
2022-07-27T16:00:00.003Z,0.00003325
2022-07-28T00:00:00.009Z,0.00010000
2022-07-28T08:00:00.008Z,0.00010000
2022-07-28T16:00:00.013Z,0.00010000
2022-07-29T00:00:00.000Z,0.00010000
2022-07-29T08:00:00.000Z,0.00010000
2022-07-29T16:00:00.000Z,0.00010000
2022-07-30T00:00:00.005Z,0.00010000
2022-07-30T08:00:00.009Z,0.00010000
2022-07-30T16:00:00.000Z,0.00005049
2022-07-31T00:00:00.022Z,0.00004431
2022-07-31T08:00:00.011Z,0.00010000
2022-07-31T16:00:00.019Z,0.00005528
2022-08-01T00:00:00.010Z,0.00009823
2022-08-01T08:00:00.019Z,0.00010000
2022-08-01T16:00:00.017Z,0.00006285
2022-08-02T00:00:00.000Z,0.00010000
2022-08-02T08:00:00.007Z,0.00001617
2022-08-02T16:00:00.014Z,0.00001593
2022-08-03T00:00:00.001Z,0.00006888
2022-08-03T08:00:00.020Z,0.00000368
2022-08-03T16:00:00.008Z,-0.00003047
2022-08-04T00:00:00.001Z,0.00001183
2022-08-04T08:00:00.009Z,0.00007702
2022-08-04T16:00:00.015Z,0.00007119
2022-08-05T00:00:00.005Z,0.00007649
2022-08-05T08:00:00.000Z,0.00010000
2022-08-05T16:00:00.000Z,0.00010000
2022-08-06T00:00:00.021Z,0.00010000
2022-08-06T08:00:00.000Z,0.00010000
2022-08-06T16:00:00.015Z,0.00010000
2022-08-07T00:00:00.013Z,0.00010000
2022-08-07T08:00:00.000Z,-0.00002278
2022-08-07T16:00:00.014Z,0.00002801
2022-08-08T00:00:00.009Z,-0.00001330
2022-08-08T08:00:00.006Z,0.00002805
2022-08-08T16:00:00.000Z,0.00010000
2022-08-09T00:00:00.020Z,0.00005993
2022-08-09T08:00:00.000Z,-0.00000321
2022-08-09T16:00:00.000Z,-0.00014349
2022-08-10T00:00:00.000Z,-0.00010375
2022-08-10T08:00:00.016Z,-0.00003238
2022-08-10T16:00:00.018Z,0.00010000
2022-08-11T00:00:00.012Z,0.00010000
2022-08-11T08:00:00.000Z,0.00004392
2022-08-11T16:00:00.000Z,0.00001783
2022-08-12T00:00:00.006Z,0.00002566
2022-08-12T08:00:00.000Z,0.00005216
2022-08-12T16:00:00.005Z,0.00008336
2022-08-13T00:00:00.012Z,0.00007636
2022-08-13T08:00:00.006Z,0.00004086
2022-08-13T16:00:00.018Z,0.00002735
2022-08-14T00:00:00.000Z,0.00003144
2022-08-14T08:00:00.000Z,0.00008292
2022-08-14T16:00:00.000Z,0.00000219
2022-08-15T00:00:00.010Z,-0.00006757
2022-08-15T08:00:00.002Z,0.00003991
2022-08-15T16:00:00.010Z,-0.00004854
2022-08-16T00:00:00.010Z,-0.00006945
2022-08-16T08:00:00.002Z,0.00003333
2022-08-16T16:00:00.000Z,0.00003842
2022-08-17T00:00:00.020Z,0.00005927
2022-08-17T08:00:00.016Z,0.00006626
2022-08-17T16:00:00.001Z,0.00004034
2022-08-18T00:00:00.005Z,0.00002314
2022-08-18T08:00:00.012Z,0.00009463
2022-08-18T16:00:00.013Z,0.00003449
2022-08-19T00:00:00.000Z,0.00005275
2022-08-19T08:00:00.000Z,0.00010000
2022-08-19T16:00:00.009Z,0.00001435
2022-08-20T00:00:00.000Z,0.00004557
2022-08-20T08:00:00.005Z,-0.00003743
2022-08-20T16:00:00.000Z,0.00000991
2022-08-21T00:00:00.010Z,-0.00001408
2022-08-21T08:00:00.013Z,0.00001912
2022-08-21T16:00:00.000Z,-0.00005859
2022-08-22T00:00:00.011Z,-0.00005605
2022-08-22T08:00:00.005Z,0.00006886
2022-08-22T16:00:00.005Z,0.00007481
2022-08-23T00:00:00.000Z,0.00006559
2022-08-23T08:00:00.021Z,-0.00001800
2022-08-23T16:00:00.005Z,-0.00009315
2022-08-24T00:00:00.017Z,-0.00008879
2022-08-24T08:00:00.021Z,-0.00002313
2022-08-24T16:00:00.000Z,0.00000538
2022-08-25T00:00:00.003Z,-0.00009281
2022-08-25T08:00:00.000Z,-0.00001814
2022-08-25T16:00:00.004Z,0.00002635
2022-08-26T00:00:00.001Z,0.00004613
2022-08-26T08:00:00.004Z,0.00002490
2022-08-26T16:00:00.000Z,0.00008902
2022-08-27T00:00:00.010Z,-0.00020750
2022-08-27T08:00:00.007Z,-0.00007754
2022-08-27T16:00:00.008Z,-0.00027200
2022-08-28T00:00:00.019Z,-0.00025370
2022-08-28T08:00:00.000Z,-0.00026880
2022-08-28T16:00:00.000Z,0.00001893
2022-08-29T00:00:00.000Z,-0.00024797
2022-08-29T08:00:00.000Z,-0.00017053
2022-08-29T16:00:00.001Z,-0.00006657
2022-08-30T00:00:00.001Z,-0.00009478
2022-08-30T08:00:00.005Z,-0.00006689
2022-08-30T16:00:00.010Z,-0.00005782
2022-08-31T00:00:00.000Z,-0.00011151
2022-08-31T08:00:00.005Z,-0.00000025
2022-08-31T16:00:00.013Z,0.00007105
2022-09-01T00:00:00.012Z,-0.00001273
2022-09-01T08:00:00.000Z,0.00000918
2022-09-01T16:00:00.013Z,-0.00007998
2022-09-02T00:00:00.002Z,0.00005469
2022-09-02T08:00:00.013Z,0.00003291
2022-09-02T16:00:00.000Z,-0.00001840
2022-09-03T00:00:00.000Z,-0.00012553
2022-09-03T08:00:00.002Z,-0.00010187
2022-09-03T16:00:00.007Z,-0.00009441
2022-09-04T00:00:00.008Z,0.00001789
2022-09-04T08:00:00.009Z,-0.00004425
2022-09-04T16:00:00.000Z,-0.00009236
2022-09-05T00:00:00.015Z,0.00000877
2022-09-05T08:00:00.013Z,-0.00010286
2022-09-05T16:00:00.007Z,-0.00005010
2022-09-06T00:00:00.018Z,-0.00016568
2022-09-06T08:00:00.020Z,-0.00013291
2022-09-06T16:00:00.028Z,-0.00002352
2022-09-07T00:00:00.013Z,-0.00016770
2022-09-07T08:00:00.022Z,-0.00027449
2022-09-07T16:00:00.021Z,-0.00018414
2022-09-08T00:00:00.010Z,0.00001215
2022-09-08T08:00:00.000Z,-0.00001240
2022-09-08T16:00:00.003Z,-0.00006039
2022-09-09T00:00:00.011Z,-0.00008280
2022-09-09T08:00:00.000Z,-0.00003837
2022-09-09T16:00:00.000Z,-0.00012468
2022-09-10T00:00:00.003Z,-0.00007115
2022-09-10T08:00:00.000Z,-0.00020439
2022-09-10T16:00:00.012Z,-0.00014116
2022-09-11T00:00:00.009Z,-0.00011556
2022-09-11T08:00:00.012Z,-0.00016606
2022-09-11T16:00:00.005Z,-0.00031696
2022-09-12T00:00:00.007Z,-0.00034442
2022-09-12T08:00:00.013Z,-0.00027610
2022-09-12T16:00:00.000Z,-0.00038902
2022-09-13T00:00:00.004Z,-0.00028397
2022-09-13T08:00:00.000Z,-0.00047985
2022-09-13T16:00:00.000Z,-0.00046620
2022-09-14T00:00:00.000Z,-0.00111142
2022-09-14T08:00:00.000Z,-0.00182506
2022-09-14T16:00:00.000Z,-0.00172134
2022-09-15T00:00:00.019Z,-0.00301937
2022-09-15T08:00:00.012Z,-0.00216987
2022-09-15T16:00:00.007Z,-0.00010393
2022-09-16T00:00:00.000Z,-0.00000776
2022-09-16T08:00:00.000Z,-0.00000235
2022-09-16T16:00:00.000Z,0.00010000
2022-09-17T00:00:00.000Z,0.00007400
2022-09-17T08:00:00.012Z,0.00007913
2022-09-17T16:00:00.017Z,0.00004111
2022-09-18T00:00:00.000Z,0.00000841
2022-09-18T08:00:00.004Z,0.00008234
2022-09-18T16:00:00.000Z,0.00006342
2022-09-19T00:00:00.018Z,-0.00010281
2022-09-19T08:00:00.006Z,-0.00000491
2022-09-19T16:00:00.010Z,-0.00009737
2022-09-20T00:00:00.007Z,-0.00010865
2022-09-20T08:00:00.001Z,-0.00012011
2022-09-20T16:00:00.000Z,0.00000277
2022-09-21T00:00:00.001Z,-0.00003849
2022-09-21T08:00:00.005Z,-0.00002285
2022-09-21T16:00:00.000Z,-0.00007656
2022-09-22T00:00:00.000Z,-0.00024234
2022-09-22T08:00:00.000Z,-0.00023437
2022-09-22T16:00:00.011Z,-0.00013047
2022-09-23T00:00:00.023Z,-0.00001456
2022-09-23T08:00:00.004Z,-0.00004759
2022-09-23T16:00:00.005Z,-0.00005042
2022-09-24T00:00:00.000Z,0.00001491
2022-09-24T08:00:00.005Z,0.00004468
2022-09-24T16:00:00.000Z,-0.00008115
2022-09-25T00:00:00.010Z,0.00000122
2022-09-25T08:00:00.000Z,-0.00004292
2022-09-25T16:00:00.003Z,0.00000449
2022-09-26T00:00:00.001Z,0.00000423
2022-09-26T08:00:00.006Z,0.00010000
2022-09-26T16:00:00.000Z,-0.00001379
2022-09-27T00:00:00.026Z,0.00002194
2022-09-27T08:00:00.004Z,0.00001777
2022-09-27T16:00:00.006Z,0.00001303
2022-09-28T00:00:00.011Z,-0.00001018
2022-09-28T08:00:00.000Z,-0.00002348
2022-09-28T16:00:00.000Z,-0.00007573
2022-09-29T00:00:00.010Z,0.00006004
2022-09-29T08:00:00.000Z,0.00010000
2022-09-29T16:00:00.000Z,0.00002149
2022-09-30T00:00:00.006Z,0.00001170
2022-09-30T08:00:00.002Z,0.00007176
2022-09-30T16:00:00.007Z,0.00010000
2022-10-01T00:00:00.008Z,0.00008185
2022-10-01T08:00:00.011Z,0.00006857
2022-10-01T16:00:00.000Z,0.00005117
2022-10-02T00:00:00.000Z,0.00001239
2022-10-02T08:00:00.000Z,0.00004395
2022-10-02T16:00:00.006Z,-0.00002183
2022-10-03T00:00:00.000Z,-0.00002230
2022-10-03T08:00:00.014Z,0.00002229
2022-10-03T16:00:00.010Z,-0.00000998
2022-10-04T00:00:00.006Z,0.00007858
2022-10-04T08:00:00.004Z,0.00010000
2022-10-04T16:00:00.013Z,0.00003575
2022-10-05T00:00:00.000Z,0.00001819
2022-10-05T08:00:00.000Z,0.00000345
2022-10-05T16:00:00.012Z,-0.00003017
2022-10-06T00:00:00.008Z,0.00002418
2022-10-06T08:00:00.002Z,0.00005188
2022-10-06T16:00:00.006Z,-0.00001150
2022-10-07T00:00:00.000Z,0.00002157
2022-10-07T08:00:00.000Z,0.00003248
2022-10-07T16:00:00.007Z,0.00000390
2022-10-08T00:00:00.010Z,0.00005904
2022-10-08T08:00:00.004Z,0.00006993
2022-10-08T16:00:00.018Z,0.00008939
2022-10-09T00:00:00.000Z,0.00003902
2022-10-09T08:00:00.007Z,0.00001819
2022-10-09T16:00:00.011Z,-0.00005165
2022-10-10T00:00:00.018Z,0.00004749
2022-10-10T08:00:00.000Z,0.00002784
2022-10-10T16:00:00.026Z,0.00002352
2022-10-11T00:00:00.020Z,0.00007133
2022-10-11T08:00:00.027Z,0.00003552
2022-10-11T16:00:00.000Z,0.00004405
2022-10-12T00:00:00.014Z,0.00008850
2022-10-12T08:00:00.000Z,-0.00001598
2022-10-12T16:00:00.000Z,0.00000718
2022-10-13T00:00:00.013Z,-0.00018211
2022-10-13T08:00:00.016Z,0.00008180
2022-10-13T16:00:00.009Z,-0.00010154
2022-10-14T00:00:00.020Z,0.00000200
2022-10-14T08:00:00.000Z,0.00010000
2022-10-14T16:00:00.009Z,0.00010000
2022-10-15T00:00:00.001Z,0.00005950
2022-10-15T08:00:00.005Z,-0.00000548
2022-10-15T16:00:00.004Z,-0.00000801
2022-10-16T00:00:00.012Z,0.00000273
2022-10-16T08:00:00.000Z,-0.00001934
2022-10-16T16:00:00.010Z,0.00001261
2022-10-17T00:00:00.012Z,0.00000750
2022-10-17T08:00:00.010Z,0.00003595
2022-10-17T16:00:00.017Z,0.00005610
2022-10-18T00:00:00.010Z,0.00006430
2022-10-18T08:00:00.008Z,0.00005818
2022-10-18T16:00:00.000Z,0.00008200
2022-10-19T00:00:00.007Z,0.00006911
2022-10-19T08:00:00.022Z,0.00010000
2022-10-19T16:00:00.016Z,0.00003885
2022-10-20T00:00:00.000Z,0.00001115
2022-10-20T08:00:00.013Z,0.00006032
2022-10-20T16:00:00.000Z,-0.00005194
2022-10-21T00:00:00.005Z,0.00010000
2022-10-21T08:00:00.018Z,0.00001939
2022-10-21T16:00:00.000Z,0.00002595
2022-10-22T00:00:00.000Z,0.00002568
2022-10-22T08:00:00.015Z,-0.00000796
2022-10-22T16:00:00.000Z,-0.00003726
2022-10-23T00:00:00.025Z,0.00001025
2022-10-23T08:00:00.000Z,0.00002352
2022-10-23T16:00:00.004Z,0.00010000
2022-10-24T00:00:00.009Z,0.00009274
2022-10-24T08:00:00.012Z,0.00010000
2022-10-24T16:00:00.002Z,-0.00002685
2022-10-25T00:00:00.013Z,-0.00005643
2022-10-25T08:00:00.013Z,0.00003537
2022-10-25T16:00:00.000Z,0.00001973
2022-10-26T00:00:00.006Z,0.00010000
2022-10-26T08:00:00.013Z,-0.00002452
2022-10-26T16:00:00.000Z,0.00010000
2022-10-27T00:00:00.009Z,0.00008299
2022-10-27T08:00:00.006Z,0.00005005
2022-10-27T16:00:00.009Z,-0.00003370
2022-10-28T00:00:00.000Z,0.00002272
2022-10-28T08:00:00.000Z,0.00004042
2022-10-28T16:00:00.007Z,0.00001870
2022-10-29T00:00:00.000Z,0.00006207
2022-10-29T08:00:00.003Z,0.00008203
2022-10-29T16:00:00.010Z,0.00010000
2022-10-30T00:00:00.000Z,0.00007735
2022-10-30T08:00:00.013Z,0.00009296
2022-10-30T16:00:00.009Z,0.00010000
2022-10-31T00:00:00.012Z,0.00006308
2022-10-31T08:00:00.000Z,0.00010000
2022-10-31T16:00:00.010Z,-0.00000288
2022-11-01T00:00:00.000Z,0.00000795
2022-11-01T08:00:00.000Z,-0.00005701
2022-11-01T16:00:00.000Z,0.00001321
2022-11-02T00:00:00.000Z,0.00007678
2022-11-02T08:00:00.000Z,0.00002913
2022-11-02T16:00:00.019Z,0.00005813
2022-11-03T00:00:00.011Z,-0.00008892
2022-11-03T08:00:00.016Z,-0.00007732
2022-11-03T16:00:00.005Z,0.00000255
2022-11-04T00:00:00.000Z,0.00001398
2022-11-04T08:00:00.004Z,0.00009293
2022-11-04T16:00:00.020Z,0.00010000
2022-11-05T00:00:00.009Z,0.00009190
2022-11-05T08:00:00.007Z,0.00001474
2022-11-05T16:00:00.018Z,0.00005826
2022-11-06T00:00:00.009Z,0.00008014
2022-11-06T08:00:00.000Z,0.00010000
2022-11-06T16:00:00.010Z,0.00004026
2022-11-07T00:00:00.012Z,0.00002594
2022-11-07T08:00:00.014Z,-0.00000272
2022-11-07T16:00:00.006Z,0.00010000
2022-11-08T00:00:00.000Z,-0.00005728
2022-11-08T08:00:00.001Z,-0.00011539
2022-11-08T16:00:00.005Z,0.00007883
2022-11-09T00:00:00.000Z,-0.00038496
2022-11-09T08:00:00.013Z,-0.00012169
2022-11-09T16:00:00.004Z,-0.00054682
2022-11-10T00:00:00.006Z,-0.00060149
2022-11-10T08:00:00.000Z,-0.00054300
2022-11-10T16:00:00.015Z,-0.00015464
2022-11-11T00:00:00.000Z,-0.00016788
2022-11-11T08:00:00.015Z,-0.00013634
2022-11-11T16:00:00.027Z,0.00002873
2022-11-12T00:00:00.007Z,0.00009985
2022-11-12T08:00:00.016Z,0.00004863
2022-11-12T16:00:00.000Z,0.00009984
2022-11-13T00:00:00.004Z,-0.00000928
2022-11-13T08:00:00.000Z,-0.00008449
2022-11-13T16:00:00.017Z,-0.00001748
2022-11-14T00:00:00.000Z,0.00002810
2022-11-14T08:00:00.000Z,0.00002254
2022-11-14T16:00:00.000Z,0.00005237
2022-11-15T00:00:00.014Z,-0.00008644
2022-11-15T08:00:00.009Z,0.00004951
2022-11-15T16:00:00.010Z,-0.00004197
2022-11-16T00:00:00.011Z,-0.00009137
2022-11-16T08:00:00.004Z,0.00000119
2022-11-16T16:00:00.008Z,-0.00004556
2022-11-17T00:00:00.000Z,-0.00009394
2022-11-17T08:00:00.000Z,0.00002558
2022-11-17T16:00:00.006Z,-0.00010849
2022-11-18T00:00:00.004Z,-0.00008460
2022-11-18T08:00:00.016Z,-0.00006951
2022-11-18T16:00:00.000Z,-0.00005327
2022-11-19T00:00:00.000Z,0.00006481
2022-11-19T08:00:00.004Z,0.00004413
2022-11-19T16:00:00.024Z,0.00005990
2022-11-20T00:00:00.015Z,0.00000377
2022-11-20T08:00:00.004Z,0.00005730
2022-11-20T16:00:00.000Z,-0.00002008
2022-11-21T00:00:00.006Z,-0.00020459
2022-11-21T08:00:00.015Z,-0.00002170
2022-11-21T16:00:00.000Z,0.00004666
2022-11-22T00:00:00.000Z,-0.00006623
2022-11-22T08:00:00.000Z,-0.00002821
2022-11-22T16:00:00.000Z,0.00006368
2022-11-23T00:00:00.000Z,0.00006088
2022-11-23T08:00:00.011Z,-0.00004079
2022-11-23T16:00:00.014Z,-0.00009414
2022-11-24T00:00:00.007Z,0.00004960
2022-11-24T08:00:00.014Z,-0.00006135
2022-11-24T16:00:00.013Z,0.00003796
2022-11-25T00:00:00.004Z,0.00005572
2022-11-25T08:00:00.015Z,0.00005499
2022-11-25T16:00:00.000Z,-0.00003074
2022-11-26T00:00:00.011Z,-0.00004472
2022-11-26T08:00:00.000Z,-0.00005666
2022-11-26T16:00:00.000Z,-0.00006554
2022-11-27T00:00:00.012Z,-0.00004687
2022-11-27T08:00:00.000Z,-0.00011497
2022-11-27T16:00:00.003Z,0.00003854
2022-11-28T00:00:00.015Z,0.00000342
2022-11-28T08:00:00.004Z,-0.00002557
2022-11-28T16:00:00.011Z,-0.00012317
2022-11-29T00:00:00.000Z,0.00003832
2022-11-29T08:00:00.015Z,0.00002946
2022-11-29T16:00:00.000Z,0.00010000
2022-11-30T00:00:00.007Z,0.00009218
2022-11-30T08:00:00.000Z,0.00010000
2022-11-30T16:00:00.015Z,0.00010000
2022-12-01T00:00:00.001Z,-0.00001967
2022-12-01T08:00:00.006Z,0.00003623
2022-12-01T16:00:00.000Z,0.00010000
2022-12-02T00:00:00.001Z,0.00010000
2022-12-02T08:00:00.016Z,-0.00000244
2022-12-02T16:00:00.017Z,0.00004870
2022-12-03T00:00:00.006Z,-0.00000481
2022-12-03T08:00:00.000Z,-0.00002779
2022-12-03T16:00:00.011Z,-0.00002251
2022-12-04T00:00:00.006Z,-0.00004991
2022-12-04T08:00:00.000Z,-0.00000149
2022-12-04T16:00:00.006Z,0.00003593
2022-12-05T00:00:00.002Z,0.00005566
2022-12-05T08:00:00.011Z,-0.00002459
2022-12-05T16:00:00.008Z,0.00005578
2022-12-06T00:00:00.014Z,0.00004181
2022-12-06T08:00:00.027Z,0.00001389
2022-12-06T16:00:00.009Z,0.00004364
2022-12-07T00:00:00.000Z,0.00008029
2022-12-07T08:00:00.000Z,0.00000595
2022-12-07T16:00:00.000Z,-0.00000233
2022-12-08T00:00:00.006Z,0.00000063
2022-12-08T08:00:00.000Z,0.00001744
2022-12-08T16:00:00.014Z,-0.00000092
2022-12-09T00:00:00.017Z,0.00010000
2022-12-09T08:00:00.005Z,0.00006855
2022-12-09T16:00:00.000Z,0.00004900
2022-12-10T00:00:00.009Z,-0.00001674
2022-12-10T08:00:00.010Z,0.00006407
2022-12-10T16:00:00.001Z,0.00006841
2022-12-11T00:00:00.011Z,-0.00002288
2022-12-11T08:00:00.007Z,0.00001946
2022-12-11T16:00:00.011Z,0.00001359
2022-12-12T00:00:00.000Z,0.00003843
2022-12-12T08:00:00.004Z,-0.00002359
2022-12-12T16:00:00.000Z,-0.00002692
2022-12-13T00:00:00.000Z,0.00008949
2022-12-13T08:00:00.018Z,0.00010000
2022-12-13T16:00:00.011Z,0.00010000
2022-12-14T00:00:00.010Z,0.00010000
2022-12-14T08:00:00.015Z,0.00010000
2022-12-14T16:00:00.004Z,0.00010000
2022-12-15T00:00:00.000Z,0.00010000
2022-12-15T08:00:00.023Z,0.00010000
2022-12-15T16:00:00.010Z,0.00010000
2022-12-16T00:00:00.016Z,0.00010000
2022-12-16T08:00:00.011Z,0.00010000
2022-12-16T16:00:00.001Z,-0.00003780
2022-12-17T00:00:00.001Z,0.00008697
2022-12-17T08:00:00.011Z,-0.00006429
2022-12-17T16:00:00.011Z,0.00003413
2022-12-18T00:00:00.008Z,0.00005955
2022-12-18T08:00:00.001Z,0.00007900
2022-12-18T16:00:00.012Z,0.00004105
2022-12-19T00:00:00.000Z,-0.00003395
2022-12-19T08:00:00.000Z,0.00000570
2022-12-19T16:00:00.000Z,-0.00000601
2022-12-20T00:00:00.005Z,0.00008479
2022-12-20T08:00:00.016Z,0.00004111
2022-12-20T16:00:00.000Z,0.00009832
2022-12-21T00:00:00.007Z,0.00004626
2022-12-21T08:00:00.012Z,0.00008575
2022-12-21T16:00:00.017Z,0.00006565
2022-12-22T00:00:00.004Z,0.00008923
2022-12-22T08:00:00.000Z,0.00009813
2022-12-22T16:00:00.001Z,0.00007887
2022-12-23T00:00:00.018Z,0.00007468
2022-12-23T08:00:00.000Z,0.00010000
2022-12-23T16:00:00.000Z,-0.00000728
2022-12-24T00:00:00.001Z,0.00006767
2022-12-24T08:00:00.007Z,0.00010000
2022-12-24T16:00:00.008Z,0.00000527
2022-12-25T00:00:00.000Z,-0.00000384
2022-12-25T08:00:00.013Z,0.00000041
2022-12-25T16:00:00.000Z,0.00001343
2022-12-26T00:00:00.001Z,0.00006962
2022-12-26T08:00:00.000Z,0.00001023
2022-12-26T16:00:00.005Z,0.00002594
2022-12-27T00:00:00.005Z,0.00010000
2022-12-27T08:00:00.010Z,0.00002226
2022-12-27T16:00:00.006Z,0.00007546
2022-12-28T00:00:00.010Z,0.00010000
2022-12-28T08:00:00.010Z,0.00006253
2022-12-28T16:00:00.010Z,-0.00002352
2022-12-29T00:00:00.011Z,0.00010000
2022-12-29T08:00:00.000Z,0.00005835
2022-12-29T16:00:00.008Z,0.00010000
2022-12-30T00:00:00.000Z,0.00010000
2022-12-30T08:00:00.000Z,0.00010000
2022-12-30T16:00:00.000Z,0.00010000
2022-12-31T00:00:00.014Z,0.00010000
2022-12-31T08:00:00.000Z,0.00010000
2022-12-31T16:00:00.000Z,0.00010000
2023-01-01T00:00:00.000Z,0.00010000
2023-01-01T08:00:00.008Z,0.00010000
2023-01-01T16:00:00.000Z,0.00010000
2023-01-02T00:00:00.000Z,0.00010000
2023-01-02T08:00:00.008Z,0.00008878
2023-01-02T16:00:00.015Z,0.00007464
2023-01-03T00:00:00.003Z,0.00000890
2023-01-03T08:00:00.018Z,0.00005228
2023-01-03T16:00:00.000Z,0.00002948
2023-01-04T00:00:00.000Z,0.00007609
2023-01-04T08:00:00.016Z,0.00010000
2023-01-04T16:00:00.011Z,0.00010000
2023-01-05T00:00:00.009Z,0.00010000
2023-01-05T08:00:00.011Z,0.00010000
2023-01-05T16:00:00.000Z,0.00010000
2023-01-06T00:00:00.005Z,0.00010000
2023-01-06T08:00:00.001Z,0.00010000
2023-01-06T16:00:00.000Z,0.00010000
2023-01-07T00:00:00.006Z,0.00005444
2023-01-07T08:00:00.017Z,0.00004199
2023-01-07T16:00:00.000Z,0.00007190
2023-01-08T00:00:00.015Z,0.00002131
2023-01-08T08:00:00.000Z,0.00008826
2023-01-08T16:00:00.010Z,0.00008657
2023-01-09T00:00:00.003Z,0.00004312
2023-01-09T08:00:00.000Z,0.00007617
2023-01-09T16:00:00.006Z,0.00010000
2023-01-10T00:00:00.003Z,0.00010000
2023-01-10T08:00:00.021Z,0.00010000
2023-01-10T16:00:00.000Z,0.00010000
2023-01-11T00:00:00.011Z,0.00010000
2023-01-11T08:00:00.006Z,0.00010000
2023-01-11T16:00:00.004Z,0.00002778
2023-01-12T00:00:00.000Z,0.00010000
2023-01-12T08:00:00.000Z,0.00010000
2023-01-12T16:00:00.000Z,0.00010000
2023-01-13T00:00:00.004Z,0.00010000
2023-01-13T08:00:00.000Z,0.00010000
2023-01-13T16:00:00.018Z,0.00010000
2023-01-14T00:00:00.000Z,0.00010000
2023-01-14T08:00:00.001Z,0.00061643
2023-01-14T16:00:00.000Z,0.00045951
2023-01-15T00:00:00.010Z,0.00012412
2023-01-15T08:00:00.002Z,0.00030426
2023-01-15T16:00:00.000Z,0.00018878
2023-01-16T00:00:00.010Z,0.00014183
2023-01-16T08:00:00.007Z,0.00010000
2023-01-16T16:00:00.000Z,0.00010000
2023-01-17T00:00:00.004Z,0.00010000
2023-01-17T08:00:00.005Z,0.00010000
2023-01-17T16:00:00.001Z,0.00010000
2023-01-18T00:00:00.008Z,0.00010000
2023-01-18T08:00:00.009Z,0.00010000
2023-01-18T16:00:00.017Z,0.00010000
2023-01-19T00:00:00.000Z,0.00010000
2023-01-19T08:00:00.015Z,0.00010000
2023-01-19T16:00:00.012Z,0.00010000
2023-01-20T00:00:00.000Z,0.00010000
2023-01-20T08:00:00.000Z,0.00010000
2023-01-20T16:00:00.000Z,0.00010000
2023-01-21T00:00:00.013Z,0.00010000
2023-01-21T08:00:00.001Z,0.00010000
2023-01-21T16:00:00.016Z,0.00010000
2023-01-22T00:00:00.000Z,0.00010000
2023-01-22T08:00:00.000Z,0.00010000
2023-01-22T16:00:00.023Z,0.00010000
2023-01-23T00:00:00.014Z,0.00010356
2023-01-23T08:00:00.014Z,0.00010000
2023-01-23T16:00:00.016Z,0.00010000
2023-01-24T00:00:00.008Z,0.00010000
2023-01-24T08:00:00.008Z,0.00010000
2023-01-24T16:00:00.000Z,0.00010000
2023-01-25T00:00:00.012Z,0.00010000
2023-01-25T08:00:00.000Z,0.00010000
2023-01-25T16:00:00.010Z,0.00010000
2023-01-26T00:00:00.010Z,0.00010000
2023-01-26T08:00:00.003Z,0.00010000
2023-01-26T16:00:00.020Z,0.00010000
2023-01-27T00:00:00.008Z,0.00010000
2023-01-27T08:00:00.000Z,0.00010000
2023-01-27T16:00:00.000Z,0.00010000
2023-01-28T00:00:00.009Z,0.00010000
2023-01-28T08:00:00.018Z,0.00010000
2023-01-28T16:00:00.005Z,0.00010000
2023-01-29T00:00:00.011Z,0.00010000
2023-01-29T08:00:00.000Z,0.00010000
2023-01-29T16:00:00.008Z,0.00010000
2023-01-30T00:00:00.001Z,0.00010000
2023-01-30T08:00:00.000Z,0.00010000
2023-01-30T16:00:00.000Z,0.00010000
2023-01-31T00:00:00.005Z,0.00010000
2023-01-31T08:00:00.000Z,0.00010000
2023-01-31T16:00:00.007Z,0.00010000
2023-02-01T00:00:00.013Z,0.00010000
2023-02-01T08:00:00.000Z,0.00010000
2023-02-01T16:00:00.012Z,0.00010000
2023-02-02T00:00:00.004Z,0.00010000
2023-02-02T08:00:00.023Z,0.00010000
2023-02-02T16:00:00.003Z,0.00010000
2023-02-03T00:00:00.010Z,0.00010000
2023-02-03T08:00:00.000Z,0.00010000
2023-02-03T16:00:00.000Z,0.00010000
2023-02-04T00:00:00.010Z,0.00010000
2023-02-04T08:00:00.000Z,0.00010000
2023-02-04T16:00:00.000Z,0.00010000
2023-02-05T00:00:00.016Z,0.00010000
2023-02-05T08:00:00.009Z,0.00010000
2023-02-05T16:00:00.018Z,0.00010000
2023-02-06T00:00:00.001Z,0.00010000
2023-02-06T08:00:00.000Z,0.00010000
2023-02-06T16:00:00.012Z,0.00010000
2023-02-07T00:00:00.004Z,0.00010000
2023-02-07T08:00:00.011Z,0.00010000
2023-02-07T16:00:00.018Z,0.00010000
2023-02-08T00:00:00.009Z,0.00010000
2023-02-08T08:00:00.010Z,0.00010000
2023-02-08T16:00:00.000Z,0.00010000
2023-02-09T00:00:00.014Z,0.00010000
2023-02-09T08:00:00.006Z,0.00010000
2023-02-09T16:00:00.001Z,0.00010000
2023-02-10T00:00:00.012Z,0.00010000
2023-02-10T08:00:00.005Z,0.00006828
2023-02-10T16:00:00.020Z,0.00010000
2023-02-11T00:00:00.007Z,0.00006470
2023-02-11T08:00:00.002Z,0.00003345
2023-02-11T16:00:00.021Z,-0.00002491
2023-02-12T00:00:00.004Z,0.00008869
2023-02-12T08:00:00.000Z,0.00003225
2023-02-12T16:00:00.002Z,0.00004579
2023-02-13T00:00:00.006Z,0.00002555
2023-02-13T08:00:00.008Z,0.00005994
2023-02-13T16:00:00.002Z,0.00010000
2023-02-14T00:00:00.013Z,-0.00000454
2023-02-14T08:00:00.014Z,0.00004405
2023-02-14T16:00:00.016Z,0.00005311
2023-02-15T00:00:00.011Z,0.00002910
2023-02-15T08:00:00.000Z,0.00002810
2023-02-15T16:00:00.005Z,0.00005715
2023-02-16T00:00:00.019Z,0.00010000
2023-02-16T08:00:00.000Z,0.00010000
2023-02-16T16:00:00.001Z,0.00014101
2023-02-17T00:00:00.003Z,0.00010000
2023-02-17T08:00:00.016Z,0.00010000
2023-02-17T16:00:00.000Z,0.00010000
2023-02-18T00:00:00.011Z,0.00010000
2023-02-18T08:00:00.000Z,0.00010000
2023-02-18T16:00:00.007Z,0.00010000
2023-02-19T00:00:00.019Z,0.00010000
2023-02-19T08:00:00.005Z,0.00010000
2023-02-19T16:00:00.003Z,0.00010000
2023-02-20T00:00:00.006Z,0.00010000
2023-02-20T08:00:00.008Z,0.00010000
2023-02-20T16:00:00.006Z,0.00010000
2023-02-21T00:00:00.001Z,0.00010000
2023-02-21T08:00:00.004Z,0.00010000
2023-02-21T16:00:00.011Z,0.00010000
2023-02-22T00:00:00.009Z,0.00010000
2023-02-22T08:00:00.010Z,0.00010000
2023-02-22T16:00:00.000Z,0.00010000
2023-02-23T00:00:00.006Z,0.00007072
2023-02-23T08:00:00.005Z,0.00009829
2023-02-23T16:00:00.002Z,0.00004374
2023-02-24T00:00:00.015Z,0.00003804
2023-02-24T08:00:00.011Z,0.00006414
2023-02-24T16:00:00.014Z,0.00008380
2023-02-25T00:00:00.015Z,0.00007921
2023-02-25T08:00:00.015Z,0.00009641
2023-02-25T16:00:00.015Z,0.00005498
2023-02-26T00:00:00.007Z,0.00001266
2023-02-26T08:00:00.012Z,0.00004684
2023-02-26T16:00:00.000Z,0.00001098
2023-02-27T00:00:00.011Z,0.00010000
2023-02-27T08:00:00.003Z,0.00008633
2023-02-27T16:00:00.000Z,0.00006025
2023-02-28T00:00:00.011Z,0.00003555
2023-02-28T08:00:00.018Z,0.00003626
2023-02-28T16:00:00.005Z,0.00008565
2023-03-01T00:00:00.016Z,0.00000342
2023-03-01T08:00:00.000Z,0.00010000
2023-03-01T16:00:00.008Z,0.00010000
2023-03-02T00:00:00.009Z,0.00010000
2023-03-02T08:00:00.013Z,0.00010000
2023-03-02T16:00:00.000Z,0.00007746
2023-03-03T00:00:00.000Z,0.00003967
2023-03-03T08:00:00.013Z,-0.00000917
2023-03-03T16:00:00.000Z,0.00002284
2023-03-04T00:00:00.001Z,0.00008491
2023-03-04T08:00:00.008Z,0.00000126
2023-03-04T16:00:00.012Z,0.00002121
2023-03-05T00:00:00.000Z,0.00005372
2023-03-05T08:00:00.000Z,0.00003555
2023-03-05T16:00:00.015Z,0.00004841
2023-03-06T00:00:00.007Z,0.00004583
2023-03-06T08:00:00.017Z,0.00007122
2023-03-06T16:00:00.000Z,0.00003604
2023-03-07T00:00:00.009Z,0.00005296
2023-03-07T08:00:00.016Z,0.00007563
2023-03-07T16:00:00.017Z,0.00001011
2023-03-08T00:00:00.000Z,0.00008208
2023-03-08T08:00:00.014Z,0.00006665
2023-03-08T16:00:00.021Z,0.00008786
2023-03-09T00:00:00.010Z,0.00009084
2023-03-09T08:00:00.013Z,0.00007599
2023-03-09T16:00:00.002Z,0.00003643
2023-03-10T00:00:00.000Z,-0.00008306
2023-03-10T08:00:00.000Z,-0.00000097
2023-03-10T16:00:00.005Z,-0.00000512
2023-03-11T00:00:00.011Z,0.00002796
2023-03-11T08:00:00.003Z,-0.00005766
2023-03-11T16:00:00.011Z,0.00004677
2023-03-12T00:00:00.001Z,-0.00001066
2023-03-12T08:00:00.000Z,0.00008670
2023-03-12T16:00:00.005Z,-0.00004286
2023-03-13T00:00:00.010Z,0.00010000
2023-03-13T08:00:00.018Z,0.00010000
2023-03-13T16:00:00.003Z,0.00010000
2023-03-14T00:00:00.010Z,0.00010000
2023-03-14T08:00:00.009Z,0.00010000
2023-03-14T16:00:00.010Z,0.00010000
2023-03-15T00:00:00.011Z,0.00031728
2023-03-15T08:00:00.000Z,0.00018366
2023-03-15T16:00:00.012Z,0.00010000
2023-03-16T00:00:00.004Z,0.00010000
2023-03-16T08:00:00.018Z,0.00010000
2023-03-16T16:00:00.005Z,0.00010000
2023-03-17T00:00:00.017Z,0.00005964
2023-03-17T08:00:00.010Z,0.00005941
2023-03-17T16:00:00.003Z,0.00010000
2023-03-18T00:00:00.012Z,0.00010000
2023-03-18T08:00:00.000Z,0.00010000
2023-03-18T16:00:00.016Z,0.00010000
2023-03-19T00:00:00.013Z,0.00010000
2023-03-19T08:00:00.024Z,0.00010000
2023-03-19T16:00:00.000Z,0.00010000
2023-03-20T00:00:00.005Z,0.00010000
2023-03-20T08:00:00.012Z,0.00010000
2023-03-20T16:00:00.015Z,0.00008194
2023-03-21T00:00:00.006Z,0.00007106
2023-03-21T08:00:00.004Z,0.00004611
2023-03-21T16:00:00.003Z,0.00008990
2023-03-22T00:00:00.000Z,0.00005146
2023-03-22T08:00:00.003Z,0.00001267
2023-03-22T16:00:00.000Z,0.00005540
2023-03-23T00:00:00.016Z,0.00001123
2023-03-23T08:00:00.001Z,0.00006860
2023-03-23T16:00:00.013Z,0.00010000
2023-03-24T00:00:00.013Z,0.00010000
2023-03-24T08:00:00.012Z,0.00010000
2023-03-24T16:00:00.027Z,0.00010000
2023-03-25T00:00:00.015Z,0.00001992
2023-03-25T08:00:00.011Z,0.00001460
2023-03-25T16:00:00.011Z,-0.00000795
2023-03-26T00:00:00.000Z,0.00000829
2023-03-26T08:00:00.015Z,0.00000997
2023-03-26T16:00:00.000Z,0.00004383
2023-03-27T00:00:00.019Z,0.00001635
2023-03-27T08:00:00.009Z,-0.00000385
2023-03-27T16:00:00.000Z,-0.00000171
2023-03-28T00:00:00.007Z,-0.00001478
2023-03-28T08:00:00.000Z,0.00003473
2023-03-28T16:00:00.013Z,0.00006578
2023-03-29T00:00:00.010Z,0.00010000
2023-03-29T08:00:00.006Z,0.00007584
2023-03-29T16:00:00.014Z,0.00010000
2023-03-30T00:00:00.000Z,0.00005756
2023-03-30T08:00:00.000Z,0.00000286
2023-03-30T16:00:00.006Z,0.00005025
2023-03-31T00:00:00.003Z,0.00007203
2023-03-31T08:00:00.006Z,0.00006982
2023-03-31T16:00:00.011Z,0.00010000
2023-04-01T00:00:00.000Z,0.00010000
2023-04-01T08:00:00.000Z,0.00010000
2023-04-01T16:00:00.018Z,0.00006306
2023-04-02T00:00:00.013Z,0.00003987
2023-04-02T08:00:00.014Z,0.00005018
2023-04-02T16:00:00.001Z,0.00003503
2023-04-03T00:00:00.000Z,-0.00002938
2023-04-03T08:00:00.013Z,-0.00001960
2023-04-03T16:00:00.011Z,-0.00000471
2023-04-04T00:00:00.002Z,0.00006360
2023-04-04T08:00:00.017Z,0.00003238
2023-04-04T16:00:00.008Z,0.00010000
2023-04-05T00:00:00.000Z,0.00006853
2023-04-05T08:00:00.016Z,0.00010000
2023-04-05T16:00:00.004Z,0.00010000
2023-04-06T00:00:00.000Z,0.00005011
2023-04-06T08:00:00.011Z,0.00006251
2023-04-06T16:00:00.000Z,0.00000217
2023-04-07T00:00:00.006Z,0.00002088
2023-04-07T08:00:00.005Z,0.00007093
2023-04-07T16:00:00.000Z,0.00003638
2023-04-08T00:00:00.000Z,0.00003725
2023-04-08T08:00:00.014Z,0.00001046
2023-04-08T16:00:00.018Z,0.00002210
2023-04-09T00:00:00.013Z,0.00000821
2023-04-09T08:00:00.024Z,-0.00001908
2023-04-09T16:00:00.010Z,0.00003067
2023-04-10T00:00:00.000Z,0.00003359
2023-04-10T08:00:00.010Z,-0.00004969
2023-04-10T16:00:00.006Z,0.00002062
2023-04-11T00:00:00.008Z,0.00002648
2023-04-11T08:00:00.007Z,0.00008648
2023-04-11T16:00:00.016Z,0.00006716
2023-04-12T00:00:00.006Z,0.00001041
2023-04-12T08:00:00.008Z,0.00001290
2023-04-12T16:00:00.014Z,0.00003624
2023-04-13T00:00:00.027Z,0.00010000
2023-04-13T08:00:00.010Z,0.00010000
2023-04-13T16:00:00.000Z,0.00010000
2023-04-14T00:00:00.001Z,0.00010000
2023-04-14T08:00:00.008Z,0.00010000
2023-04-14T16:00:00.007Z,0.00010000
2023-04-15T00:00:00.007Z,0.00010000
2023-04-15T08:00:00.007Z,0.00010000
2023-04-15T16:00:00.011Z,0.00010000
2023-04-16T00:00:00.014Z,0.00010000
2023-04-16T08:00:00.007Z,0.00010000
2023-04-16T16:00:00.002Z,0.00010000
2023-04-17T00:00:00.017Z,0.00010000
2023-04-17T08:00:00.006Z,0.00010000
2023-04-17T16:00:00.000Z,0.00010000
2023-04-18T00:00:00.013Z,0.00010000
2023-04-18T08:00:00.017Z,0.00010000
2023-04-18T16:00:00.000Z,0.00010000
2023-04-19T00:00:00.022Z,0.00010000
2023-04-19T08:00:00.014Z,0.00010000
2023-04-19T16:00:00.000Z,-0.00001015
2023-04-20T00:00:00.010Z,0.00006419
2023-04-20T08:00:00.012Z,0.00000032
2023-04-20T16:00:00.012Z,0.00002269
2023-04-21T00:00:00.009Z,0.00008620
2023-04-21T08:00:00.009Z,0.00006903
2023-04-21T16:00:00.003Z,0.00008488
2023-04-22T00:00:00.000Z,0.00005467
2023-04-22T08:00:00.000Z,-0.00000562
2023-04-22T16:00:00.016Z,0.00002848
2023-04-23T00:00:00.009Z,-0.00006991
2023-04-23T08:00:00.020Z,0.00001032
2023-04-23T16:00:00.007Z,0.00004969
2023-04-24T00:00:00.000Z,0.00009041
2023-04-24T08:00:00.008Z,0.00001238
2023-04-24T16:00:00.006Z,0.00005112
2023-04-25T00:00:00.014Z,0.00008411
2023-04-25T08:00:00.009Z,0.00008034
2023-04-25T16:00:00.015Z,0.00006892
2023-04-26T00:00:00.015Z,0.00003840
2023-04-26T08:00:00.013Z,0.00001253
2023-04-26T16:00:00.001Z,0.00008700
2023-04-27T00:00:00.014Z,-0.00002203
2023-04-27T08:00:00.008Z,0.00005850
2023-04-27T16:00:00.005Z,0.00003408
2023-04-28T00:00:00.011Z,0.00008670
2023-04-28T08:00:00.007Z,0.00008037
2023-04-28T16:00:00.006Z,0.00008463
2023-04-29T00:00:00.004Z,0.00004382
2023-04-29T08:00:00.016Z,0.00007125
2023-04-29T16:00:00.001Z,0.00005044
2023-04-30T00:00:00.008Z,0.00006303
2023-04-30T08:00:00.000Z,-0.00000213
2023-04-30T16:00:00.010Z,0.00008291
2023-05-01T00:00:00.004Z,-0.00002629
2023-05-01T08:00:00.008Z,0.00002338
2023-05-01T16:00:00.014Z,0.00000846
2023-05-02T00:00:00.015Z,0.00009917
2023-05-02T08:00:00.018Z,0.00002555
2023-05-02T16:00:00.000Z,0.00008146
2023-05-03T00:00:00.009Z,0.00009799
2023-05-03T08:00:00.003Z,0.00006273
2023-05-03T16:00:00.011Z,0.00010000
2023-05-04T00:00:00.000Z,0.00010000
2023-05-04T08:00:00.000Z,0.00010000
2023-05-04T16:00:00.011Z,0.00009900
2023-05-05T00:00:00.002Z,0.00003555
2023-05-05T08:00:00.000Z,0.00005680
2023-05-05T16:00:00.000Z,0.00010000
2023-05-06T00:00:00.009Z,0.00010000
2023-05-06T08:00:00.000Z,0.00010000
2023-05-06T16:00:00.000Z,0.00000694
2023-05-07T00:00:00.000Z,0.00001519
2023-05-07T08:00:00.000Z,0.00002257
2023-05-07T16:00:00.006Z,0.00004724
2023-05-08T00:00:00.000Z,0.00005356
2023-05-08T08:00:00.007Z,0.00001131
2023-05-08T16:00:00.015Z,0.00003803
2023-05-09T00:00:00.015Z,0.00009627
2023-05-09T08:00:00.000Z,0.00010000
2023-05-09T16:00:00.000Z,0.00005218
2023-05-10T00:00:00.007Z,0.00002199
2023-05-10T08:00:00.003Z,0.00006916
2023-05-10T16:00:00.000Z,0.00004334
2023-05-11T00:00:00.011Z,-0.00000399
2023-05-11T08:00:00.000Z,0.00002198
2023-05-11T16:00:00.005Z,0.00005429
2023-05-12T00:00:00.020Z,0.00001830
2023-05-12T08:00:00.001Z,0.00000454
2023-05-12T16:00:00.010Z,-0.00000917
2023-05-13T00:00:00.000Z,0.00002858
2023-05-13T08:00:00.000Z,0.00002366
2023-05-13T16:00:00.026Z,0.00000857
2023-05-14T00:00:00.029Z,-0.00000480
2023-05-14T08:00:00.010Z,0.00005487
2023-05-14T16:00:00.008Z,0.00003797
2023-05-15T00:00:00.006Z,-0.00001849
2023-05-15T08:00:00.005Z,-0.00000295
2023-05-15T16:00:00.008Z,-0.00001988
2023-05-16T00:00:00.021Z,-0.00001560
2023-05-16T08:00:00.000Z,0.00001255
2023-05-16T16:00:00.000Z,0.00006009
2023-05-17T00:00:00.010Z,0.00008760
2023-05-17T08:00:00.000Z,-0.00001530
2023-05-17T16:00:00.001Z,0.00003984
2023-05-18T00:00:00.000Z,0.00007696
2023-05-18T08:00:00.026Z,0.00006739
2023-05-18T16:00:00.019Z,0.00005135
2023-05-19T00:00:00.000Z,0.00004796
2023-05-19T08:00:00.002Z,0.00002782
2023-05-19T16:00:00.000Z,0.00010000
2023-05-20T00:00:00.005Z,0.00007933
2023-05-20T08:00:00.014Z,0.00000788
2023-05-20T16:00:00.020Z,-0.00000176
2023-05-21T00:00:00.014Z,0.00004220
2023-05-21T08:00:00.001Z,-0.00000159
2023-05-21T16:00:00.015Z,0.00002497
2023-05-22T00:00:00.028Z,0.00002428
2023-05-22T08:00:00.000Z,0.00005518
2023-05-22T16:00:00.012Z,0.00009003
2023-05-23T00:00:00.006Z,0.00002790
2023-05-23T08:00:00.014Z,0.00010000
2023-05-23T16:00:00.008Z,0.00007379
2023-05-24T00:00:00.000Z,0.00009078
2023-05-24T08:00:00.025Z,0.00001006
2023-05-24T16:00:00.008Z,0.00004917
2023-05-25T00:00:00.000Z,0.00001449
2023-05-25T08:00:00.025Z,0.00000148
2023-05-25T16:00:00.016Z,0.00006605
2023-05-26T00:00:00.000Z,0.00010000
2023-05-26T08:00:00.024Z,0.00006574
2023-05-26T16:00:00.012Z,0.00003794
2023-05-27T00:00:00.012Z,0.00006425
2023-05-27T08:00:00.018Z,0.00004565
2023-05-27T16:00:00.008Z,-0.00003230
2023-05-28T00:00:00.017Z,-0.00000120
2023-05-28T08:00:00.015Z,-0.00001086
2023-05-28T16:00:00.000Z,0.00002481
2023-05-29T00:00:00.000Z,0.00010000
2023-05-29T08:00:00.020Z,0.00010000
2023-05-29T16:00:00.011Z,0.00010000
2023-05-30T00:00:00.003Z,0.00010000
2023-05-30T08:00:00.000Z,0.00010000
2023-05-30T16:00:00.003Z,0.00004386
2023-05-31T00:00:00.013Z,0.00007951
2023-05-31T08:00:00.000Z,0.00000535
2023-05-31T16:00:00.000Z,0.00004873
2023-06-01T00:00:00.008Z,0.00006731
2023-06-01T08:00:00.012Z,0.00009125
2023-06-01T16:00:00.000Z,0.00010000
2023-06-02T00:00:00.000Z,0.00004670
2023-06-02T08:00:00.006Z,0.00010000
2023-06-02T16:00:00.012Z,0.00008252
2023-06-03T00:00:00.000Z,0.00010000
2023-06-03T08:00:00.011Z,0.00007857
2023-06-03T16:00:00.003Z,0.00000950
2023-06-04T00:00:00.000Z,0.00002827
2023-06-04T08:00:00.000Z,0.00004801
2023-06-04T16:00:00.000Z,0.00008077
2023-06-05T00:00:00.005Z,0.00000294
2023-06-05T08:00:00.000Z,0.00002308
2023-06-05T16:00:00.000Z,0.00007505
2023-06-06T00:00:00.000Z,-0.00004896
2023-06-06T08:00:00.009Z,0.00000199
2023-06-06T16:00:00.013Z,0.00008581
2023-06-07T00:00:00.000Z,0.00010000
2023-06-07T08:00:00.016Z,0.00010000
2023-06-07T16:00:00.000Z,0.00002658
2023-06-08T00:00:00.006Z,0.00006055
2023-06-08T08:00:00.000Z,0.00005971
2023-06-08T16:00:00.000Z,0.00006270
2023-06-09T00:00:00.000Z,0.00007287
2023-06-09T08:00:00.000Z,0.00000972
2023-06-09T16:00:00.000Z,0.00007382
2023-06-10T00:00:00.000Z,0.00006010
2023-06-10T08:00:00.000Z,0.00005325
2023-06-10T16:00:00.000Z,0.00001875
2023-06-11T00:00:00.001Z,0.00001783
2023-06-11T08:00:00.000Z,0.00006332
2023-06-11T16:00:00.000Z,0.00002351
2023-06-12T00:00:00.000Z,0.00007802
2023-06-12T08:00:00.000Z,0.00009417
2023-06-12T16:00:00.001Z,0.00002839
2023-06-13T00:00:00.000Z,0.00007468
2023-06-13T08:00:00.000Z,0.00004944
2023-06-13T16:00:00.000Z,0.00005417
2023-06-14T00:00:00.000Z,0.00009312
2023-06-14T08:00:00.000Z,0.00001378
2023-06-14T16:00:00.000Z,0.00002759
2023-06-15T00:00:00.000Z,-0.00007479
2023-06-15T08:00:00.000Z,-0.00008236
2023-06-15T16:00:00.000Z,0.00003041
2023-06-16T00:00:00.000Z,-0.00008034
2023-06-16T08:00:00.000Z,-0.00005170
2023-06-16T16:00:00.000Z,-0.00001294
2023-06-17T00:00:00.000Z,0.00006711
2023-06-17T08:00:00.000Z,0.00010000
2023-06-17T16:00:00.000Z,-0.00000145
2023-06-18T00:00:00.000Z,-0.00000719
2023-06-18T08:00:00.000Z,-0.00000865
2023-06-18T16:00:00.000Z,0.00005296
2023-06-19T00:00:00.000Z,0.00003436
2023-06-19T08:00:00.000Z,0.00005597
2023-06-19T16:00:00.000Z,0.00002962
2023-06-20T00:00:00.001Z,0.00003350
2023-06-20T08:00:00.000Z,-0.00002167
2023-06-20T16:00:00.000Z,0.00002359
2023-06-21T00:00:00.000Z,0.00010000
2023-06-21T08:00:00.000Z,0.00001018
2023-06-21T16:00:00.000Z,-0.00000236
2023-06-22T00:00:00.000Z,0.00010000
2023-06-22T08:00:00.001Z,0.00010000
2023-06-22T16:00:00.000Z,0.00010000
2023-06-23T00:00:00.000Z,0.00010000
2023-06-23T08:00:00.000Z,0.00010000
2023-06-23T16:00:00.000Z,0.00004288
2023-06-24T00:00:00.000Z,0.00010000
2023-06-24T08:00:00.000Z,0.00010000
2023-06-24T16:00:00.000Z,0.00003414
2023-06-25T00:00:00.000Z,0.00010000
2023-06-25T08:00:00.000Z,0.00010000
2023-06-25T16:00:00.000Z,0.00010000
2023-06-26T00:00:00.000Z,0.00010000
2023-06-26T08:00:00.000Z,0.00007153
2023-06-26T16:00:00.000Z,0.00007038
2023-06-27T00:00:00.000Z,0.00004477
2023-06-27T08:00:00.000Z,0.00006237
2023-06-27T16:00:00.000Z,0.00001184
2023-06-28T00:00:00.000Z,0.00010000
2023-06-28T08:00:00.000Z,0.00002202
2023-06-28T16:00:00.000Z,0.00003873
2023-06-29T00:00:00.000Z,0.00001497
2023-06-29T08:00:00.000Z,0.00001188
2023-06-29T16:00:00.000Z,0.00010000
2023-06-30T00:00:00.000Z,0.00003965
2023-06-30T08:00:00.000Z,0.00010000
2023-06-30T16:00:00.001Z,0.00010000
2023-07-01T00:00:00.000Z,0.00010000
2023-07-01T08:00:00.000Z,0.00010000
2023-07-01T16:00:00.000Z,0.00010000
2023-07-02T00:00:00.000Z,0.00010000
2023-07-02T08:00:00.000Z,0.00010000
2023-07-02T16:00:00.001Z,0.00010000
2023-07-03T00:00:00.000Z,0.00010000
2023-07-03T08:00:00.000Z,0.00010000
2023-07-03T16:00:00.000Z,0.00010000
2023-07-04T00:00:00.001Z,0.00010000
2023-07-04T08:00:00.000Z,0.00010000
2023-07-04T16:00:00.000Z,0.00010000
2023-07-05T00:00:00.000Z,0.00010000
2023-07-05T08:00:00.000Z,0.00010000
2023-07-05T16:00:00.000Z,0.00010000
2023-07-06T00:00:00.000Z,0.00010000
2023-07-06T08:00:00.000Z,0.00010000
2023-07-06T16:00:00.000Z,0.00002778
2023-07-07T00:00:00.000Z,0.00007449
2023-07-07T08:00:00.000Z,0.00003362
2023-07-07T16:00:00.000Z,0.00002585
2023-07-08T00:00:00.000Z,0.00003796
2023-07-08T08:00:00.000Z,0.00001339
2023-07-08T16:00:00.000Z,-0.00000417
2023-07-09T00:00:00.000Z,0.00003226
2023-07-09T08:00:00.000Z,0.00002878
2023-07-09T16:00:00.000Z,0.00003180
2023-07-10T00:00:00.000Z,0.00002726
2023-07-10T08:00:00.000Z,0.00004524
2023-07-10T16:00:00.000Z,0.00007179
2023-07-11T00:00:00.000Z,0.00009527
2023-07-11T08:00:00.000Z,0.00007653
2023-07-11T16:00:00.000Z,0.00002549
2023-07-12T00:00:00.000Z,0.00008290
2023-07-12T08:00:00.000Z,0.00010000
2023-07-12T16:00:00.000Z,0.00007320
2023-07-13T00:00:00.000Z,-0.00000822
2023-07-13T08:00:00.000Z,0.00005591
2023-07-13T16:00:00.000Z,-0.00004550
2023-07-14T00:00:00.000Z,0.00010000
2023-07-14T08:00:00.000Z,0.00010000
2023-07-14T16:00:00.000Z,0.00010000
2023-07-15T00:00:00.000Z,-0.00000131
2023-07-15T08:00:00.000Z,0.00008110
2023-07-15T16:00:00.000Z,0.00008792
2023-07-16T00:00:00.001Z,0.00005641
2023-07-16T08:00:00.000Z,0.00004632
2023-07-16T16:00:00.000Z,0.00004081
2023-07-17T00:00:00.000Z,0.00002809
2023-07-17T08:00:00.000Z,0.00002313
2023-07-17T16:00:00.000Z,0.00003963
2023-07-18T00:00:00.000Z,0.00006696
2023-07-18T08:00:00.000Z,0.00008539
2023-07-18T16:00:00.000Z,0.00007161
2023-07-19T00:00:00.000Z,0.00006538
2023-07-19T08:00:00.000Z,0.00010000
2023-07-19T16:00:00.001Z,0.00009161
2023-07-20T00:00:00.000Z,-0.00000241
2023-07-20T08:00:00.000Z,0.00009217
2023-07-20T16:00:00.000Z,0.00010000
2023-07-21T00:00:00.001Z,0.00001798
2023-07-21T08:00:00.000Z,0.00000473
2023-07-21T16:00:00.000Z,0.00007376
2023-07-22T00:00:00.000Z,0.00005769
2023-07-22T08:00:00.000Z,-0.00000415
2023-07-22T16:00:00.000Z,0.00001649
2023-07-23T00:00:00.000Z,0.00001578
2023-07-23T08:00:00.000Z,0.00003411
2023-07-23T16:00:00.000Z,0.00005404
2023-07-24T00:00:00.000Z,0.00010000
2023-07-24T08:00:00.000Z,-0.00000080
2023-07-24T16:00:00.000Z,0.00007167
2023-07-25T00:00:00.000Z,0.00008389
2023-07-25T08:00:00.000Z,0.00010000
2023-07-25T16:00:00.000Z,0.00007490
2023-07-26T00:00:00.000Z,0.00009056
2023-07-26T08:00:00.001Z,0.00006753
2023-07-26T16:00:00.000Z,0.00009889
2023-07-27T00:00:00.000Z,0.00010000
2023-07-27T08:00:00.000Z,0.00008145
2023-07-27T16:00:00.001Z,0.00003967
2023-07-28T00:00:00.000Z,0.00004950
2023-07-28T08:00:00.000Z,0.00005360
2023-07-28T16:00:00.000Z,0.00009408
2023-07-29T00:00:00.000Z,0.00010000
2023-07-29T08:00:00.000Z,0.00001485
2023-07-29T16:00:00.001Z,0.00010000
2023-07-30T00:00:00.000Z,0.00010000
2023-07-30T08:00:00.000Z,0.00001949
2023-07-30T16:00:00.000Z,0.00003686
2023-07-31T00:00:00.000Z,0.00000049
2023-07-31T08:00:00.000Z,0.00000170
2023-07-31T16:00:00.001Z,0.00004221
2023-08-01T00:00:00.000Z,0.00008008
2023-08-01T08:00:00.000Z,0.00003030
2023-08-01T16:00:00.000Z,0.00010000
2023-08-02T00:00:00.000Z,0.00010000
2023-08-02T08:00:00.000Z,0.00010000
2023-08-02T16:00:00.000Z,0.00010000
2023-08-03T00:00:00.000Z,0.00010000
2023-08-03T08:00:00.000Z,0.00010000
2023-08-03T16:00:00.001Z,0.00010000
2023-08-04T00:00:00.000Z,0.00010000
2023-08-04T08:00:00.000Z,0.00004830
2023-08-04T16:00:00.000Z,0.00010000
2023-08-05T00:00:00.000Z,0.00006861
2023-08-05T08:00:00.000Z,0.00009220
2023-08-05T16:00:00.001Z,0.00010000
2023-08-06T00:00:00.000Z,0.00010000
2023-08-06T08:00:00.001Z,0.00006951
2023-08-06T16:00:00.005Z,0.00004934
2023-08-07T00:00:00.000Z,0.00010000
2023-08-07T08:00:00.000Z,0.00009331
2023-08-07T16:00:00.000Z,0.00010000
2023-08-08T00:00:00.000Z,0.00006695
2023-08-08T08:00:00.000Z,0.00010000
2023-08-08T16:00:00.000Z,0.00004942
2023-08-09T00:00:00.000Z,0.00010000
2023-08-09T08:00:00.000Z,0.00001575
2023-08-09T16:00:00.000Z,0.00006699
2023-08-10T00:00:00.001Z,0.00008799
2023-08-10T08:00:00.000Z,0.00009807
2023-08-10T16:00:00.000Z,0.00008989
2023-08-11T00:00:00.000Z,0.00003796
2023-08-11T08:00:00.000Z,0.00000702
2023-08-11T16:00:00.000Z,0.00004072
2023-08-12T00:00:00.000Z,0.00006253
2023-08-12T08:00:00.000Z,0.00004437
2023-08-12T16:00:00.000Z,0.00006868
2023-08-13T00:00:00.000Z,0.00005650
2023-08-13T08:00:00.000Z,0.00003083
2023-08-13T16:00:00.000Z,0.00009458
2023-08-14T00:00:00.001Z,0.00010000
2023-08-14T08:00:00.000Z,0.00010000
2023-08-14T16:00:00.000Z,0.00009882
2023-08-15T00:00:00.001Z,0.00007579
2023-08-15T08:00:00.000Z,0.00009894
2023-08-15T16:00:00.000Z,0.00008909
2023-08-16T00:00:00.000Z,0.00007286
2023-08-16T08:00:00.001Z,0.00009487
2023-08-16T16:00:00.000Z,0.00010000
2023-08-17T00:00:00.000Z,0.00010000
2023-08-17T08:00:00.000Z,0.00007426
2023-08-17T16:00:00.000Z,0.00007146
2023-08-18T00:00:00.000Z,-0.00017498
2023-08-18T08:00:00.000Z,0.00008602
2023-08-18T16:00:00.000Z,0.00002951
2023-08-19T00:00:00.000Z,-0.00004580
2023-08-19T08:00:00.000Z,-0.00007861
2023-08-19T16:00:00.000Z,-0.00008349
2023-08-20T00:00:00.000Z,-0.00011445
2023-08-20T08:00:00.000Z,-0.00009092
2023-08-20T16:00:00.000Z,-0.00001625
2023-08-21T00:00:00.000Z,-0.00004010
2023-08-21T08:00:00.000Z,-0.00004365
2023-08-21T16:00:00.000Z,0.00000592
2023-08-22T00:00:00.000Z,0.00003645
2023-08-22T08:00:00.000Z,-0.00006552
2023-08-22T16:00:00.000Z,-0.00003757
2023-08-23T00:00:00.000Z,-0.00002059
2023-08-23T08:00:00.000Z,-0.00000160
2023-08-23T16:00:00.000Z,0.00000334
2023-08-24T00:00:00.000Z,0.00002659
2023-08-24T08:00:00.000Z,-0.00000957
2023-08-24T16:00:00.000Z,-0.00001897
2023-08-25T00:00:00.000Z,-0.00002692
2023-08-25T08:00:00.000Z,-0.00001529
2023-08-25T16:00:00.000Z,0.00000498
2023-08-26T00:00:00.000Z,0.00003560
2023-08-26T08:00:00.000Z,-0.00000055
2023-08-26T16:00:00.000Z,-0.00006303
2023-08-27T00:00:00.000Z,0.00000399
2023-08-27T08:00:00.000Z,0.00001535
2023-08-27T16:00:00.000Z,0.00002696
2023-08-28T00:00:00.000Z,-0.00000176
2023-08-28T08:00:00.001Z,-0.00004850
2023-08-28T16:00:00.001Z,0.00005739
2023-08-29T00:00:00.000Z,0.00003145
2023-08-29T08:00:00.000Z,0.00001139
2023-08-29T16:00:00.000Z,-0.00012730
2023-08-30T00:00:00.000Z,0.00007488
2023-08-30T08:00:00.000Z,0.00007249
2023-08-30T16:00:00.000Z,0.00004644
2023-08-31T00:00:00.000Z,0.00003628
2023-08-31T08:00:00.000Z,0.00005955
2023-08-31T16:00:00.000Z,0.00002375
2023-09-01T00:00:00.000Z,0.00003532
2023-09-01T08:00:00.000Z,-0.00001812
2023-09-01T16:00:00.001Z,0.00002457
2023-09-02T00:00:00.000Z,0.00000805
2023-09-02T08:00:00.000Z,-0.00001621
2023-09-02T16:00:00.000Z,0.00000605
2023-09-03T00:00:00.000Z,0.00001390
2023-09-03T08:00:00.000Z,-0.00002475
2023-09-03T16:00:00.000Z,-0.00000621
2023-09-04T00:00:00.000Z,-0.00000075
2023-09-04T08:00:00.000Z,-0.00007752
2023-09-04T16:00:00.000Z,0.00000980
2023-09-05T00:00:00.000Z,0.00003126
2023-09-05T08:00:00.000Z,0.00000290
2023-09-05T16:00:00.000Z,0.00000977
2023-09-06T00:00:00.000Z,0.00002880
2023-09-06T08:00:00.000Z,-0.00003144
2023-09-06T16:00:00.001Z,0.00005701
2023-09-07T00:00:00.000Z,0.00004502
2023-09-07T08:00:00.000Z,0.00007831
2023-09-07T16:00:00.000Z,0.00004354
2023-09-08T00:00:00.000Z,0.00005596
2023-09-08T08:00:00.000Z,0.00002685
2023-09-08T16:00:00.000Z,0.00002497
2023-09-09T00:00:00.000Z,0.00005008
2023-09-09T08:00:00.000Z,0.00002832
2023-09-09T16:00:00.000Z,0.00004629
2023-09-10T00:00:00.000Z,0.00003947
2023-09-10T08:00:00.000Z,0.00001527
2023-09-10T16:00:00.000Z,0.00000775
2023-09-11T00:00:00.000Z,0.00004838
2023-09-11T08:00:00.000Z,0.00005747
2023-09-11T16:00:00.001Z,-0.00000625
2023-09-12T00:00:00.000Z,-0.00004991
2023-09-12T08:00:00.000Z,-0.00002671
2023-09-12T16:00:00.000Z,-0.00000144
2023-09-13T00:00:00.000Z,0.00002004
2023-09-13T08:00:00.000Z,-0.00003260
2023-09-13T16:00:00.000Z,0.00003870
2023-09-14T00:00:00.000Z,-0.00003640
2023-09-14T08:00:00.001Z,0.00003172
2023-09-14T16:00:00.000Z,-0.00000560
2023-09-15T00:00:00.000Z,0.00000726
2023-09-15T08:00:00.000Z,-0.00002473
2023-09-15T16:00:00.000Z,0.00003877
2023-09-16T00:00:00.000Z,0.00010000
2023-09-16T08:00:00.000Z,0.00000930
2023-09-16T16:00:00.000Z,0.00000224
2023-09-17T00:00:00.000Z,0.00002272
2023-09-17T08:00:00.000Z,-0.00000941
2023-09-17T16:00:00.000Z,0.00004182
2023-09-18T00:00:00.000Z,0.00000622
2023-09-18T08:00:00.000Z,0.00001365
2023-09-18T16:00:00.000Z,0.00002976
2023-09-19T00:00:00.000Z,-0.00001298
2023-09-19T08:00:00.001Z,-0.00001248
2023-09-19T16:00:00.000Z,0.00001153
2023-09-20T00:00:00.000Z,0.00004614
2023-09-20T08:00:00.000Z,0.00002387
2023-09-20T16:00:00.000Z,0.00002909
2023-09-21T00:00:00.001Z,0.00003804
2023-09-21T08:00:00.000Z,0.00007655
2023-09-21T16:00:00.000Z,-0.00000638
2023-09-22T00:00:00.000Z,0.00002241
2023-09-22T08:00:00.000Z,0.00002865
2023-09-22T16:00:00.000Z,0.00003523
2023-09-23T00:00:00.000Z,0.00002817
2023-09-23T08:00:00.000Z,0.00002963
2023-09-23T16:00:00.000Z,0.00002321
2023-09-24T00:00:00.000Z,0.00002991
2023-09-24T08:00:00.000Z,-0.00000558
2023-09-24T16:00:00.000Z,0.00004671
2023-09-25T00:00:00.000Z,0.00002857
2023-09-25T08:00:00.000Z,0.00004305
2023-09-25T16:00:00.000Z,0.00005130
2023-09-26T00:00:00.000Z,0.00006471
2023-09-26T08:00:00.000Z,0.00001558
2023-09-26T16:00:00.000Z,0.00005673
2023-09-27T00:00:00.000Z,0.00010000
2023-09-27T08:00:00.001Z,0.00000667
2023-09-27T16:00:00.000Z,0.00004982
2023-09-28T00:00:00.000Z,0.00000817
2023-09-28T08:00:00.000Z,0.00004301
2023-09-28T16:00:00.000Z,0.00002239
2023-09-29T00:00:00.000Z,-0.00000393
2023-09-29T08:00:00.000Z,0.00004429
2023-09-29T16:00:00.000Z,0.00000012
2023-09-30T00:00:00.000Z,0.00000907
2023-09-30T08:00:00.000Z,-0.00002413
2023-09-30T16:00:00.000Z,0.00001168
2023-10-01T00:00:00.000Z,-0.00001276
2023-10-01T08:00:00.000Z,0.00000822
2023-10-01T16:00:00.000Z,0.00003599
2023-10-02T00:00:00.000Z,0.00010000
2023-10-02T08:00:00.000Z,0.00006308
2023-10-02T16:00:00.000Z,0.00006372
2023-10-03T00:00:00.000Z,0.00000039
2023-10-03T08:00:00.000Z,0.00001728
2023-10-03T16:00:00.000Z,0.00007087
2023-10-04T00:00:00.000Z,0.00004620
2023-10-04T08:00:00.000Z,0.00000738
2023-10-04T16:00:00.000Z,0.00002618
2023-10-05T00:00:00.000Z,0.00002065
2023-10-05T08:00:00.000Z,0.00002685
2023-10-05T16:00:00.001Z,0.00002072
2023-10-06T00:00:00.000Z,0.00010000
2023-10-06T08:00:00.000Z,0.00008473
2023-10-06T16:00:00.000Z,0.00005905
2023-10-07T00:00:00.000Z,0.00008468
2023-10-07T08:00:00.000Z,0.00003736
2023-10-07T16:00:00.000Z,0.00003615
2023-10-08T00:00:00.000Z,0.00009048
2023-10-08T08:00:00.001Z,0.00009246
2023-10-08T16:00:00.000Z,0.00009791
2023-10-09T00:00:00.000Z,0.00010000
2023-10-09T08:00:00.000Z,0.00006572
2023-10-09T16:00:00.000Z,0.00003935
2023-10-10T00:00:00.000Z,0.00006268
2023-10-10T08:00:00.000Z,0.00008857
2023-10-10T16:00:00.000Z,0.00005511
2023-10-11T00:00:00.000Z,0.00002257
2023-10-11T08:00:00.000Z,0.00005392
2023-10-11T16:00:00.000Z,0.00004725
2023-10-12T00:00:00.000Z,0.00004026
2023-10-12T08:00:00.000Z,0.00002690
2023-10-12T16:00:00.000Z,0.00007112
2023-10-13T00:00:00.000Z,0.00003690
2023-10-13T08:00:00.000Z,0.00003476
2023-10-13T16:00:00.000Z,0.00002693
2023-10-14T00:00:00.000Z,0.00001068
2023-10-14T08:00:00.000Z,0.00003108
2023-10-14T16:00:00.000Z,0.00006650
2023-10-15T00:00:00.000Z,0.00007083
2023-10-15T08:00:00.000Z,0.00005253
2023-10-15T16:00:00.000Z,0.00002062
2023-10-16T00:00:00.000Z,0.00005180
2023-10-16T08:00:00.000Z,0.00004393
2023-10-16T16:00:00.000Z,0.00008412
2023-10-17T00:00:00.000Z,0.00001957
2023-10-17T08:00:00.000Z,0.00002557
2023-10-17T16:00:00.000Z,0.00006742
2023-10-18T00:00:00.000Z,0.00005947
2023-10-18T08:00:00.000Z,0.00001385
2023-10-18T16:00:00.000Z,0.00006495
2023-10-19T00:00:00.000Z,0.00004251
2023-10-19T08:00:00.001Z,0.00002988
2023-10-19T16:00:00.000Z,0.00005842
2023-10-20T00:00:00.000Z,0.00003868
2023-10-20T08:00:00.005Z,0.00005912
2023-10-20T16:00:00.000Z,0.00007072
2023-10-21T00:00:00.000Z,0.00004902
2023-10-21T08:00:00.000Z,0.00001735
2023-10-21T16:00:00.000Z,0.00003771
2023-10-22T00:00:00.000Z,0.00007554
2023-10-22T08:00:00.000Z,0.00002649
2023-10-22T16:00:00.000Z,0.00000603
2023-10-23T00:00:00.000Z,0.00009262
2023-10-23T08:00:00.001Z,0.00001593
2023-10-23T16:00:00.001Z,0.00001883
2023-10-24T00:00:00.000Z,0.00010000
2023-10-24T08:00:00.000Z,0.00010000
2023-10-24T16:00:00.000Z,0.00010000
2023-10-25T00:00:00.000Z,0.00010000
2023-10-25T08:00:00.000Z,0.00010000
2023-10-25T16:00:00.001Z,0.00010000
2023-10-26T00:00:00.001Z,0.00010000
2023-10-26T08:00:00.000Z,0.00010000
2023-10-26T16:00:00.000Z,0.00010000
2023-10-27T00:00:00.000Z,0.00010000
2023-10-27T08:00:00.000Z,0.00010000
2023-10-27T16:00:00.000Z,0.00010000
2023-10-28T00:00:00.000Z,0.00010000
2023-10-28T08:00:00.001Z,0.00010000
2023-10-28T16:00:00.000Z,0.00010000
2023-10-29T00:00:00.000Z,0.00010000
2023-10-29T08:00:00.000Z,0.00010000
2023-10-29T16:00:00.000Z,0.00010000
2023-10-30T00:00:00.000Z,0.00010000
2023-10-30T08:00:00.000Z,0.00010000
2023-10-30T16:00:00.000Z,0.00010000
2023-10-31T00:00:00.001Z,0.00010000
2023-10-31T08:00:00.000Z,0.00010000
2023-10-31T16:00:00.000Z,0.00010000
2023-11-01T00:00:00.000Z,0.00010000
2023-11-01T08:00:00.000Z,0.00010000
2023-11-01T16:00:00.000Z,0.00010000
2023-11-02T00:00:00.001Z,0.00026784
2023-11-02T08:00:00.000Z,0.00020558
2023-11-02T16:00:00.000Z,0.00010000
2023-11-03T00:00:00.000Z,0.00010000
2023-11-03T08:00:00.000Z,0.00010000
2023-11-03T16:00:00.000Z,0.00010000
2023-11-04T00:00:00.000Z,0.00010000
2023-11-04T08:00:00.000Z,0.00010000
2023-11-04T16:00:00.000Z,0.00010000
2023-11-05T00:00:00.000Z,0.00010000
2023-11-05T08:00:00.000Z,0.00010000
2023-11-05T16:00:00.000Z,0.00010000
2023-11-06T00:00:00.000Z,0.00010000
2023-11-06T08:00:00.001Z,0.00010000
2023-11-06T16:00:00.000Z,0.00010000
2023-11-07T00:00:00.001Z,0.00010000
2023-11-07T08:00:00.000Z,0.00010000
2023-11-07T16:00:00.000Z,0.00010000
2023-11-08T00:00:00.000Z,0.00010000
2023-11-08T08:00:00.000Z,0.00010000
2023-11-08T16:00:00.000Z,0.00010000
2023-11-09T00:00:00.000Z,0.00010000
2023-11-09T08:00:00.000Z,0.00010000
2023-11-09T16:00:00.000Z,0.00071131
2023-11-10T00:00:00.000Z,0.00027525
2023-11-10T08:00:00.000Z,0.00041432
2023-11-10T16:00:00.000Z,0.00012656
2023-11-11T00:00:00.000Z,0.00013604
2023-11-11T08:00:00.000Z,0.00013371
2023-11-11T16:00:00.000Z,0.00027449
2023-11-12T00:00:00.000Z,0.00016325
2023-11-12T08:00:00.000Z,0.00010000
2023-11-12T16:00:00.001Z,0.00024299
2023-11-13T00:00:00.000Z,0.00032990
2023-11-13T08:00:00.000Z,0.00022787
2023-11-13T16:00:00.000Z,0.00022833
2023-11-14T00:00:00.000Z,0.00018828
2023-11-14T08:00:00.000Z,0.00013623
2023-11-14T16:00:00.001Z,0.00010000
2023-11-15T00:00:00.000Z,0.00010000
2023-11-15T08:00:00.000Z,0.00010000
2023-11-15T16:00:00.000Z,0.00010000
2023-11-16T00:00:00.000Z,0.00010000
2023-11-16T08:00:00.000Z,0.00010000
2023-11-16T16:00:00.001Z,0.00010000
2023-11-17T00:00:00.000Z,0.00010000
2023-11-17T08:00:00.001Z,0.00010000
2023-11-17T16:00:00.001Z,0.00010000
2023-11-18T00:00:00.000Z,0.00010000
2023-11-18T08:00:00.000Z,0.00010000
2023-11-18T16:00:00.000Z,0.00010000
2023-11-19T00:00:00.000Z,0.00010000
2023-11-19T08:00:00.000Z,0.00010000
2023-11-19T16:00:00.000Z,0.00010000
2023-11-20T00:00:00.000Z,0.00010000
2023-11-20T08:00:00.000Z,0.00010000
2023-11-20T16:00:00.000Z,0.00010000
2023-11-21T00:00:00.000Z,0.00010000
2023-11-21T08:00:00.000Z,0.00010000
2023-11-21T16:00:00.000Z,0.00010000
2023-11-22T00:00:00.000Z,0.00010000
2023-11-22T08:00:00.000Z,0.00010000
2023-11-22T16:00:00.000Z,0.00010000
2023-11-23T00:00:00.000Z,0.00010000
2023-11-23T08:00:00.000Z,0.00010000
2023-11-23T16:00:00.001Z,0.00010000
2023-11-24T00:00:00.000Z,0.00010000
2023-11-24T08:00:00.000Z,0.00010000
2023-11-24T16:00:00.000Z,0.00010000
2023-11-25T00:00:00.000Z,0.00010000
2023-11-25T08:00:00.000Z,0.00010000
2023-11-25T16:00:00.000Z,0.00010000
2023-11-26T00:00:00.000Z,0.00010000
2023-11-26T08:00:00.000Z,0.00010000
2023-11-26T16:00:00.000Z,0.00010000
2023-11-27T00:00:00.000Z,0.00010000
2023-11-27T08:00:00.001Z,0.00010000
2023-11-27T16:00:00.000Z,0.00010000
2023-11-28T00:00:00.000Z,0.00010000
2023-11-28T08:00:00.000Z,0.00010000
2023-11-28T16:00:00.000Z,0.00010000
2023-11-29T00:00:00.001Z,0.00010000
2023-11-29T08:00:00.000Z,0.00010000
2023-11-29T16:00:00.000Z,0.00010000
2023-11-30T00:00:00.000Z,0.00010000
2023-11-30T08:00:00.000Z,0.00010000
2023-11-30T16:00:00.000Z,0.00010000
2023-12-01T00:00:00.000Z,0.00010000
2023-12-01T08:00:00.000Z,0.00010000
2023-12-01T16:00:00.000Z,0.00010000
2023-12-02T00:00:00.000Z,0.00010000
2023-12-02T08:00:00.000Z,0.00010000
2023-12-02T16:00:00.000Z,0.00010000
2023-12-03T00:00:00.000Z,0.00010000
2023-12-03T08:00:00.000Z,0.00010000
2023-12-03T16:00:00.000Z,0.00010000
2023-12-04T00:00:00.000Z,0.00010000
2023-12-04T08:00:00.000Z,0.00010000
2023-12-04T16:00:00.000Z,0.00010000
2023-12-05T00:00:00.000Z,0.00010000
2023-12-05T08:00:00.000Z,0.00010000
2023-12-05T16:00:00.000Z,0.00010000
2023-12-06T00:00:00.000Z,0.00010000
2023-12-06T08:00:00.000Z,0.00010000
2023-12-06T16:00:00.000Z,0.00010000
2023-12-07T00:00:00.000Z,0.00010000
2023-12-07T08:00:00.000Z,0.00010000
2023-12-07T16:00:00.000Z,0.00010000
2023-12-08T00:00:00.000Z,0.00022693
2023-12-08T08:00:00.000Z,0.00012399
2023-12-08T16:00:00.000Z,0.00010417
2023-12-09T00:00:00.000Z,0.00022528
2023-12-09T08:00:00.000Z,0.00031293
2023-12-09T16:00:00.000Z,0.00033485
2023-12-10T00:00:00.000Z,0.00016658
2023-12-10T08:00:00.000Z,0.00015944
2023-12-10T16:00:00.000Z,0.00022842
2023-12-11T00:00:00.000Z,0.00024112
2023-12-11T08:00:00.000Z,0.00010000
2023-12-11T16:00:00.000Z,0.00010000
2023-12-12T00:00:00.000Z,0.00010000
2023-12-12T08:00:00.000Z,0.00010000
2023-12-12T16:00:00.000Z,0.00010000
2023-12-13T00:00:00.000Z,0.00012813
2023-12-13T08:00:00.000Z,0.00015058
2023-12-13T16:00:00.001Z,0.00010581
2023-12-14T00:00:00.000Z,0.00010000
2023-12-14T08:00:00.000Z,0.00010000
2023-12-14T16:00:00.000Z,0.00010000
2023-12-15T00:00:00.000Z,0.00010000
2023-12-15T08:00:00.000Z,0.00010000
2023-12-15T16:00:00.000Z,0.00010419
2023-12-16T00:00:00.000Z,0.00010000
2023-12-16T08:00:00.000Z,0.00010000
2023-12-16T16:00:00.001Z,0.00010000
2023-12-17T00:00:00.000Z,0.00010000
2023-12-17T08:00:00.000Z,0.00010000
2023-12-17T16:00:00.000Z,0.00011402
2023-12-18T00:00:00.000Z,0.00015083
2023-12-18T08:00:00.001Z,0.00010000
2023-12-18T16:00:00.000Z,0.00010000
2023-12-19T00:00:00.000Z,0.00010000
2023-12-19T08:00:00.000Z,0.00010000
2023-12-19T16:00:00.000Z,0.00010000
2023-12-20T00:00:00.000Z,0.00010000
2023-12-20T08:00:00.000Z,0.00010000
2023-12-20T16:00:00.000Z,0.00023154
2023-12-21T00:00:00.000Z,0.00026163
2023-12-21T08:00:00.000Z,0.00026550
2023-12-21T16:00:00.000Z,0.00042074
2023-12-22T00:00:00.000Z,0.00044152
2023-12-22T08:00:00.000Z,0.00043341
2023-12-22T16:00:00.000Z,0.00051141
2023-12-23T00:00:00.000Z,0.00018540
2023-12-23T08:00:00.001Z,0.00012586
2023-12-23T16:00:00.000Z,0.00017945
2023-12-24T00:00:00.000Z,0.00013318
2023-12-24T08:00:00.000Z,0.00021857
2023-12-24T16:00:00.000Z,0.00019769
2023-12-25T00:00:00.000Z,0.00013827
2023-12-25T08:00:00.000Z,0.00021479
2023-12-25T16:00:00.000Z,0.00043880
2023-12-26T00:00:00.000Z,0.00050051
2023-12-26T08:00:00.000Z,0.00029501
2023-12-26T16:00:00.000Z,0.00036888
2023-12-27T00:00:00.000Z,0.00031530
2023-12-27T08:00:00.000Z,0.00040955
2023-12-27T16:00:00.000Z,0.00049072
2023-12-28T00:00:00.000Z,0.00027263
2023-12-28T08:00:00.000Z,0.00057135
2023-12-28T16:00:00.000Z,0.00049862
2023-12-29T00:00:00.001Z,0.00044508
2023-12-29T08:00:00.000Z,0.00049499
2023-12-29T16:00:00.000Z,0.00047123
2023-12-30T00:00:00.001Z,0.00027255
2023-12-30T08:00:00.000Z,0.00031443
2023-12-30T16:00:00.000Z,0.00026513
2023-12-31T00:00:00.000Z,0.00021714
2023-12-31T08:00:00.001Z,0.00027824
2023-12-31T16:00:00.000Z,0.00031621
2024-01-01T00:00:00.000Z,0.00027858
2024-01-01T08:00:00.000Z,0.00031096
2024-01-01T16:00:00.000Z,0.00043011
2024-01-02T00:00:00.000Z,0.00053505
2024-01-02T08:00:00.000Z,0.00051240
2024-01-02T16:00:00.000Z,0.00063801
2024-01-03T00:00:00.000Z,0.00028538
2024-01-03T08:00:00.000Z,0.00024384
2024-01-03T16:00:00.000Z,0.00010000
2024-01-04T00:00:00.000Z,0.00010000
2024-01-04T08:00:00.000Z,0.00010000
2024-01-04T16:00:00.000Z,0.00010000
2024-01-05T00:00:00.001Z,0.00010000
2024-01-05T08:00:00.000Z,0.00010000
2024-01-05T16:00:00.000Z,0.00010000
2024-01-06T00:00:00.000Z,0.00010000
2024-01-06T08:00:00.000Z,0.00010000
2024-01-06T16:00:00.000Z,0.00010000
2024-01-07T00:00:00.000Z,0.00010000
2024-01-07T08:00:00.001Z,0.00010000
2024-01-07T16:00:00.001Z,0.00010000
2024-01-08T00:00:00.000Z,0.00010000
2024-01-08T08:00:00.000Z,0.00010000
2024-01-08T16:00:00.000Z,0.00010000
2024-01-09T00:00:00.001Z,0.00010000
2024-01-09T08:00:00.000Z,0.00010000
2024-01-09T16:00:00.000Z,0.00010000
2024-01-10T00:00:00.000Z,0.00010000
2024-01-10T08:00:00.000Z,0.00010000
2024-01-10T16:00:00.000Z,0.00010000
2024-01-11T00:00:00.000Z,0.00010000
2024-01-11T08:00:00.000Z,0.00010000
2024-01-11T16:00:00.000Z,0.00010000
2024-01-12T00:00:00.001Z,0.00010000
2024-01-12T08:00:00.000Z,0.00010000
2024-01-12T16:00:00.000Z,0.00010000
2024-01-13T00:00:00.000Z,0.00010000
2024-01-13T08:00:00.000Z,0.00010000
2024-01-13T16:00:00.001Z,0.00010000
2024-01-14T00:00:00.000Z,0.00010000
2024-01-14T08:00:00.000Z,0.00010000
2024-01-14T16:00:00.001Z,0.00010000
2024-01-15T00:00:00.000Z,0.00010000
2024-01-15T08:00:00.000Z,0.00010000
2024-01-15T16:00:00.000Z,0.00010000
2024-01-16T00:00:00.000Z,0.00010000
2024-01-16T08:00:00.000Z,0.00010000
2024-01-16T16:00:00.001Z,0.00010000
2024-01-17T00:00:00.000Z,0.00010000
2024-01-17T08:00:00.000Z,0.00010000
2024-01-17T16:00:00.000Z,0.00010000
2024-01-18T00:00:00.001Z,0.00010000
2024-01-18T08:00:00.000Z,0.00010000
2024-01-18T16:00:00.000Z,0.00010000
2024-01-19T00:00:00.000Z,0.00010000
2024-01-19T08:00:00.000Z,0.00010000
2024-01-19T16:00:00.002Z,0.00010000
2024-01-20T00:00:00.000Z,0.00010000
2024-01-20T08:00:00.003Z,0.00010000
2024-01-20T16:00:00.000Z,0.00010000
2024-01-21T00:00:00.000Z,0.00010000
2024-01-21T08:00:00.000Z,0.00010000
2024-01-21T16:00:00.000Z,0.00010000
2024-01-22T00:00:00.000Z,0.00010000
2024-01-22T08:00:00.000Z,0.00010000
2024-01-22T16:00:00.000Z,0.00010000
2024-01-23T00:00:00.000Z,0.00010000
2024-01-23T08:00:00.000Z,0.00010000
2024-01-23T16:00:00.000Z,0.00010000
2024-01-24T00:00:00.000Z,0.00010000
2024-01-24T08:00:00.000Z,0.00010000
2024-01-24T16:00:00.000Z,0.00010000
2024-01-25T00:00:00.000Z,0.00010000
2024-01-25T08:00:00.001Z,0.00010000
2024-01-25T16:00:00.000Z,0.00010000
2024-01-26T00:00:00.001Z,0.00010000
2024-01-26T08:00:00.000Z,0.00010000
2024-01-26T16:00:00.000Z,0.00010000
2024-01-27T00:00:00.000Z,0.00006877
2024-01-27T08:00:00.000Z,0.00010000
2024-01-27T16:00:00.000Z,0.00010000
2024-01-28T00:00:00.000Z,0.00006557
2024-01-28T08:00:00.000Z,0.00006135
2024-01-28T16:00:00.000Z,0.00008266
2024-01-29T00:00:00.000Z,0.00010000
2024-01-29T08:00:00.001Z,0.00010000
2024-01-29T16:00:00.000Z,0.00010000
2024-01-30T00:00:00.000Z,0.00010000
2024-01-30T08:00:00.000Z,0.00006195
2024-01-30T16:00:00.001Z,0.00010000
2024-01-31T00:00:00.000Z,0.00010000
2024-01-31T08:00:00.000Z,0.00010000
2024-01-31T16:00:00.000Z,0.00010000
2024-02-01T00:00:00.000Z,0.00005527
2024-02-01T08:00:00.000Z,0.00007871
2024-02-01T16:00:00.002Z,0.00010000
2024-02-02T00:00:00.000Z,0.00010000
2024-02-02T08:00:00.000Z,0.00003678
2024-02-02T16:00:00.000Z,0.00010000
2024-02-03T00:00:00.000Z,0.00008150
2024-02-03T08:00:00.000Z,0.00010000
2024-02-03T16:00:00.001Z,0.00004476
2024-02-04T00:00:00.000Z,0.00003180
2024-02-04T08:00:00.004Z,0.00009094
2024-02-04T16:00:00.000Z,0.00010000
2024-02-05T00:00:00.000Z,0.00010000
2024-02-05T08:00:00.000Z,0.00010000
2024-02-05T16:00:00.000Z,0.00010000
2024-02-06T00:00:00.000Z,0.00005691
2024-02-06T08:00:00.001Z,0.00010000
2024-02-06T16:00:00.000Z,0.00010000
2024-02-07T00:00:00.000Z,0.00007659
2024-02-07T08:00:00.000Z,0.00004883
2024-02-07T16:00:00.000Z,0.00004309
2024-02-08T00:00:00.000Z,0.00010000
2024-02-08T08:00:00.000Z,0.00007523
2024-02-08T16:00:00.000Z,0.00009802
2024-02-09T00:00:00.000Z,0.00007752
2024-02-09T08:00:00.000Z,0.00010000
2024-02-09T16:00:00.001Z,0.00010000
2024-02-10T00:00:00.001Z,0.00007838
2024-02-10T08:00:00.000Z,0.00009615
2024-02-10T16:00:00.000Z,0.00009995
2024-02-11T00:00:00.000Z,0.00010000
2024-02-11T08:00:00.001Z,0.00010000
2024-02-11T16:00:00.000Z,0.00004792
2024-02-12T00:00:00.000Z,0.00005076
2024-02-12T08:00:00.000Z,0.00009971
2024-02-12T16:00:00.000Z,0.00010000
2024-02-13T00:00:00.000Z,0.00010000
2024-02-13T08:00:00.000Z,0.00010000
2024-02-13T16:00:00.000Z,0.00010000
2024-02-14T00:00:00.000Z,0.00010000
2024-02-14T08:00:00.000Z,0.00010000
2024-02-14T16:00:00.000Z,0.00013082
2024-02-15T00:00:00.000Z,0.00010000
2024-02-15T08:00:00.000Z,0.00012136
2024-02-15T16:00:00.000Z,0.00015412
2024-02-16T00:00:00.000Z,0.00011125
2024-02-16T08:00:00.000Z,0.00011597
2024-02-16T16:00:00.000Z,0.00010000
2024-02-17T00:00:00.000Z,0.00010000
2024-02-17T08:00:00.000Z,0.00010000
2024-02-17T16:00:00.000Z,0.00013519
2024-02-18T00:00:00.000Z,0.00010000
2024-02-18T08:00:00.000Z,0.00011140
2024-02-18T16:00:00.000Z,0.00010000
2024-02-19T00:00:00.000Z,0.00010000
2024-02-19T08:00:00.000Z,0.00010000
2024-02-19T16:00:00.000Z,0.00010000
2024-02-20T00:00:00.000Z,0.00026500
2024-02-20T08:00:00.000Z,0.00010000
2024-02-20T16:00:00.000Z,0.00025431
2024-02-21T00:00:00.000Z,0.00020319
2024-02-21T08:00:00.000Z,0.00011802
2024-02-21T16:00:00.000Z,0.00010000
2024-02-22T00:00:00.001Z,0.00010000
2024-02-22T08:00:00.001Z,0.00010000
2024-02-22T16:00:00.000Z,0.00010000
2024-02-23T00:00:00.000Z,0.00010000
2024-02-23T08:00:00.000Z,0.00010000
2024-02-23T16:00:00.000Z,0.00010000
2024-02-24T00:00:00.000Z,0.00010000
2024-02-24T08:00:00.001Z,0.00010000
2024-02-24T16:00:00.000Z,0.00010000
2024-02-25T00:00:00.001Z,0.00010000
2024-02-25T08:00:00.000Z,0.00025856
2024-02-25T16:00:00.000Z,0.00021110
2024-02-26T00:00:00.000Z,0.00059496
2024-02-26T08:00:00.000Z,0.00018258
2024-02-26T16:00:00.000Z,0.00020172
2024-02-27T00:00:00.000Z,0.00028561
2024-02-27T08:00:00.000Z,0.00066751
2024-02-27T16:00:00.000Z,0.00029666
2024-02-28T00:00:00.000Z,0.00033546
2024-02-28T08:00:00.000Z,0.00032021
2024-02-28T16:00:00.000Z,0.00043581
2024-02-29T00:00:00.000Z,0.00062574
2024-02-29T08:00:00.000Z,0.00073381
2024-02-29T16:00:00.000Z,0.00075727
2024-03-01T00:00:00.000Z,0.00053040
2024-03-01T08:00:00.000Z,0.00039096
2024-03-01T16:00:00.000Z,0.00052446
2024-03-02T00:00:00.000Z,0.00048856
2024-03-02T08:00:00.001Z,0.00057488
2024-03-02T16:00:00.000Z,0.00055344
2024-03-03T00:00:00.000Z,0.00039105
2024-03-03T08:00:00.000Z,0.00038668
2024-03-03T16:00:00.000Z,0.00037021
2024-03-04T00:00:00.000Z,0.00041907
2024-03-04T08:00:00.000Z,0.00028996
2024-03-04T16:00:00.000Z,0.00050061
2024-03-05T00:00:00.000Z,0.00038776
2024-03-05T08:00:00.000Z,0.00101724
2024-03-05T16:00:00.000Z,0.00082409
2024-03-06T00:00:00.000Z,0.00020580
2024-03-06T08:00:00.001Z,0.00038362
2024-03-06T16:00:00.000Z,0.00040511
2024-03-07T00:00:00.000Z,0.00035699
2024-03-07T08:00:00.000Z,0.00039169
2024-03-07T16:00:00.000Z,0.00044218
2024-03-08T00:00:00.000Z,0.00042931
2024-03-08T08:00:00.000Z,0.00057985
2024-03-08T16:00:00.000Z,0.00048823
2024-03-09T00:00:00.000Z,0.00033201
2024-03-09T08:00:00.001Z,0.00036530
2024-03-09T16:00:00.000Z,0.00035498
2024-03-10T00:00:00.000Z,0.00034688
2024-03-10T08:00:00.000Z,0.00049375
2024-03-10T16:00:00.000Z,0.00029818
2024-03-11T00:00:00.000Z,0.00029368
2024-03-11T08:00:00.000Z,0.00067235
2024-03-11T16:00:00.000Z,0.00064296
2024-03-12T00:00:00.000Z,0.00068106
2024-03-12T08:00:00.000Z,0.00037542
2024-03-12T16:00:00.000Z,0.00048306
2024-03-13T00:00:00.000Z,0.00046983
2024-03-13T08:00:00.001Z,0.00060121
2024-03-13T16:00:00.000Z,0.00044242
2024-03-14T00:00:00.001Z,0.00040995
2024-03-14T08:00:00.000Z,0.00050365
2024-03-14T16:00:00.000Z,0.00035217
2024-03-15T00:00:00.000Z,0.00040271
2024-03-15T08:00:00.000Z,0.00023171
2024-03-15T16:00:00.000Z,0.00033557
2024-03-16T00:00:00.000Z,0.00018856
2024-03-16T08:00:00.000Z,0.00027490
2024-03-16T16:00:00.000Z,0.00028914
2024-03-17T00:00:00.000Z,0.00013396
2024-03-17T08:00:00.000Z,0.00011824
2024-03-17T16:00:00.000Z,0.00030376
2024-03-18T00:00:00.000Z,0.00017304
2024-03-18T08:00:00.000Z,0.00026393
2024-03-18T16:00:00.001Z,0.00029608
2024-03-19T00:00:00.000Z,0.00028148
2024-03-19T08:00:00.000Z,0.00023311
2024-03-19T16:00:00.001Z,0.00013469
2024-03-20T00:00:00.000Z,0.00016096
2024-03-20T08:00:00.004Z,0.00010000
2024-03-20T16:00:00.000Z,0.00010000
2024-03-21T00:00:00.000Z,0.00019507
2024-03-21T08:00:00.000Z,0.00013771
2024-03-21T16:00:00.000Z,0.00017743
2024-03-22T00:00:00.000Z,0.00022775
2024-03-22T08:00:00.000Z,0.00023317
2024-03-22T16:00:00.000Z,0.00016092
2024-03-23T00:00:00.000Z,0.00010552
2024-03-23T08:00:00.000Z,0.00012459
2024-03-23T16:00:00.000Z,0.00013906
2024-03-24T00:00:00.000Z,0.00012767
2024-03-24T08:00:00.000Z,0.00017907
2024-03-24T16:00:00.000Z,0.00017171
2024-03-25T00:00:00.000Z,0.00020242
2024-03-25T08:00:00.001Z,0.00011009
2024-03-25T16:00:00.000Z,0.00022958
2024-03-26T00:00:00.000Z,0.00039028
2024-03-26T08:00:00.000Z,0.00018000
2024-03-26T16:00:00.000Z,0.00026242
2024-03-27T00:00:00.000Z,0.00024667
2024-03-27T08:00:00.001Z,0.00021635
2024-03-27T16:00:00.000Z,0.00035332
2024-03-28T00:00:00.000Z,0.00038952
2024-03-28T08:00:00.000Z,0.00035672
2024-03-28T16:00:00.000Z,0.00036879
2024-03-29T00:00:00.000Z,0.00034117
2024-03-29T08:00:00.000Z,0.00030332
2024-03-29T16:00:00.000Z,0.00037327
2024-03-30T00:00:00.000Z,0.00024188
2024-03-30T08:00:00.000Z,0.00024854
2024-03-30T16:00:00.000Z,0.00045204
2024-03-31T00:00:00.000Z,0.00026461
2024-03-31T08:00:00.000Z,0.00065366
2024-03-31T16:00:00.001Z,0.00058292
2024-04-01T00:00:00.000Z,0.00060909
2024-04-01T08:00:00.000Z,0.00035798
2024-04-01T16:00:00.000Z,0.00019362
2024-04-02T00:00:00.007Z,0.00015034
2024-04-02T08:00:00.015Z,0.00010000
2024-04-02T16:00:00.000Z,0.00012642
2024-04-03T00:00:00.000Z,0.00010000
2024-04-03T08:00:00.000Z,0.00010000
2024-04-03T16:00:00.000Z,0.00010000
2024-04-04T00:00:00.000Z,0.00010000
2024-04-04T08:00:00.000Z,0.00010000
2024-04-04T16:00:00.000Z,0.00010000
2024-04-05T00:00:00.000Z,0.00010000
2024-04-05T08:00:00.000Z,0.00010000
2024-04-05T16:00:00.000Z,0.00010000
2024-04-06T00:00:00.000Z,0.00016732
2024-04-06T08:00:00.000Z,0.00010000
2024-04-06T16:00:00.000Z,0.00010000
2024-04-07T00:00:00.000Z,0.00010000
2024-04-07T08:00:00.000Z,0.00010000
2024-04-07T16:00:00.000Z,0.00010000
2024-04-08T00:00:00.001Z,0.00010000
2024-04-08T08:00:00.000Z,0.00010000
2024-04-08T16:00:00.006Z,0.00031896
2024-04-09T00:00:00.000Z,0.00024848
2024-04-09T08:00:00.001Z,0.00010159
2024-04-09T16:00:00.001Z,0.00015222
2024-04-10T00:00:00.000Z,0.00018733
2024-04-10T08:00:00.001Z,0.00015363
2024-04-10T16:00:00.000Z,0.00013253
2024-04-11T00:00:00.000Z,0.00010000
2024-04-11T08:00:00.000Z,0.00015483
2024-04-11T16:00:00.000Z,0.00010000
2024-04-12T00:00:00.000Z,0.00010000
2024-04-12T08:00:00.001Z,0.00010000
2024-04-12T16:00:00.000Z,0.00010000
2024-04-13T00:00:00.000Z,0.00010000
2024-04-13T08:00:00.000Z,0.00010000
2024-04-13T16:00:00.001Z,0.00010000
2024-04-14T00:00:00.000Z,0.00010000
2024-04-14T08:00:00.000Z,0.00010000
2024-04-14T16:00:00.000Z,0.00010000
2024-04-15T00:00:00.000Z,0.00010000
2024-04-15T08:00:00.001Z,0.00005422
2024-04-15T16:00:00.000Z,0.00008871
2024-04-16T00:00:00.001Z,0.00007898
2024-04-16T08:00:00.000Z,0.00008536
2024-04-16T16:00:00.000Z,0.00005787
2024-04-17T00:00:00.000Z,0.00009805
2024-04-17T08:00:00.000Z,0.00000511
2024-04-17T16:00:00.000Z,0.00000492
2024-04-18T00:00:00.000Z,0.00003509
2024-04-18T08:00:00.000Z,0.00002246
2024-04-18T16:00:00.000Z,0.00006353
2024-04-19T00:00:00.001Z,0.00003973
2024-04-19T08:00:00.000Z,0.00008503
2024-04-19T16:00:00.000Z,0.00005417
2024-04-20T00:00:00.000Z,0.00010000
2024-04-20T08:00:00.000Z,0.00002386
2024-04-20T16:00:00.000Z,0.00005114
2024-04-21T00:00:00.000Z,0.00005559
2024-04-21T08:00:00.000Z,-0.00000627
2024-04-21T16:00:00.000Z,0.00004395
2024-04-22T00:00:00.000Z,0.00003417
2024-04-22T08:00:00.000Z,0.00004908
2024-04-22T16:00:00.000Z,-0.00001974
2024-04-23T00:00:00.000Z,0.00000674
2024-04-23T08:00:00.000Z,0.00001147
2024-04-23T16:00:00.001Z,0.00006979
2024-04-24T00:00:00.000Z,0.00004713
2024-04-24T08:00:00.000Z,0.00001937
2024-04-24T16:00:00.000Z,0.00004804
2024-04-25T00:00:00.000Z,0.00000466
2024-04-25T08:00:00.000Z,0.00001706
2024-04-25T16:00:00.010Z,0.00010000
2024-04-26T00:00:00.001Z,0.00001631
2024-04-26T08:00:00.000Z,0.00003847
2024-04-26T16:00:00.000Z,0.00004582
2024-04-27T00:00:00.000Z,0.00010000
2024-04-27T08:00:00.001Z,0.00007026
2024-04-27T16:00:00.000Z,0.00002355
2024-04-28T00:00:00.000Z,0.00009322
2024-04-28T08:00:00.000Z,0.00008300
2024-04-28T16:00:00.000Z,0.00008272
2024-04-29T00:00:00.000Z,0.00008816
2024-04-29T08:00:00.000Z,0.00010000
2024-04-29T16:00:00.000Z,0.00005981
2024-04-30T00:00:00.000Z,0.00007518
2024-04-30T08:00:00.000Z,0.00007389
2024-04-30T16:00:00.000Z,0.00003887
2024-05-01T00:00:00.000Z,0.00001865
2024-05-01T08:00:00.000Z,0.00004890
2024-05-01T16:00:00.000Z,0.00007347
2024-05-02T00:00:00.000Z,-0.00000086
2024-05-02T08:00:00.000Z,0.00009579
2024-05-02T16:00:00.002Z,0.00007757
2024-05-03T00:00:00.000Z,0.00004044
2024-05-03T08:00:00.000Z,0.00002157
2024-05-03T16:00:00.000Z,0.00003457
2024-05-04T00:00:00.000Z,0.00004290
2024-05-04T08:00:00.000Z,0.00008465
2024-05-04T16:00:00.000Z,0.00007001
2024-05-05T00:00:00.000Z,0.00008848
2024-05-05T08:00:00.000Z,0.00009394
2024-05-05T16:00:00.000Z,0.00005578
2024-05-06T00:00:00.000Z,0.00005569
2024-05-06T08:00:00.000Z,0.00010000
2024-05-06T16:00:00.000Z,0.00009025
2024-05-07T00:00:00.000Z,0.00007342
2024-05-07T08:00:00.000Z,0.00004028
2024-05-07T16:00:00.000Z,0.00006978
2024-05-08T00:00:00.000Z,0.00007764
2024-05-08T08:00:00.000Z,0.00007236
2024-05-08T16:00:00.000Z,0.00010000
2024-05-09T00:00:00.000Z,0.00010000
2024-05-09T08:00:00.000Z,0.00010000
2024-05-09T16:00:00.000Z,0.00010000
2024-05-10T00:00:00.000Z,0.00009040
2024-05-10T08:00:00.000Z,0.00010000
2024-05-10T16:00:00.000Z,0.00005137
2024-05-11T00:00:00.000Z,0.00007578
2024-05-11T08:00:00.000Z,0.00006690
2024-05-11T16:00:00.000Z,0.00008517
2024-05-12T00:00:00.000Z,0.00008010
2024-05-12T08:00:00.000Z,0.00007264
2024-05-12T16:00:00.000Z,0.00006269
2024-05-13T00:00:00.001Z,0.00005829
2024-05-13T08:00:00.001Z,0.00010000
2024-05-13T16:00:00.000Z,0.00010000
2024-05-14T00:00:00.000Z,0.00010000
2024-05-14T08:00:00.000Z,0.00008140
2024-05-14T16:00:00.000Z,0.00009124
2024-05-15T00:00:00.000Z,0.00010000
2024-05-15T08:00:00.000Z,0.00008171
2024-05-15T16:00:00.000Z,0.00009162
2024-05-16T00:00:00.004Z,0.00010000
2024-05-16T08:00:00.000Z,0.00006453
2024-05-16T16:00:00.000Z,0.00005401
2024-05-17T00:00:00.000Z,0.00005324
2024-05-17T08:00:00.000Z,0.00008531
2024-05-17T16:00:00.000Z,0.00004333
2024-05-18T00:00:00.000Z,0.00007513
2024-05-18T08:00:00.000Z,0.00003431
2024-05-18T16:00:00.000Z,0.00007815
2024-05-19T00:00:00.000Z,0.00007388
2024-05-19T08:00:00.000Z,0.00003451
2024-05-19T16:00:00.000Z,0.00008825
2024-05-20T00:00:00.000Z,0.00009672
2024-05-20T08:00:00.000Z,0.00001916
2024-05-20T16:00:00.003Z,0.00004643
2024-05-21T00:00:00.000Z,0.00010000
2024-05-21T08:00:00.001Z,0.00019404
2024-05-21T16:00:00.000Z,0.00010000
2024-05-22T00:00:00.000Z,0.00012452
2024-05-22T08:00:00.000Z,0.00015189
2024-05-22T16:00:00.000Z,0.00010000
2024-05-23T00:00:00.000Z,0.00010000
2024-05-23T08:00:00.000Z,0.00010000
2024-05-23T16:00:00.000Z,0.00010000
2024-05-24T00:00:00.000Z,0.00010000
2024-05-24T08:00:00.000Z,0.00010000
2024-05-24T16:00:00.000Z,0.00010000
2024-05-25T00:00:00.000Z,0.00010000
2024-05-25T08:00:00.000Z,0.00010000
2024-05-25T16:00:00.000Z,0.00010000
2024-05-26T00:00:00.000Z,0.00010000
2024-05-26T08:00:00.000Z,0.00010000
2024-05-26T16:00:00.000Z,0.00010000
2024-05-27T00:00:00.000Z,0.00010000
2024-05-27T08:00:00.000Z,0.00010000
2024-05-27T16:00:00.000Z,0.00010000
2024-05-28T00:00:00.000Z,0.00010000
2024-05-28T08:00:00.000Z,0.00010000
2024-05-28T16:00:00.000Z,0.00012190
2024-05-29T00:00:00.001Z,0.00017485
2024-05-29T08:00:00.000Z,0.00010000
2024-05-29T16:00:00.000Z,0.00017700
2024-05-30T00:00:00.000Z,0.00025357
2024-05-30T08:00:00.000Z,0.00014202
2024-05-30T16:00:00.000Z,0.00018706
2024-05-31T00:00:00.000Z,0.00010000
2024-05-31T08:00:00.000Z,0.00010793
2024-05-31T16:00:00.000Z,0.00012319
2024-06-01T00:00:00.000Z,0.00017131
2024-06-01T08:00:00.000Z,0.00013009
2024-06-01T16:00:00.001Z,0.00011557
2024-06-02T00:00:00.000Z,0.00015695
2024-06-02T08:00:00.000Z,0.00010000
2024-06-02T16:00:00.000Z,0.00010000
2024-06-03T00:00:00.000Z,0.00012702
2024-06-03T08:00:00.000Z,0.00015803
2024-06-03T16:00:00.000Z,0.00012815
2024-06-04T00:00:00.000Z,0.00010000
2024-06-04T08:00:00.000Z,0.00010000
2024-06-04T16:00:00.000Z,0.00010800
2024-06-05T00:00:00.000Z,0.00016969
2024-06-05T08:00:00.000Z,0.00010000
2024-06-05T16:00:00.000Z,0.00010659
2024-06-06T00:00:00.000Z,0.00019461
2024-06-06T08:00:00.008Z,0.00020328
2024-06-06T16:00:00.000Z,0.00014989
2024-06-07T00:00:00.000Z,0.00016105
2024-06-07T08:00:00.000Z,0.00013228
2024-06-07T16:00:00.000Z,0.00017029
2024-06-08T00:00:00.000Z,0.00010000
2024-06-08T08:00:00.000Z,0.00010000
2024-06-08T16:00:00.000Z,0.00010000
2024-06-09T00:00:00.000Z,0.00010000
2024-06-09T08:00:00.000Z,0.00010000
2024-06-09T16:00:00.001Z,0.00010000
2024-06-10T00:00:00.000Z,0.00010000
2024-06-10T08:00:00.000Z,0.00010000
2024-06-10T16:00:00.001Z,0.00010000
2024-06-11T00:00:00.001Z,0.00010000
2024-06-11T08:00:00.000Z,0.00010000
2024-06-11T16:00:00.000Z,0.00010000
2024-06-12T00:00:00.000Z,0.00010000
2024-06-12T08:00:00.000Z,0.00010000
2024-06-12T16:00:00.000Z,0.00010000
2024-06-13T00:00:00.000Z,0.00010000
2024-06-13T08:00:00.001Z,0.00010000
2024-06-13T16:00:00.000Z,0.00010000
2024-06-14T00:00:00.000Z,0.00010000
2024-06-14T08:00:00.000Z,0.00010000
2024-06-14T16:00:00.000Z,0.00010000
2024-06-15T00:00:00.000Z,0.00010000
2024-06-15T08:00:00.000Z,0.00010000
2024-06-15T16:00:00.000Z,0.00010000
2024-06-16T00:00:00.001Z,0.00010000
2024-06-16T08:00:00.000Z,0.00010000
2024-06-16T16:00:00.000Z,0.00010000
2024-06-17T00:00:00.000Z,0.00010000
2024-06-17T08:00:00.000Z,0.00010000
2024-06-17T16:00:00.000Z,0.00009137
2024-06-18T00:00:00.000Z,0.00006649
2024-06-18T08:00:00.000Z,0.00007836
2024-06-18T16:00:00.000Z,0.00006211
2024-06-19T00:00:00.001Z,0.00010000
2024-06-19T08:00:00.001Z,0.00010000
2024-06-19T16:00:00.000Z,0.00006122
2024-06-20T00:00:00.000Z,0.00010000
2024-06-20T08:00:00.000Z,0.00006409
2024-06-20T16:00:00.000Z,0.00003148
2024-06-21T00:00:00.000Z,0.00000746
2024-06-21T08:00:00.000Z,0.00002103
2024-06-21T16:00:00.000Z,0.00010000
2024-06-22T00:00:00.000Z,0.00004564
2024-06-22T08:00:00.000Z,0.00005837
2024-06-22T16:00:00.000Z,0.00003914
2024-06-23T00:00:00.000Z,0.00006710
2024-06-23T08:00:00.000Z,0.00004594
2024-06-23T16:00:00.000Z,0.00003591
2024-06-24T00:00:00.002Z,0.00007672
2024-06-24T08:00:00.000Z,0.00010000
2024-06-24T16:00:00.000Z,0.00007410
2024-06-25T00:00:00.000Z,0.00010000
2024-06-25T08:00:00.000Z,0.00010000
2024-06-25T16:00:00.000Z,0.00010000
2024-06-26T00:00:00.002Z,0.00010000
2024-06-26T08:00:00.000Z,0.00010000
2024-06-26T16:00:00.000Z,0.00010000
2024-06-27T00:00:00.000Z,0.00010000
2024-06-27T08:00:00.001Z,0.00010000
2024-06-27T16:00:00.000Z,0.00010000
2024-06-28T00:00:00.000Z,0.00010000
2024-06-28T08:00:00.000Z,0.00010000
2024-06-28T16:00:00.000Z,0.00010000
2024-06-29T00:00:00.001Z,0.00010000
2024-06-29T08:00:00.000Z,0.00010000
2024-06-29T16:00:00.000Z,0.00010000
2024-06-30T00:00:00.000Z,0.00010000
2024-06-30T08:00:00.000Z,0.00010000
2024-06-30T16:00:00.000Z,0.00010000
2024-07-01T00:00:00.000Z,0.00010000
2024-07-01T08:00:00.000Z,0.00010000
2024-07-01T16:00:00.001Z,0.00010000
2024-07-02T00:00:00.000Z,0.00010000
2024-07-02T08:00:00.000Z,0.00010000
2024-07-02T16:00:00.000Z,0.00010000
2024-07-03T00:00:00.000Z,0.00010000
2024-07-03T08:00:00.001Z,0.00010000
2024-07-03T16:00:00.000Z,0.00010000
2024-07-04T00:00:00.000Z,0.00010000
2024-07-04T08:00:00.000Z,0.00010000
2024-07-04T16:00:00.000Z,0.00010000
2024-07-05T00:00:00.000Z,0.00010000
2024-07-05T08:00:00.000Z,0.00009550
2024-07-05T16:00:00.000Z,0.00004923
2024-07-06T00:00:00.000Z,0.00009007
2024-07-06T08:00:00.000Z,0.00006597
2024-07-06T16:00:00.000Z,0.00005847
2024-07-07T00:00:00.001Z,0.00003941
2024-07-07T08:00:00.000Z,0.00008938
2024-07-07T16:00:00.000Z,0.00005389
2024-07-08T00:00:00.000Z,0.00010000
2024-07-08T08:00:00.000Z,0.00003423
2024-07-08T16:00:00.000Z,0.00009357
2024-07-09T00:00:00.000Z,0.00005681
2024-07-09T08:00:00.001Z,0.00001078
2024-07-09T16:00:00.000Z,0.00007754
2024-07-10T00:00:00.000Z,0.00003746
2024-07-10T08:00:00.000Z,0.00001713
2024-07-10T16:00:00.000Z,0.00010000
2024-07-11T00:00:00.002Z,0.00004282
2024-07-11T08:00:00.002Z,0.00008656
2024-07-11T16:00:00.004Z,0.00005603
2024-07-12T00:00:00.000Z,0.00010000
2024-07-12T08:00:00.000Z,0.00004730
2024-07-12T16:00:00.000Z,0.00007154
2024-07-13T00:00:00.000Z,0.00010000
2024-07-13T08:00:00.000Z,0.00010000
2024-07-13T16:00:00.000Z,0.00007584
2024-07-14T00:00:00.000Z,0.00010000
2024-07-14T08:00:00.000Z,0.00006352
2024-07-14T16:00:00.000Z,0.00003194
2024-07-15T00:00:00.000Z,0.00009653
2024-07-15T08:00:00.000Z,0.00004043
2024-07-15T16:00:00.000Z,0.00004690
2024-07-16T00:00:00.000Z,0.00002643
2024-07-16T08:00:00.000Z,0.00009799
2024-07-16T16:00:00.000Z,0.00006395
2024-07-17T00:00:00.000Z,0.00005824
2024-07-17T08:00:00.001Z,0.00008064
2024-07-17T16:00:00.000Z,0.00006113
2024-07-18T00:00:00.000Z,0.00010000
2024-07-18T08:00:00.000Z,0.00006727
2024-07-18T16:00:00.000Z,0.00003237
2024-07-19T00:00:00.000Z,0.00004387
2024-07-19T08:00:00.000Z,0.00008153
2024-07-19T16:00:00.000Z,0.00010000
2024-07-20T00:00:00.001Z,0.00005271
2024-07-20T08:00:00.000Z,0.00008573
2024-07-20T16:00:00.000Z,0.00002468
2024-07-21T00:00:00.000Z,0.00010000
2024-07-21T08:00:00.000Z,0.00001524
2024-07-21T16:00:00.000Z,0.00006721
2024-07-22T00:00:00.000Z,0.00009867
2024-07-22T08:00:00.000Z,0.00007749
2024-07-22T16:00:00.000Z,0.00002820
2024-07-23T00:00:00.000Z,0.00007792
2024-07-23T08:00:00.000Z,0.00010000
2024-07-23T16:00:00.000Z,0.00009013
2024-07-24T00:00:00.000Z,0.00007865
2024-07-24T08:00:00.000Z,0.00008396
2024-07-24T16:00:00.000Z,0.00006706
2024-07-25T00:00:00.000Z,0.00009460
2024-07-25T08:00:00.000Z,0.00000204
2024-07-25T16:00:00.000Z,0.00003720
2024-07-26T00:00:00.000Z,0.00003903
2024-07-26T08:00:00.000Z,0.00004196
2024-07-26T16:00:00.000Z,0.00004001
2024-07-27T00:00:00.000Z,0.00003050
2024-07-27T08:00:00.000Z,0.00007422
2024-07-27T16:00:00.000Z,0.00001780
2024-07-28T00:00:00.000Z,0.00010000
2024-07-28T08:00:00.000Z,0.00010000
2024-07-28T16:00:00.001Z,0.00010000
2024-07-29T00:00:00.001Z,0.00008174
2024-07-29T08:00:00.000Z,0.00010000
2024-07-29T16:00:00.001Z,0.00010000
2024-07-30T00:00:00.000Z,0.00010000
2024-07-30T08:00:00.001Z,0.00010000
2024-07-30T16:00:00.000Z,0.00010000
2024-07-31T00:00:00.000Z,0.00010000
2024-07-31T08:00:00.000Z,0.00010000
2024-07-31T16:00:00.000Z,0.00010000
2024-08-01T00:00:00.000Z,0.00010000
2024-08-01T08:00:00.000Z,0.00005973
2024-08-01T16:00:00.000Z,0.00010000
2024-08-02T00:00:00.000Z,0.00007641
2024-08-02T08:00:00.001Z,0.00007771
2024-08-02T16:00:00.000Z,0.00003785
2024-08-03T00:00:00.000Z,0.00008493
2024-08-03T08:00:00.000Z,0.00002920
2024-08-03T16:00:00.001Z,0.00004820
2024-08-04T00:00:00.000Z,0.00004181
2024-08-04T08:00:00.000Z,0.00001635
2024-08-04T16:00:00.000Z,0.00006815
2024-08-05T00:00:00.000Z,-0.00001700
2024-08-05T08:00:00.000Z,-0.00000458
2024-08-05T16:00:00.000Z,-0.00005766
2024-08-06T00:00:00.000Z,-0.00002276
2024-08-06T08:00:00.000Z,-0.00010667
2024-08-06T16:00:00.000Z,-0.00001110
2024-08-07T00:00:00.000Z,-0.00004250
2024-08-07T08:00:00.001Z,-0.00000616
2024-08-07T16:00:00.000Z,-0.00004478
2024-08-08T00:00:00.001Z,-0.00004377
2024-08-08T08:00:00.000Z,-0.00001083
2024-08-08T16:00:00.000Z,-0.00003437
2024-08-09T00:00:00.000Z,0.00001139
2024-08-09T08:00:00.000Z,0.00004212
2024-08-09T16:00:00.000Z,-0.00002753
2024-08-10T00:00:00.000Z,-0.00004249
2024-08-10T08:00:00.000Z,0.00003504
2024-08-10T16:00:00.000Z,0.00001614
2024-08-11T00:00:00.000Z,-0.00000882
2024-08-11T08:00:00.000Z,0.00000973
2024-08-11T16:00:00.001Z,0.00000346
2024-08-12T00:00:00.000Z,0.00001047
2024-08-12T08:00:00.000Z,0.00006766
2024-08-12T16:00:00.000Z,0.00006424
2024-08-13T00:00:00.000Z,0.00007892
2024-08-13T08:00:00.000Z,-0.00006036
2024-08-13T16:00:00.000Z,-0.00004532
2024-08-14T00:00:00.000Z,0.00000555
2024-08-14T08:00:00.000Z,0.00003166
2024-08-14T16:00:00.000Z,-0.00003462
2024-08-15T00:00:00.000Z,0.00005044
2024-08-15T08:00:00.000Z,0.00007775
2024-08-15T16:00:00.000Z,0.00000662
2024-08-16T00:00:00.000Z,-0.00001182
2024-08-16T08:00:00.000Z,0.00002105
2024-08-16T16:00:00.000Z,0.00003363
2024-08-17T00:00:00.000Z,0.00002448
2024-08-17T08:00:00.000Z,-0.00002485
2024-08-17T16:00:00.000Z,-0.00003471
2024-08-18T00:00:00.000Z,0.00000782
2024-08-18T08:00:00.000Z,-0.00004706
2024-08-18T16:00:00.000Z,-0.00000142
2024-08-19T00:00:00.000Z,-0.00003660
2024-08-19T08:00:00.000Z,0.00000859
2024-08-19T16:00:00.002Z,-0.00001530
2024-08-20T00:00:00.000Z,0.00000969
2024-08-20T08:00:00.000Z,0.00001977
2024-08-20T16:00:00.001Z,-0.00002726
2024-08-21T00:00:00.001Z,0.00001330
2024-08-21T08:00:00.000Z,0.00002306
2024-08-21T16:00:00.001Z,0.00004139
2024-08-22T00:00:00.000Z,-0.00000946
2024-08-22T08:00:00.000Z,0.00003544
2024-08-22T16:00:00.008Z,0.00002010
2024-08-23T00:00:00.000Z,0.00006601
2024-08-23T08:00:00.000Z,0.00006071
2024-08-23T16:00:00.000Z,-0.00000172
2024-08-24T00:00:00.000Z,-0.00001504
2024-08-24T08:00:00.005Z,0.00000970
2024-08-24T16:00:00.000Z,0.00000581
2024-08-25T00:00:00.000Z,-0.00003389
2024-08-25T08:00:00.000Z,0.00003311
2024-08-25T16:00:00.000Z,0.00002579
2024-08-26T00:00:00.000Z,0.00002145
2024-08-26T08:00:00.001Z,0.00005677
2024-08-26T16:00:00.000Z,0.00006339
2024-08-27T00:00:00.001Z,0.00009438
2024-08-27T08:00:00.000Z,0.00005093
2024-08-27T16:00:00.000Z,0.00007429
2024-08-28T00:00:00.000Z,-0.00006098
2024-08-28T08:00:00.000Z,-0.00000762
2024-08-28T16:00:00.001Z,0.00001459
2024-08-29T00:00:00.000Z,0.00001160
2024-08-29T08:00:00.001Z,0.00000212
2024-08-29T16:00:00.000Z,-0.00000409
2024-08-30T00:00:00.000Z,0.00005490
2024-08-30T08:00:00.000Z,0.00003483
2024-08-30T16:00:00.000Z,0.00001032
2024-08-31T00:00:00.000Z,0.00007976
2024-08-31T08:00:00.000Z,0.00007237
2024-08-31T16:00:00.000Z,0.00007811
2024-09-01T00:00:00.000Z,0.00004499
2024-09-01T08:00:00.001Z,0.00005272
2024-09-01T16:00:00.000Z,0.00004183
2024-09-02T00:00:00.001Z,-0.00002406
2024-09-02T08:00:00.001Z,0.00003904
2024-09-02T16:00:00.000Z,0.00007064
2024-09-03T00:00:00.000Z,0.00005670
2024-09-03T08:00:00.001Z,0.00004883
2024-09-03T16:00:00.000Z,0.00005216
2024-09-04T00:00:00.000Z,0.00008054
2024-09-04T08:00:00.000Z,-0.00001109
2024-09-04T16:00:00.000Z,0.00005833
2024-09-05T00:00:00.000Z,0.00004539
2024-09-05T08:00:00.000Z,0.00002410
2024-09-05T16:00:00.005Z,0.00003166
2024-09-06T00:00:00.000Z,0.00003662
2024-09-06T08:00:00.001Z,0.00004871
2024-09-06T16:00:00.000Z,0.00004007
2024-09-07T00:00:00.000Z,0.00000241
2024-09-07T08:00:00.000Z,-0.00000537
2024-09-07T16:00:00.000Z,0.00002652
2024-09-08T00:00:00.000Z,0.00005363
2024-09-08T08:00:00.000Z,0.00003089
2024-09-08T16:00:00.000Z,0.00001827
2024-09-09T00:00:00.000Z,0.00000767
2024-09-09T08:00:00.000Z,0.00003085
2024-09-09T16:00:00.001Z,-0.00001156
2024-09-10T00:00:00.000Z,0.00001082
2024-09-10T08:00:00.000Z,-0.00003453
2024-09-10T16:00:00.000Z,0.00000228
2024-09-11T00:00:00.000Z,0.00002484
2024-09-11T08:00:00.000Z,0.00001804
2024-09-11T16:00:00.000Z,-0.00001796
2024-09-12T00:00:00.000Z,0.00002592
2024-09-12T08:00:00.000Z,0.00002496
2024-09-12T16:00:00.000Z,0.00001134
2024-09-13T00:00:00.000Z,0.00004291
2024-09-13T08:00:00.001Z,0.00005003
2024-09-13T16:00:00.001Z,0.00005073
2024-09-14T00:00:00.000Z,0.00000845
2024-09-14T08:00:00.000Z,-0.00000415
2024-09-14T16:00:00.001Z,0.00000135
2024-09-15T00:00:00.000Z,-0.00000267
2024-09-15T08:00:00.000Z,0.00001355
2024-09-15T16:00:00.000Z,0.00002131
2024-09-16T00:00:00.000Z,0.00003228
2024-09-16T08:00:00.001Z,-0.00006942
2024-09-16T16:00:00.000Z,-0.00001149
2024-09-17T00:00:00.001Z,0.00007742
2024-09-17T08:00:00.000Z,0.00002423
2024-09-17T16:00:00.000Z,0.00005730
2024-09-18T00:00:00.000Z,0.00004792
2024-09-18T08:00:00.000Z,0.00003074
2024-09-18T16:00:00.004Z,0.00002329
2024-09-19T00:00:00.000Z,0.00007727
2024-09-19T08:00:00.000Z,0.00008266
2024-09-19T16:00:00.001Z,0.00002391
2024-09-20T00:00:00.000Z,0.00010000
2024-09-20T08:00:00.001Z,0.00009734
2024-09-20T16:00:00.000Z,0.00010000
2024-09-21T00:00:00.001Z,0.00006668
2024-09-21T08:00:00.000Z,0.00006665
2024-09-21T16:00:00.000Z,0.00004536
2024-09-22T00:00:00.000Z,0.00004896
2024-09-22T08:00:00.000Z,0.00005198
2024-09-22T16:00:00.000Z,0.00010000
2024-09-23T00:00:00.000Z,0.00002548
2024-09-23T08:00:00.000Z,0.00006821
2024-09-23T16:00:00.000Z,0.00006476
2024-09-24T00:00:00.000Z,0.00003850
2024-09-24T08:00:00.000Z,0.00004791
2024-09-24T16:00:00.001Z,0.00004739
2024-09-25T00:00:00.000Z,0.00002445
2024-09-25T08:00:00.003Z,0.00005722
2024-09-25T16:00:00.000Z,0.00003538
2024-09-26T00:00:00.005Z,0.00007493
2024-09-26T08:00:00.000Z,0.00008119
2024-09-26T16:00:00.000Z,0.00010000
2024-09-27T00:00:00.000Z,0.00009625
2024-09-27T08:00:00.000Z,0.00007694
2024-09-27T16:00:00.000Z,0.00006276
2024-09-28T00:00:00.000Z,0.00010000
2024-09-28T08:00:00.001Z,0.00006231
2024-09-28T16:00:00.000Z,0.00007162
2024-09-29T00:00:00.001Z,0.00003315
2024-09-29T08:00:00.000Z,0.00006785
2024-09-29T16:00:00.000Z,0.00008854
2024-09-30T00:00:00.000Z,0.00006161
2024-09-30T08:00:00.001Z,0.00008620
2024-09-30T16:00:00.000Z,0.00010000
2024-10-01T00:00:00.000Z,0.00010000
2024-10-01T08:00:00.000Z,0.00010000
2024-10-01T16:00:00.001Z,0.00008397
2024-10-02T00:00:00.000Z,0.00010000
2024-10-02T08:00:00.000Z,0.00006859
2024-10-02T16:00:00.000Z,0.00010000
2024-10-03T00:00:00.000Z,0.00002418
2024-10-03T08:00:00.000Z,0.00004124
2024-10-03T16:00:00.000Z,0.00004621
2024-10-04T00:00:00.000Z,0.00005138
2024-10-04T08:00:00.000Z,0.00003739
2024-10-04T16:00:00.001Z,0.00003900
2024-10-05T00:00:00.000Z,0.00010000
2024-10-05T08:00:00.000Z,0.00007909
2024-10-05T16:00:00.000Z,0.00005458
2024-10-06T00:00:00.000Z,0.00009056
2024-10-06T08:00:00.001Z,0.00005234
2024-10-06T16:00:00.000Z,0.00003309
2024-10-07T00:00:00.000Z,0.00003360
2024-10-07T08:00:00.000Z,0.00009258
2024-10-07T16:00:00.001Z,0.00002612
2024-10-08T00:00:00.000Z,0.00006592
2024-10-08T08:00:00.000Z,0.00010000
2024-10-08T16:00:00.000Z,0.00008377
2024-10-09T00:00:00.000Z,0.00010000
2024-10-09T08:00:00.000Z,0.00003640
2024-10-09T16:00:00.000Z,0.00010000
2024-10-10T00:00:00.000Z,0.00006663
2024-10-10T08:00:00.000Z,0.00010000
2024-10-10T16:00:00.000Z,0.00010000
2024-10-11T00:00:00.000Z,0.00010000
2024-10-11T08:00:00.000Z,0.00009474
2024-10-11T16:00:00.001Z,0.00005977
2024-10-12T00:00:00.000Z,0.00004445
2024-10-12T08:00:00.001Z,0.00010000
2024-10-12T16:00:00.000Z,0.00007350
2024-10-13T00:00:00.000Z,0.00007928
2024-10-13T08:00:00.000Z,0.00003958
2024-10-13T16:00:00.000Z,0.00001763
2024-10-14T00:00:00.000Z,0.00006559
2024-10-14T08:00:00.000Z,0.00010000
2024-10-14T16:00:00.000Z,0.00010000
2024-10-15T00:00:00.000Z,0.00010000
2024-10-15T08:00:00.000Z,0.00010000
2024-10-15T16:00:00.000Z,0.00010000
2024-10-16T00:00:00.000Z,0.00010000
2024-10-16T08:00:00.001Z,0.00010000
2024-10-16T16:00:00.000Z,0.00010000
2024-10-17T00:00:00.000Z,0.00010000
2024-10-17T08:00:00.000Z,0.00010000
2024-10-17T16:00:00.001Z,0.00010000
2024-10-18T00:00:00.010Z,0.00010000
2024-10-18T08:00:00.001Z,0.00010000
2024-10-18T16:00:00.000Z,0.00010000
2024-10-19T00:00:00.000Z,0.00010000
2024-10-19T08:00:00.000Z,0.00010000
2024-10-19T16:00:00.000Z,0.00010000
2024-10-20T00:00:00.000Z,0.00010000
2024-10-20T08:00:00.000Z,0.00010000
2024-10-20T16:00:00.000Z,0.00010000
2024-10-21T00:00:00.000Z,0.00010000
2024-10-21T08:00:00.000Z,0.00010000
2024-10-21T16:00:00.000Z,0.00010000
2024-10-22T00:00:00.000Z,0.00010000
2024-10-22T08:00:00.000Z,0.00010000
2024-10-22T16:00:00.000Z,0.00010000
2024-10-23T00:00:00.000Z,0.00010000
2024-10-23T08:00:00.000Z,0.00010000
2024-10-23T16:00:00.000Z,0.00010000
2024-10-24T00:00:00.000Z,0.00010000
2024-10-24T08:00:00.000Z,0.00010000
2024-10-24T16:00:00.000Z,0.00010000
2024-10-25T00:00:00.000Z,0.00010000
2024-10-25T08:00:00.000Z,0.00010000
2024-10-25T16:00:00.000Z,0.00010000
2024-10-26T00:00:00.000Z,0.00010000
2024-10-26T08:00:00.001Z,0.00010000
2024-10-26T16:00:00.000Z,0.00010000
2024-10-27T00:00:00.000Z,0.00010000
2024-10-27T08:00:00.000Z,0.00010000
2024-10-27T16:00:00.000Z,0.00010000
2024-10-28T00:00:00.000Z,0.00010000
2024-10-28T08:00:00.001Z,0.00010000
2024-10-28T16:00:00.000Z,0.00010000
2024-10-29T00:00:00.000Z,0.00010000
2024-10-29T08:00:00.000Z,0.00010000
2024-10-29T16:00:00.004Z,0.00010000
2024-10-30T00:00:00.000Z,0.00010000
2024-10-30T08:00:00.000Z,0.00010000
2024-10-30T16:00:00.013Z,0.00010000
2024-10-31T00:00:00.000Z,0.00010000
2024-10-31T08:00:00.000Z,0.00010000
2024-10-31T16:00:00.000Z,0.00010000
2024-11-01T00:00:00.000Z,0.00010000
2024-11-01T08:00:00.000Z,0.00010000
2024-11-01T16:00:00.000Z,0.00010000
2024-11-02T00:00:00.000Z,0.00010000
2024-11-02T08:00:00.000Z,0.00010000
2024-11-02T16:00:00.000Z,0.00010000
2024-11-03T00:00:00.000Z,0.00010000
2024-11-03T08:00:00.000Z,0.00010000
2024-11-03T16:00:00.000Z,0.00010000
2024-11-04T00:00:00.000Z,0.00010000
2024-11-04T08:00:00.000Z,0.00010000
2024-11-04T16:00:00.000Z,0.00010000
2024-11-05T00:00:00.000Z,0.00010000
2024-11-05T08:00:00.003Z,0.00010000
2024-11-05T16:00:00.001Z,0.00010000
2024-11-06T00:00:00.000Z,0.00009511
2024-11-06T08:00:00.000Z,0.00010000
2024-11-06T16:00:00.000Z,0.00010000
2024-11-07T00:00:00.000Z,0.00010000
2024-11-07T08:00:00.000Z,0.00014885
2024-11-07T16:00:00.000Z,0.00010000
2024-11-08T00:00:00.000Z,0.00010000
2024-11-08T08:00:00.000Z,0.00010000
2024-11-08T16:00:00.000Z,0.00010000
2024-11-09T00:00:00.000Z,0.00010000
2024-11-09T08:00:00.000Z,0.00010000
2024-11-09T16:00:00.000Z,0.00010000
2024-11-10T00:00:00.000Z,0.00010000
2024-11-10T08:00:00.000Z,0.00010000
2024-11-10T16:00:00.000Z,0.00026708
2024-11-11T00:00:00.001Z,0.00028976
2024-11-11T08:00:00.000Z,0.00018810
2024-11-11T16:00:00.000Z,0.00017298
2024-11-12T00:00:00.002Z,0.00017687
2024-11-12T08:00:00.000Z,0.00057620
2024-11-12T16:00:00.000Z,0.00046001
2024-11-13T00:00:00.000Z,0.00013607
2024-11-13T08:00:00.010Z,0.00033556
2024-11-13T16:00:00.000Z,0.00012894
2024-11-14T00:00:00.001Z,0.00010580
2024-11-14T08:00:00.000Z,0.00010000
2024-11-14T16:00:00.000Z,0.00010000
2024-11-15T00:00:00.000Z,0.00013133
2024-11-15T08:00:00.000Z,0.00013108
2024-11-15T16:00:00.000Z,0.00010000
2024-11-16T00:00:00.001Z,0.00018215
2024-11-16T08:00:00.001Z,0.00010000
2024-11-16T16:00:00.000Z,0.00011351
2024-11-17T00:00:00.000Z,0.00010000
2024-11-17T08:00:00.000Z,0.00010000
2024-11-17T16:00:00.001Z,0.00019685
2024-11-18T00:00:00.000Z,0.00019865
2024-11-18T08:00:00.000Z,0.00031651
2024-11-18T16:00:00.000Z,0.00019762
2024-11-19T00:00:00.000Z,0.00040458
2024-11-19T08:00:00.000Z,0.00021234
2024-11-19T16:00:00.000Z,0.00015353
2024-11-20T00:00:00.003Z,0.00017369
2024-11-20T08:00:00.000Z,0.00019505
2024-11-20T16:00:00.000Z,0.00013619
2024-11-21T00:00:00.001Z,0.00010000
2024-11-21T08:00:00.000Z,0.00010000
2024-11-21T16:00:00.001Z,0.00020146
2024-11-22T00:00:00.000Z,0.00034180
2024-11-22T08:00:00.000Z,0.00029201
2024-11-22T16:00:00.001Z,0.00022123
2024-11-23T00:00:00.000Z,0.00015103
2024-11-23T08:00:00.000Z,0.00032558
2024-11-23T16:00:00.000Z,0.00037006
2024-11-24T00:00:00.001Z,0.00027011
2024-11-24T08:00:00.000Z,0.00023721
2024-11-24T16:00:00.000Z,0.00027264
2024-11-25T00:00:00.000Z,0.00017259
2024-11-25T08:00:00.000Z,0.00023935
2024-11-25T16:00:00.000Z,0.00031797
2024-11-26T00:00:00.000Z,0.00024480
2024-11-26T08:00:00.000Z,0.00012270
2024-11-26T16:00:00.000Z,0.00018190
2024-11-27T00:00:00.000Z,0.00021068
2024-11-27T08:00:00.000Z,0.00020895
2024-11-27T16:00:00.001Z,0.00015706
2024-11-28T00:00:00.000Z,0.00015948
2024-11-28T08:00:00.000Z,0.00016470
2024-11-28T16:00:00.000Z,0.00010000
2024-11-29T00:00:00.000Z,0.00010000
2024-11-29T08:00:00.000Z,0.00015354
2024-11-29T16:00:00.000Z,0.00010000
2024-11-30T00:00:00.000Z,0.00017097
2024-11-30T08:00:00.000Z,0.00024740
2024-11-30T16:00:00.000Z,0.00012425
2024-12-01T00:00:00.000Z,0.00011863
2024-12-01T08:00:00.000Z,0.00013737
2024-12-01T16:00:00.000Z,0.00015064
2024-12-02T00:00:00.001Z,0.00036131
2024-12-02T08:00:00.001Z,0.00029310
2024-12-02T16:00:00.000Z,0.00028383
2024-12-03T00:00:00.000Z,0.00026464
2024-12-03T08:00:00.000Z,0.00034689
2024-12-03T16:00:00.000Z,0.00014297
2024-12-04T00:00:00.000Z,0.00018732
2024-12-04T08:00:00.000Z,0.00015899
2024-12-04T16:00:00.000Z,0.00019842
2024-12-05T00:00:00.001Z,0.00023652
2024-12-05T08:00:00.000Z,0.00049482
2024-12-05T16:00:00.000Z,0.00031177
2024-12-06T00:00:00.000Z,0.00014294
2024-12-06T08:00:00.000Z,0.00025540
2024-12-06T16:00:00.000Z,0.00026350
2024-12-07T00:00:00.000Z,0.00030590
2024-12-07T08:00:00.000Z,0.00024299
2024-12-07T16:00:00.000Z,0.00023099
2024-12-08T00:00:00.000Z,0.00020864
2024-12-08T08:00:00.000Z,0.00023941
2024-12-08T16:00:00.000Z,0.00018574
2024-12-09T00:00:00.000Z,0.00020272
2024-12-09T08:00:00.000Z,0.00010000
2024-12-09T16:00:00.001Z,0.00013421
2024-12-10T00:00:00.007Z,0.00010000
2024-12-10T08:00:00.000Z,0.00010000
2024-12-10T16:00:00.000Z,0.00010000
2024-12-11T00:00:00.000Z,0.00010000
2024-12-11T08:00:00.000Z,0.00010000
2024-12-11T16:00:00.001Z,0.00010000
2024-12-12T00:00:00.001Z,0.00010000
2024-12-12T08:00:00.000Z,0.00010000
2024-12-12T16:00:00.001Z,0.00010000
2024-12-13T00:00:00.000Z,0.00010000
2024-12-13T08:00:00.000Z,0.00010000
2024-12-13T16:00:00.001Z,0.00010000
2024-12-14T00:00:00.000Z,0.00010000
2024-12-14T08:00:00.000Z,0.00010000
2024-12-14T16:00:00.000Z,0.00010000
2024-12-15T00:00:00.000Z,0.00010000
2024-12-15T08:00:00.000Z,0.00010000
2024-12-15T16:00:00.000Z,0.00009404
2024-12-16T00:00:00.000Z,0.00008662
2024-12-16T08:00:00.001Z,0.00010000
2024-12-16T16:00:00.000Z,0.00010000
2024-12-17T00:00:00.000Z,0.00010000
2024-12-17T08:00:00.000Z,0.00010000
2024-12-17T16:00:00.000Z,0.00010000
2024-12-18T00:00:00.000Z,0.00008046
2024-12-18T08:00:00.000Z,0.00010000
2024-12-18T16:00:00.000Z,0.00010000
2024-12-19T00:00:00.000Z,0.00006104
2024-12-19T08:00:00.000Z,0.00007438
2024-12-19T16:00:00.000Z,0.00007373
2024-12-20T00:00:00.000Z,0.00010000
2024-12-20T08:00:00.001Z,0.00010000
2024-12-20T16:00:00.014Z,0.00010000
2024-12-21T00:00:00.000Z,0.00006352
2024-12-21T08:00:00.000Z,0.00010000
2024-12-21T16:00:00.001Z,0.00010000
2024-12-22T00:00:00.000Z,0.00010000
2024-12-22T08:00:00.000Z,0.00010000
2024-12-22T16:00:00.000Z,0.00005370
2024-12-23T00:00:00.000Z,0.00005686
2024-12-23T08:00:00.000Z,0.00005398
2024-12-23T16:00:00.001Z,0.00008674
2024-12-24T00:00:00.000Z,0.00010000
2024-12-24T08:00:00.000Z,0.00008121
2024-12-24T16:00:00.001Z,0.00002757
2024-12-25T00:00:00.001Z,0.00004454
2024-12-25T08:00:00.000Z,0.00006550
2024-12-25T16:00:00.000Z,0.00001254
2024-12-26T00:00:00.000Z,0.00010000
2024-12-26T08:00:00.000Z,0.00010000
2024-12-26T16:00:00.000Z,0.00006305
2024-12-27T00:00:00.000Z,0.00010000
2024-12-27T08:00:00.000Z,0.00008428
2024-12-27T16:00:00.000Z,0.00005349
2024-12-28T00:00:00.001Z,0.00010000
2024-12-28T08:00:00.000Z,0.00010000
2024-12-28T16:00:00.000Z,0.00009336
2024-12-29T00:00:00.000Z,0.00005941
2024-12-29T08:00:00.000Z,0.00005146
2024-12-29T16:00:00.000Z,0.00009485
2024-12-30T00:00:00.000Z,0.00010000
2024-12-30T08:00:00.001Z,0.00010000
2024-12-30T16:00:00.000Z,0.00010000
2024-12-31T00:00:00.000Z,0.00010000
2024-12-31T08:00:00.000Z,0.00008514
2024-12-31T16:00:00.000Z,0.00010000
2025-01-01T00:00:00.015Z,0.00010000
2025-01-01T08:00:00.000Z,0.00010000
2025-01-01T16:00:00.001Z,0.00010000
2025-01-02T00:00:00.000Z,0.00010000
2025-01-02T08:00:00.006Z,0.00010000
2025-01-02T16:00:00.000Z,0.00010000
2025-01-03T00:00:00.000Z,0.00010000
2025-01-03T08:00:00.000Z,0.00010000
2025-01-03T16:00:00.000Z,0.00010000
2025-01-04T00:00:00.000Z,0.00010000
2025-01-04T08:00:00.000Z,0.00010000
2025-01-04T16:00:00.000Z,0.00010000
2025-01-05T00:00:00.000Z,0.00010000
2025-01-05T08:00:00.000Z,0.00010000
2025-01-05T16:00:00.000Z,0.00010000
2025-01-06T00:00:00.000Z,0.00010000
2025-01-06T08:00:00.001Z,0.00010000
2025-01-06T16:00:00.000Z,0.00010000
2025-01-07T00:00:00.000Z,0.00010000
2025-01-07T08:00:00.000Z,0.00010000
2025-01-07T16:00:00.008Z,0.00010000
2025-01-08T00:00:00.001Z,0.00009658
2025-01-08T08:00:00.000Z,0.00010000
2025-01-08T16:00:00.000Z,0.00010000
2025-01-09T00:00:00.000Z,0.00006609
2025-01-09T08:00:00.000Z,0.00010000
2025-01-09T16:00:00.000Z,0.00010000
2025-01-10T00:00:00.000Z,0.00007573
2025-01-10T08:00:00.000Z,0.00006162
2025-01-10T16:00:00.000Z,0.00010000
2025-01-11T00:00:00.000Z,0.00006574
2025-01-11T08:00:00.000Z,0.00005650
2025-01-11T16:00:00.000Z,0.00010000
2025-01-12T00:00:00.000Z,0.00010000
2025-01-12T08:00:00.000Z,0.00010000
2025-01-12T16:00:00.000Z,0.00008134
2025-01-13T00:00:00.000Z,0.00010000
2025-01-13T08:00:00.000Z,0.00009353
2025-01-13T16:00:00.000Z,0.00003392
2025-01-14T00:00:00.000Z,0.00005423
2025-01-14T08:00:00.000Z,0.00007452
2025-01-14T16:00:00.000Z,0.00007652
2025-01-15T00:00:00.000Z,0.00004503
2025-01-15T08:00:00.000Z,0.00005924
2025-01-15T16:00:00.000Z,0.00005443
2025-01-16T00:00:00.000Z,0.00010000
2025-01-16T08:00:00.000Z,0.00008311
2025-01-16T16:00:00.000Z,0.00005275
2025-01-17T00:00:00.004Z,0.00010000
2025-01-17T08:00:00.000Z,0.00010000
2025-01-17T16:00:00.008Z,0.00010000
2025-01-18T00:00:00.000Z,0.00010000
2025-01-18T08:00:00.007Z,0.00010000
2025-01-18T16:00:00.000Z,0.00010000
2025-01-19T00:00:00.000Z,0.00010000
2025-01-19T08:00:00.000Z,0.00010000
2025-01-19T16:00:00.000Z,0.00010000
2025-01-20T00:00:00.000Z,0.00010000
2025-01-20T08:00:00.009Z,0.00010000
2025-01-20T16:00:00.000Z,0.00010000
2025-01-21T00:00:00.000Z,0.00010000
2025-01-21T08:00:00.000Z,0.00010000
2025-01-21T16:00:00.000Z,0.00010000
2025-01-22T00:00:00.000Z,0.00010000
2025-01-22T08:00:00.000Z,0.00010000
2025-01-22T16:00:00.000Z,0.00010000
2025-01-23T00:00:00.001Z,0.00010000
2025-01-23T08:00:00.000Z,0.00010000
2025-01-23T16:00:00.000Z,0.00010000
2025-01-24T00:00:00.000Z,0.00010000
2025-01-24T08:00:00.000Z,0.00010000
2025-01-24T16:00:00.000Z,0.00010000
2025-01-25T00:00:00.000Z,0.00006904
2025-01-25T08:00:00.000Z,0.00007065
2025-01-25T16:00:00.001Z,0.00008410
2025-01-26T00:00:00.000Z,0.00009663
2025-01-26T08:00:00.000Z,0.00009725
2025-01-26T16:00:00.000Z,0.00003849
2025-01-27T00:00:00.000Z,-0.00000276
2025-01-27T08:00:00.000Z,0.00003922
2025-01-27T16:00:00.000Z,0.00003069
2025-01-28T00:00:00.000Z,0.00010000
2025-01-28T08:00:00.000Z,0.00004046
2025-01-28T16:00:00.000Z,0.00005904
2025-01-29T00:00:00.000Z,0.00010000
2025-01-29T08:00:00.000Z,0.00006567
2025-01-29T16:00:00.000Z,0.00008686
2025-01-30T00:00:00.000Z,0.00002287
2025-01-30T08:00:00.000Z,0.00010000
2025-01-30T16:00:00.000Z,0.00007055
2025-01-31T00:00:00.000Z,0.00009386
2025-01-31T08:00:00.000Z,0.00007998
2025-01-31T16:00:00.000Z,0.00010000
2025-02-01T00:00:00.000Z,0.00008432
2025-02-01T08:00:00.000Z,0.00009742
2025-02-01T16:00:00.000Z,0.00003573
2025-02-02T00:00:00.001Z,0.00007609
2025-02-02T08:00:00.000Z,0.00010000
2025-02-02T16:00:00.000Z,0.00002600
2025-02-03T00:00:00.000Z,0.00003237
2025-02-03T08:00:00.000Z,-0.00016657
2025-02-03T16:00:00.000Z,-0.00025121
2025-02-04T00:00:00.000Z,-0.00010653
2025-02-04T08:00:00.001Z,0.00001070
2025-02-04T16:00:00.000Z,-0.00008177
2025-02-05T00:00:00.001Z,-0.00008329
2025-02-05T08:00:00.001Z,0.00005754
2025-02-05T16:00:00.000Z,-0.00002404
2025-02-06T00:00:00.001Z,0.00004939
2025-02-06T08:00:00.001Z,-0.00000535
2025-02-06T16:00:00.000Z,-0.00007747
2025-02-07T00:00:00.000Z,0.00002439
2025-02-07T08:00:00.000Z,0.00002905
2025-02-07T16:00:00.000Z,-0.00001197
2025-02-08T00:00:00.000Z,-0.00001894
2025-02-08T08:00:00.000Z,0.00009532
2025-02-08T16:00:00.000Z,0.00006930
2025-02-09T00:00:00.000Z,-0.00000364
2025-02-09T08:00:00.000Z,0.00005479
2025-02-09T16:00:00.000Z,0.00005020
2025-02-10T00:00:00.000Z,0.00000911
2025-02-10T08:00:00.000Z,0.00007074
2025-02-10T16:00:00.000Z,0.00005396
2025-02-11T00:00:00.000Z,-0.00000572
2025-02-11T08:00:00.000Z,0.00004260
2025-02-11T16:00:00.000Z,-0.00001236
2025-02-12T00:00:00.000Z,0.00006151
2025-02-12T08:00:00.000Z,0.00003350
2025-02-12T16:00:00.001Z,0.00008407
2025-02-13T00:00:00.001Z,0.00009540
2025-02-13T08:00:00.000Z,0.00010000
2025-02-13T16:00:00.001Z,0.00001027
2025-02-14T00:00:00.000Z,0.00000239
2025-02-14T08:00:00.001Z,0.00008242
2025-02-14T16:00:00.000Z,0.00007834
2025-02-15T00:00:00.000Z,0.00004385
2025-02-15T08:00:00.000Z,0.00003822
2025-02-15T16:00:00.000Z,0.00000844
2025-02-16T00:00:00.000Z,0.00003859
2025-02-16T08:00:00.000Z,0.00005945
2025-02-16T16:00:00.000Z,0.00003775
2025-02-17T00:00:00.000Z,0.00003649
2025-02-17T08:00:00.000Z,0.00005610
2025-02-17T16:00:00.000Z,0.00010000
2025-02-18T00:00:00.000Z,0.00004742
2025-02-18T08:00:00.000Z,-0.00001595
2025-02-18T16:00:00.000Z,0.00005441
2025-02-19T00:00:00.000Z,0.00004964
2025-02-19T08:00:00.000Z,0.00007273
2025-02-19T16:00:00.000Z,0.00003185
2025-02-20T00:00:00.000Z,-0.00000207
2025-02-20T08:00:00.000Z,0.00005629
2025-02-20T16:00:00.000Z,0.00006405
2025-02-21T00:00:00.001Z,0.00003574
2025-02-21T08:00:00.000Z,0.00006624
2025-02-21T16:00:00.000Z,0.00004228
2025-02-22T00:00:00.000Z,0.00003254
2025-02-22T08:00:00.000Z,-0.00001427
2025-02-22T16:00:00.000Z,0.00003410
2025-02-23T00:00:00.000Z,0.00009726
2025-02-23T08:00:00.000Z,0.00003796
2025-02-23T16:00:00.000Z,0.00000213
2025-02-24T00:00:00.000Z,0.00007127
2025-02-24T08:00:00.000Z,0.00000924
2025-02-24T16:00:00.000Z,0.00003082
2025-02-25T00:00:00.000Z,-0.00003589
2025-02-25T08:00:00.000Z,0.00000471
2025-02-25T16:00:00.000Z,0.00002913
2025-02-26T00:00:00.000Z,0.00001860
2025-02-26T08:00:00.000Z,0.00006103
2025-02-26T16:00:00.000Z,0.00003433
2025-02-27T00:00:00.001Z,0.00008515
2025-02-27T08:00:00.000Z,0.00010000
2025-02-27T16:00:00.000Z,0.00005027
2025-02-28T00:00:00.001Z,0.00004097
2025-02-28T08:00:00.000Z,0.00001219
2025-02-28T16:00:00.000Z,0.00001248
2025-03-01T00:00:00.000Z,0.00004855
2025-03-01T08:00:00.000Z,-0.00001061
2025-03-01T16:00:00.001Z,-0.00000931
2025-03-02T00:00:00.000Z,0.00003173
2025-03-02T08:00:00.000Z,0.00006221
2025-03-02T16:00:00.000Z,0.00006102
2025-03-03T00:00:00.001Z,-0.00000788
2025-03-03T08:00:00.000Z,0.00003061
2025-03-03T16:00:00.000Z,0.00000625
2025-03-04T00:00:00.001Z,-0.00004308
2025-03-04T08:00:00.005Z,-0.00003762
2025-03-04T16:00:00.000Z,0.00000204
2025-03-05T00:00:00.000Z,0.00006417
2025-03-05T08:00:00.000Z,0.00007146
2025-03-05T16:00:00.000Z,0.00002539
2025-03-06T00:00:00.000Z,-0.00001037
2025-03-06T08:00:00.001Z,0.00001125
2025-03-06T16:00:00.000Z,0.00002685
2025-03-07T00:00:00.000Z,-0.00002474
2025-03-07T08:00:00.001Z,0.00002874
2025-03-07T16:00:00.000Z,0.00005628
2025-03-08T00:00:00.000Z,0.00003124
2025-03-08T08:00:00.001Z,0.00003760
2025-03-08T16:00:00.001Z,0.00006837
2025-03-09T00:00:00.001Z,0.00006871
2025-03-09T08:00:00.000Z,0.00003637
2025-03-09T16:00:00.000Z,-0.00000013
2025-03-10T00:00:00.000Z,-0.00004249
2025-03-10T08:00:00.000Z,0.00002575
2025-03-10T16:00:00.000Z,0.00003433
2025-03-11T00:00:00.000Z,-0.00004045
2025-03-11T08:00:00.000Z,0.00002173
2025-03-11T16:00:00.001Z,0.00007553
2025-03-12T00:00:00.000Z,0.00001672
2025-03-12T08:00:00.000Z,0.00001107
2025-03-12T16:00:00.001Z,-0.00003413
2025-03-13T00:00:00.000Z,0.00002931
2025-03-13T08:00:00.000Z,-0.00000005
2025-03-13T16:00:00.000Z,0.00004218
2025-03-14T00:00:00.000Z,0.00002744
2025-03-14T08:00:00.000Z,0.00007681
2025-03-14T16:00:00.000Z,0.00005537
2025-03-15T00:00:00.000Z,0.00002924
2025-03-15T08:00:00.000Z,0.00005445
2025-03-15T16:00:00.000Z,0.00001250
2025-03-16T00:00:00.000Z,-0.00003041
2025-03-16T08:00:00.000Z,-0.00002357
2025-03-16T16:00:00.000Z,-0.00002967
2025-03-17T00:00:00.000Z,0.00002057
2025-03-17T08:00:00.000Z,0.00005669
2025-03-17T16:00:00.000Z,0.00003697
2025-03-18T00:00:00.000Z,0.00005319
2025-03-18T08:00:00.000Z,0.00004099
2025-03-18T16:00:00.000Z,0.00001465
2025-03-19T00:00:00.000Z,0.00005983
2025-03-19T08:00:00.000Z,0.00008986
2025-03-19T16:00:00.000Z,0.00006676
2025-03-20T00:00:00.000Z,-0.00001704
2025-03-20T08:00:00.000Z,0.00001553
2025-03-20T16:00:00.000Z,-0.00000857
2025-03-21T00:00:00.000Z,0.00005235
2025-03-21T08:00:00.000Z,0.00006749
2025-03-21T16:00:00.000Z,0.00002613
2025-03-22T00:00:00.000Z,-0.00001402
2025-03-22T08:00:00.004Z,-0.00002617
2025-03-22T16:00:00.000Z,0.00002587
2025-03-23T00:00:00.000Z,0.00001553
2025-03-23T08:00:00.000Z,0.00006053
2025-03-23T16:00:00.000Z,-0.00000336
2025-03-24T00:00:00.000Z,-0.00001290
2025-03-24T08:00:00.000Z,0.00009456
2025-03-24T16:00:00.000Z,0.00003069
2025-03-25T00:00:00.001Z,0.00006736
2025-03-25T08:00:00.000Z,0.00001456
2025-03-25T16:00:00.000Z,-0.00000475
2025-03-26T00:00:00.000Z,0.00002976
2025-03-26T08:00:00.000Z,0.00001074
2025-03-26T16:00:00.001Z,-0.00002235
2025-03-27T00:00:00.001Z,0.00004542
2025-03-27T08:00:00.001Z,0.00007427
2025-03-27T16:00:00.002Z,0.00003127
2025-03-28T00:00:00.001Z,0.00006551
2025-03-28T08:00:00.001Z,-0.00002896
2025-03-28T16:00:00.000Z,-0.00001109
2025-03-29T00:00:00.000Z,0.00000356
2025-03-29T08:00:00.000Z,0.00004498
2025-03-29T16:00:00.000Z,0.00003469
2025-03-30T00:00:00.000Z,-0.00001072
2025-03-30T08:00:00.000Z,-0.00001999
2025-03-30T16:00:00.000Z,0.00001191
2025-03-31T00:00:00.000Z,-0.00000326
2025-03-31T08:00:00.000Z,0.00002663
2025-03-31T16:00:00.000Z,0.00002009
2025-04-01T00:00:00.000Z,-0.00000652
2025-04-01T08:00:00.001Z,0.00002877
2025-04-01T16:00:00.000Z,0.00003314
2025-04-02T00:00:00.001Z,0.00003676
2025-04-02T08:00:00.000Z,-0.00000045
2025-04-02T16:00:00.000Z,0.00004262
2025-04-03T00:00:00.000Z,-0.00000639
2025-04-03T08:00:00.000Z,0.00006390
2025-04-03T16:00:00.000Z,-0.00000615
2025-04-04T00:00:00.000Z,0.00006701
2025-04-04T08:00:00.000Z,-0.00002093
2025-04-04T16:00:00.000Z,0.00003780
2025-04-05T00:00:00.000Z,0.00002181
2025-04-05T08:00:00.000Z,0.00005939
2025-04-05T16:00:00.000Z,-0.00000782
2025-04-06T00:00:00.000Z,0.00002389
2025-04-06T08:00:00.000Z,0.00005410
2025-04-06T16:00:00.002Z,-0.00002372
2025-04-07T00:00:00.000Z,-0.00003784
2025-04-07T08:00:00.000Z,-0.00000965
2025-04-07T16:00:00.000Z,-0.00003451
2025-04-08T00:00:00.000Z,-0.00000438
2025-04-08T08:00:00.000Z,0.00001155
2025-04-08T16:00:00.000Z,-0.00001429
2025-04-09T00:00:00.000Z,-0.00004820
2025-04-09T08:00:00.001Z,-0.00006596
2025-04-09T16:00:00.000Z,0.00001591
2025-04-10T00:00:00.000Z,0.00010000
2025-04-10T08:00:00.000Z,0.00003042
2025-04-10T16:00:00.000Z,-0.00000078
2025-04-11T00:00:00.001Z,-0.00000918
2025-04-11T08:00:00.000Z,-0.00005857
2025-04-11T16:00:00.000Z,-0.00000461
2025-04-12T00:00:00.000Z,0.00002511
2025-04-12T08:00:00.001Z,-0.00000600
2025-04-12T16:00:00.000Z,0.00002416
2025-04-13T00:00:00.000Z,0.00007676
2025-04-13T08:00:00.000Z,0.00005203
2025-04-13T16:00:00.000Z,0.00005299
2025-04-14T00:00:00.000Z,0.00007387
2025-04-14T08:00:00.000Z,0.00005913
2025-04-14T16:00:00.000Z,0.00005384
2025-04-15T00:00:00.000Z,0.00002560
2025-04-15T08:00:00.000Z,0.00001812
2025-04-15T16:00:00.001Z,0.00000335
2025-04-16T00:00:00.000Z,0.00004294
2025-04-16T08:00:00.000Z,-0.00002960
2025-04-16T16:00:00.000Z,-0.00002514
2025-04-17T00:00:00.001Z,0.00004479
2025-04-17T08:00:00.000Z,0.00005184
2025-04-17T16:00:00.001Z,-0.00001791
2025-04-18T00:00:00.000Z,-0.00003125
2025-04-18T08:00:00.000Z,0.00002747
2025-04-18T16:00:00.000Z,-0.00001492
2025-04-19T00:00:00.000Z,-0.00002388
2025-04-19T08:00:00.000Z,0.00008846
2025-04-19T16:00:00.000Z,0.00007189
2025-04-20T00:00:00.000Z,0.00005765
2025-04-20T08:00:00.000Z,0.00007724
2025-04-20T16:00:00.000Z,-0.00005358
2025-04-21T00:00:00.000Z,-0.00000124
2025-04-21T08:00:00.005Z,0.00010000
2025-04-21T16:00:00.003Z,0.00008017
2025-04-22T00:00:00.008Z,-0.00003600
2025-04-22T08:00:00.000Z,0.00000022
2025-04-22T16:00:00.000Z,0.00008105
2025-04-23T00:00:00.000Z,0.00006679
2025-04-23T08:00:00.002Z,0.00009616
2025-04-23T16:00:00.000Z,0.00010000
2025-04-24T00:00:00.000Z,0.00010000
2025-04-24T08:00:00.001Z,0.00007229
2025-04-24T16:00:00.001Z,0.00000620
2025-04-25T00:00:00.007Z,0.00005922
2025-04-25T08:00:00.002Z,0.00007829
2025-04-25T16:00:00.003Z,-0.00000965
2025-04-26T00:00:00.002Z,0.00000830
2025-04-26T08:00:00.000Z,-0.00002999
2025-04-26T16:00:00.002Z,0.00000728
2025-04-27T00:00:00.001Z,0.00005635
2025-04-27T08:00:00.000Z,-0.00006737
2025-04-27T16:00:00.000Z,-0.00003852
2025-04-28T00:00:00.001Z,0.00000132
2025-04-28T08:00:00.003Z,-0.00004703
2025-04-28T16:00:00.005Z,-0.00008681
2025-04-29T00:00:00.000Z,0.00008281
2025-04-29T08:00:00.000Z,0.00005790
2025-04-29T16:00:00.010Z,-0.00001396
2025-04-30T00:00:00.001Z,-0.00007371
2025-04-30T08:00:00.000Z,0.00000904
2025-04-30T16:00:00.003Z,-0.00006069
2025-05-01T00:00:00.000Z,0.00005430
2025-05-01T08:00:00.000Z,0.00004500
2025-05-01T16:00:00.001Z,0.00000723
2025-05-02T00:00:00.000Z,-0.00000591
2025-05-02T08:00:00.000Z,-0.00005797
2025-05-02T16:00:00.003Z,-0.00000588
2025-05-03T00:00:00.000Z,0.00004901
2025-05-03T08:00:00.000Z,0.00001565
2025-05-03T16:00:00.000Z,0.00002092
2025-05-04T00:00:00.001Z,0.00006708
2025-05-04T08:00:00.001Z,0.00003289
2025-05-04T16:00:00.002Z,-0.00002670
2025-05-05T00:00:00.000Z,0.00000181
2025-05-05T08:00:00.000Z,0.00001998
2025-05-05T16:00:00.006Z,0.00001194
2025-05-06T00:00:00.002Z,0.00006899
2025-05-06T08:00:00.005Z,-0.00001836
2025-05-06T16:00:00.000Z,-0.00003589
2025-05-07T00:00:00.002Z,0.00003273
2025-05-07T08:00:00.000Z,0.00008548
2025-05-07T16:00:00.006Z,-0.00000648
2025-05-08T00:00:00.000Z,0.00004564
2025-05-08T08:00:00.001Z,0.00010000
2025-05-08T16:00:00.002Z,0.00008717
2025-05-09T00:00:00.001Z,0.00010000
2025-05-09T08:00:00.006Z,0.00010000
2025-05-09T16:00:00.000Z,0.00010000
2025-05-10T00:00:00.001Z,0.00010000
2025-05-10T08:00:00.000Z,0.00009797
2025-05-10T16:00:00.001Z,0.00009016
2025-05-11T00:00:00.000Z,0.00010000
2025-05-11T08:00:00.001Z,0.00007363
2025-05-11T16:00:00.001Z,0.00002438
2025-05-12T00:00:00.004Z,0.00007088
2025-05-12T08:00:00.000Z,0.00010000
2025-05-12T16:00:00.000Z,0.00005717
2025-05-13T00:00:00.000Z,0.00006233
2025-05-13T08:00:00.008Z,0.00010000
2025-05-13T16:00:00.001Z,0.00010000
2025-05-14T00:00:00.007Z,0.00010000
2025-05-14T08:00:00.000Z,0.00005480
2025-05-14T16:00:00.002Z,0.00004737
2025-05-15T00:00:00.000Z,0.00010000
2025-05-15T08:00:00.003Z,0.00010000
2025-05-15T16:00:00.000Z,0.00005698
2025-05-16T00:00:00.001Z,0.00006801
2025-05-16T08:00:00.000Z,0.00010000
2025-05-16T16:00:00.000Z,0.00007202
2025-05-17T00:00:00.000Z,0.00002543
2025-05-17T08:00:00.001Z,-0.00001883
2025-05-17T16:00:00.004Z,0.00002339
2025-05-18T00:00:00.000Z,0.00005366
2025-05-18T08:00:00.000Z,0.00004909
2025-05-18T16:00:00.000Z,0.00000130
2025-05-19T00:00:00.000Z,-0.00004925
2025-05-19T08:00:00.006Z,0.00006531
2025-05-19T16:00:00.010Z,0.00009181
2025-05-20T00:00:00.000Z,0.00008013
2025-05-20T08:00:00.002Z,0.00006807
2025-05-20T16:00:00.000Z,0.00001174
2025-05-21T00:00:00.000Z,0.00003663
2025-05-21T08:00:00.001Z,0.00009338
2025-05-21T16:00:00.004Z,0.00000647
2025-05-22T00:00:00.001Z,0.00001141
2025-05-22T08:00:00.000Z,0.00010000
2025-05-22T16:00:00.002Z,0.00010000
2025-05-23T00:00:00.006Z,0.00010000
2025-05-23T08:00:00.000Z,0.00010000
2025-05-23T16:00:00.007Z,-0.00000726
2025-05-24T00:00:00.010Z,0.00010000
2025-05-24T08:00:00.000Z,0.00004033
2025-05-24T16:00:00.003Z,0.00002114
2025-05-25T00:00:00.004Z,0.00006041
2025-05-25T08:00:00.000Z,0.00003750
2025-05-25T16:00:00.000Z,0.00008487
2025-05-26T00:00:00.000Z,0.00000385
2025-05-26T08:00:00.000Z,0.00008047
2025-05-26T16:00:00.002Z,0.00004711
2025-05-27T00:00:00.003Z,0.00004026
2025-05-27T08:00:00.001Z,0.00010000
2025-05-27T16:00:00.005Z,0.00010000
2025-05-28T00:00:00.002Z,0.00010000
2025-05-28T08:00:00.003Z,0.00010000
2025-05-28T16:00:00.002Z,0.00010000
2025-05-29T00:00:00.000Z,0.00010000
2025-05-29T08:00:00.006Z,0.00010000
2025-05-29T16:00:00.000Z,0.00008321
2025-05-30T00:00:00.003Z,0.00007477
2025-05-30T08:00:00.003Z,0.00010000
2025-05-30T16:00:00.000Z,0.00005699
2025-05-31T00:00:00.000Z,0.00003389
2025-05-31T08:00:00.000Z,0.00008054
2025-05-31T16:00:00.000Z,0.00002739
2025-06-01T00:00:00.001Z,0.00007520
2025-06-01T08:00:00.002Z,0.00003946
2025-06-01T16:00:00.000Z,0.00003370
2025-06-02T00:00:00.001Z,0.00001586
2025-06-02T08:00:00.000Z,0.00005378
2025-06-02T16:00:00.000Z,0.00008588
2025-06-03T00:00:00.000Z,0.00003263
2025-06-03T08:00:00.000Z,0.00006067
2025-06-03T16:00:00.001Z,0.00005397
2025-06-04T00:00:00.000Z,0.00004390
2025-06-04T08:00:00.000Z,0.00007623
2025-06-04T16:00:00.000Z,0.00007897
2025-06-05T00:00:00.016Z,0.00002359
2025-06-05T08:00:00.000Z,0.00008508
2025-06-05T16:00:00.000Z,0.00006396
2025-06-06T00:00:00.002Z,-0.00001147
2025-06-06T08:00:00.000Z,0.00002643
2025-06-06T16:00:00.006Z,0.00002684
2025-06-07T00:00:00.000Z,0.00008699
2025-06-07T08:00:00.000Z,0.00005456
2025-06-07T16:00:00.002Z,0.00006753
2025-06-08T00:00:00.000Z,0.00010000
2025-06-08T08:00:00.000Z,0.00009522
2025-06-08T16:00:00.000Z,0.00004695
2025-06-09T00:00:00.000Z,0.00002206
2025-06-09T08:00:00.001Z,0.00001950
2025-06-09T16:00:00.001Z,0.00008643
2025-06-10T00:00:00.000Z,0.00010000
2025-06-10T08:00:00.001Z,0.00010000
2025-06-10T16:00:00.003Z,0.00010000
2025-06-11T00:00:00.000Z,0.00010000
2025-06-11T08:00:00.000Z,0.00010000
2025-06-11T16:00:00.010Z,0.00010000
2025-06-12T00:00:00.002Z,0.00006036
2025-06-12T08:00:00.003Z,0.00010000
2025-06-12T16:00:00.001Z,0.00005333
2025-06-13T00:00:00.000Z,-0.00001372
2025-06-13T08:00:00.001Z,-0.00001069
2025-06-13T16:00:00.004Z,0.00002083
2025-06-14T00:00:00.000Z,0.00004572
2025-06-14T08:00:00.000Z,0.00001962
2025-06-14T16:00:00.000Z,0.00000440
2025-06-15T00:00:00.005Z,0.00001767
2025-06-15T08:00:00.009Z,0.00008487
2025-06-15T16:00:00.000Z,0.00007131
2025-06-16T00:00:00.000Z,0.00004573
2025-06-16T08:00:00.000Z,0.00009060
2025-06-16T16:00:00.003Z,0.00003960
2025-06-17T00:00:00.000Z,-0.00000906
2025-06-17T08:00:00.006Z,0.00010000
2025-06-17T16:00:00.001Z,0.00005558
2025-06-18T00:00:00.001Z,0.00005830
2025-06-18T08:00:00.001Z,0.00006782
2025-06-18T16:00:00.001Z,0.00002338
2025-06-19T00:00:00.005Z,0.00005403
2025-06-19T08:00:00.003Z,0.00004793
2025-06-19T16:00:00.000Z,0.00004883
2025-06-20T00:00:00.000Z,0.00008145
2025-06-20T08:00:00.002Z,0.00008963
2025-06-20T16:00:00.001Z,0.00002590
2025-06-21T00:00:00.002Z,-0.00004990
2025-06-21T08:00:00.005Z,-0.00001379
2025-06-21T16:00:00.000Z,0.00005011
2025-06-22T00:00:00.005Z,-0.00000798
2025-06-22T08:00:00.000Z,-0.00001761
2025-06-22T16:00:00.003Z,0.00004714
2025-06-23T00:00:00.000Z,0.00002289
2025-06-23T08:00:00.004Z,-0.00001401
2025-06-23T16:00:00.013Z,0.00000130
2025-06-24T00:00:00.003Z,0.00002127
2025-06-24T08:00:00.000Z,0.00001201
2025-06-24T16:00:00.000Z,0.00000446
2025-06-25T00:00:00.005Z,-0.00000833
2025-06-25T08:00:00.000Z,-0.00000026
2025-06-25T16:00:00.005Z,0.00001198
2025-06-26T00:00:00.000Z,0.00002757
2025-06-26T08:00:00.006Z,0.00008057
2025-06-26T16:00:00.007Z,0.00000906
2025-06-27T00:00:00.000Z,0.00000379
2025-06-27T08:00:00.000Z,0.00000506
2025-06-27T16:00:00.009Z,0.00005546
2025-06-28T00:00:00.001Z,0.00008436
2025-06-28T08:00:00.002Z,0.00000658
2025-06-28T16:00:00.000Z,0.00004011
2025-06-29T00:00:00.004Z,0.00006176
2025-06-29T08:00:00.001Z,0.00008777
2025-06-29T16:00:00.001Z,0.00000042
2025-06-30T00:00:00.000Z,0.00005102
2025-06-30T08:00:00.005Z,0.00009119
2025-06-30T16:00:00.002Z,0.00000394
2025-07-01T00:00:00.007Z,0.00008191
2025-07-01T08:00:00.002Z,0.00001541
2025-07-01T16:00:00.000Z,-0.00001429
2025-07-02T00:00:00.001Z,0.00001952
2025-07-02T08:00:00.000Z,0.00004864
2025-07-02T16:00:00.003Z,0.00005236
2025-07-03T00:00:00.006Z,0.00010000
2025-07-03T08:00:00.003Z,0.00009820
2025-07-03T16:00:00.003Z,0.00004398
2025-07-04T00:00:00.005Z,0.00001353
2025-07-04T08:00:00.003Z,0.00006619
2025-07-04T16:00:00.001Z,0.00002691
2025-07-05T00:00:00.004Z,0.00001406
2025-07-05T08:00:00.009Z,0.00003958
2025-07-05T16:00:00.006Z,0.00005542
2025-07-06T00:00:00.001Z,0.00003909
2025-07-06T08:00:00.002Z,0.00006583
2025-07-06T16:00:00.004Z,0.00008149
2025-07-07T00:00:00.000Z,0.00010000
2025-07-07T08:00:00.007Z,0.00010000
2025-07-07T16:00:00.000Z,-0.00003011
2025-07-08T00:00:00.010Z,0.00007589
2025-07-08T08:00:00.003Z,0.00002787
2025-07-08T16:00:00.000Z,0.00006466
2025-07-09T00:00:00.002Z,0.00004903
2025-07-09T08:00:00.006Z,0.00006771
2025-07-09T16:00:00.001Z,0.00006268
2025-07-10T00:00:00.003Z,0.00010000
2025-07-10T08:00:00.000Z,0.00002808
2025-07-10T16:00:00.004Z,0.00003187
2025-07-11T00:00:00.004Z,0.00010000
2025-07-11T08:00:00.007Z,0.00010000
2025-07-11T16:00:00.001Z,0.00010000
2025-07-12T00:00:00.000Z,0.00008032
2025-07-12T08:00:00.001Z,0.00007671
2025-07-12T16:00:00.002Z,0.00006119
2025-07-13T00:00:00.006Z,0.00004151
2025-07-13T08:00:00.001Z,0.00004407
2025-07-13T16:00:00.003Z,0.00007205
2025-07-14T00:00:00.000Z,0.00000998
2025-07-14T08:00:00.000Z,0.00010000
2025-07-14T16:00:00.000Z,0.00010000
2025-07-15T00:00:00.002Z,0.00006134
2025-07-15T08:00:00.000Z,0.00010000
2025-07-15T16:00:00.000Z,0.00010000
2025-07-16T00:00:00.000Z,0.00010000
2025-07-16T08:00:00.000Z,0.00010000
2025-07-16T16:00:00.008Z,0.00010000
2025-07-17T00:00:00.003Z,0.00010000
2025-07-17T08:00:00.000Z,0.00010000
2025-07-17T16:00:00.000Z,0.00010000
2025-07-18T00:00:00.004Z,0.00010000
2025-07-18T08:00:00.000Z,0.00010000
2025-07-18T16:00:00.000Z,0.00010000
2025-07-19T00:00:00.009Z,0.00010000
2025-07-19T08:00:00.000Z,0.00010000
2025-07-19T16:00:00.002Z,0.00010000
2025-07-20T00:00:00.000Z,0.00010000
2025-07-20T08:00:00.000Z,0.00010000
2025-07-20T16:00:00.000Z,0.00010000
2025-07-21T00:00:00.001Z,0.00010000
2025-07-21T08:00:00.000Z,0.00010000
2025-07-21T16:00:00.001Z,0.00010000
2025-07-22T00:00:00.000Z,0.00010000
2025-07-22T08:00:00.010Z,0.00010000
2025-07-22T16:00:00.007Z,0.00010000
2025-07-23T00:00:00.000Z,0.00010000
2025-07-23T08:00:00.004Z,0.00010000
2025-07-23T16:00:00.002Z,0.00010000
2025-07-24T00:00:00.000Z,0.00010000
2025-07-24T08:00:00.001Z,0.00010000
2025-07-24T16:00:00.000Z,0.00010000
2025-07-25T00:00:00.000Z,0.00010000
2025-07-25T08:00:00.000Z,0.00010000
2025-07-25T16:00:00.000Z,0.00010000
2025-07-26T00:00:00.001Z,0.00010000
2025-07-26T08:00:00.005Z,0.00010000
2025-07-26T16:00:00.001Z,0.00010000
2025-07-27T00:00:00.001Z,0.00009322
2025-07-27T08:00:00.000Z,0.00008879
2025-07-27T16:00:00.008Z,0.00010000
2025-07-28T00:00:00.005Z,0.00010000
2025-07-28T08:00:00.000Z,0.00010000
2025-07-28T16:00:00.000Z,0.00010000
2025-07-29T00:00:00.001Z,0.00004494
2025-07-29T08:00:00.000Z,0.00010000
2025-07-29T16:00:00.000Z,0.00010000
2025-07-30T00:00:00.011Z,0.00002488
2025-07-30T08:00:00.000Z,0.00005083
2025-07-30T16:00:00.008Z,0.00001540
2025-07-31T00:00:00.000Z,0.00005162
2025-07-31T08:00:00.009Z,0.00010000
2025-07-31T16:00:00.000Z,-0.00001180
2025-08-01T00:00:00.001Z,-0.00003749
2025-08-01T08:00:00.003Z,0.00001113
2025-08-01T16:00:00.000Z,0.00004859
2025-08-02T00:00:00.004Z,0.00005795
2025-08-02T08:00:00.000Z,0.00000657
2025-08-02T16:00:00.000Z,0.00007965
2025-08-03T00:00:00.000Z,0.00006733
2025-08-03T08:00:00.000Z,0.00005752
2025-08-03T16:00:00.003Z,0.00003767
2025-08-04T00:00:00.004Z,0.00001719
2025-08-04T08:00:00.000Z,0.00001113
2025-08-04T16:00:00.002Z,0.00003611
2025-08-05T00:00:00.000Z,0.00000147
2025-08-05T08:00:00.000Z,0.00003116
2025-08-05T16:00:00.000Z,0.00001370
2025-08-06T00:00:00.005Z,0.00002413
2025-08-06T08:00:00.000Z,0.00008200
2025-08-06T16:00:00.000Z,0.00006246
2025-08-07T00:00:00.003Z,0.00006227
2025-08-07T08:00:00.002Z,0.00004285
2025-08-07T16:00:00.002Z,0.00010000
2025-08-08T00:00:00.002Z,0.00004260
2025-08-08T08:00:00.004Z,0.00010000
2025-08-08T16:00:00.000Z,0.00010000
2025-08-09T00:00:00.005Z,0.00010000
2025-08-09T08:00:00.000Z,0.00010000
2025-08-09T16:00:00.007Z,0.00010000
2025-08-10T00:00:00.003Z,0.00009916
2025-08-10T08:00:00.005Z,0.00010000
2025-08-10T16:00:00.002Z,0.00010000
2025-08-11T00:00:00.000Z,0.00008873
2025-08-11T08:00:00.000Z,0.00009354
2025-08-11T16:00:00.000Z,0.00010000
2025-08-12T00:00:00.000Z,0.00003659
2025-08-12T08:00:00.001Z,0.00010000
2025-08-12T16:00:00.005Z,0.00010000
2025-08-13T00:00:00.000Z,0.00010000
2025-08-13T08:00:00.002Z,0.00010000
2025-08-13T16:00:00.006Z,0.00010000
2025-08-14T00:00:00.002Z,0.00010000
2025-08-14T08:00:00.003Z,0.00010000
2025-08-14T16:00:00.000Z,0.00010000
2025-08-15T00:00:00.000Z,0.00010000
2025-08-15T08:00:00.000Z,0.00009765
2025-08-15T16:00:00.000Z,0.00006474
2025-08-16T00:00:00.004Z,0.00005967
2025-08-16T08:00:00.000Z,0.00008990
2025-08-16T16:00:00.002Z,0.00001968
2025-08-17T00:00:00.000Z,0.00004669
2025-08-17T08:00:00.001Z,-0.00000668
2025-08-17T16:00:00.007Z,0.00005334
2025-08-18T00:00:00.000Z,0.00000632
2025-08-18T08:00:00.001Z,0.00009191
2025-08-18T16:00:00.002Z,0.00008959
2025-08-19T00:00:00.000Z,0.00010000
2025-08-19T08:00:00.001Z,0.00010000
2025-08-19T16:00:00.000Z,0.00010000
2025-08-20T00:00:00.000Z,0.00010000
2025-08-20T08:00:00.000Z,0.00000318
2025-08-20T16:00:00.000Z,0.00009070
2025-08-21T00:00:00.006Z,0.00006232
2025-08-21T08:00:00.000Z,0.00005834
2025-08-21T16:00:00.003Z,0.00002689
2025-08-22T00:00:00.010Z,0.00006376
2025-08-22T08:00:00.007Z,0.00006670
2025-08-22T16:00:00.001Z,0.00006004
2025-08-23T00:00:00.004Z,0.00010000
2025-08-23T08:00:00.006Z,0.00010000
2025-08-23T16:00:00.000Z,0.00010000
2025-08-24T00:00:00.001Z,0.00010000
2025-08-24T08:00:00.002Z,0.00010000
2025-08-24T16:00:00.001Z,0.00010000
2025-08-25T00:00:00.000Z,0.00004932
2025-08-25T08:00:00.002Z,0.00004567
2025-08-25T16:00:00.002Z,0.00001732
2025-08-26T00:00:00.000Z,-0.00000739
2025-08-26T08:00:00.000Z,0.00001080
2025-08-26T16:00:00.000Z,0.00001029
2025-08-27T00:00:00.003Z,-0.00000819
2025-08-27T08:00:00.000Z,0.00001933
2025-08-27T16:00:00.009Z,0.00004152
2025-08-28T00:00:00.000Z,0.00005965
2025-08-28T08:00:00.005Z,0.00002643
2025-08-28T16:00:00.004Z,0.00002175
2025-08-29T00:00:00.000Z,0.00001728
2025-08-29T08:00:00.000Z,0.00004981
2025-08-29T16:00:00.005Z,0.00001496
2025-08-30T00:00:00.000Z,0.00004162
2025-08-30T08:00:00.002Z,-0.00001108
2025-08-30T16:00:00.003Z,0.00004057
2025-08-31T00:00:00.016Z,-0.00001390
2025-08-31T08:00:00.000Z,0.00005543
2025-08-31T16:00:00.001Z,-0.00001154
2025-09-01T00:00:00.000Z,-0.00002114
2025-09-01T08:00:00.000Z,-0.00001300
2025-09-01T16:00:00.001Z,0.00000122
2025-09-02T00:00:00.000Z,0.00000406
2025-09-02T08:00:00.005Z,0.00005513
2025-09-02T16:00:00.007Z,0.00003026
2025-09-03T00:00:00.006Z,0.00001812
2025-09-03T08:00:00.002Z,-0.00000111
2025-09-03T16:00:00.002Z,0.00003174
2025-09-04T00:00:00.002Z,0.00002311
2025-09-04T08:00:00.000Z,-0.00002012
2025-09-04T16:00:00.000Z,-0.00002527
2025-09-05T00:00:00.001Z,-0.00005540
2025-09-05T08:00:00.006Z,-0.00003456
2025-09-05T16:00:00.000Z,0.00002866
2025-09-06T00:00:00.000Z,-0.00002104
2025-09-06T08:00:00.005Z,0.00003956
2025-09-06T16:00:00.000Z,0.00004060
2025-09-07T00:00:00.000Z,0.00005946
2025-09-07T08:00:00.000Z,0.00008938
2025-09-07T16:00:00.000Z,0.00003335
2025-09-08T00:00:00.007Z,0.00002556
2025-09-08T08:00:00.000Z,0.00002063
2025-09-08T16:00:00.000Z,0.00009082
2025-09-09T00:00:00.000Z,0.00004706
2025-09-09T08:00:00.000Z,0.00010000
2025-09-09T16:00:00.000Z,0.00006645
2025-09-10T00:00:00.000Z,0.00006156
2025-09-10T08:00:00.002Z,0.00008820
2025-09-10T16:00:00.000Z,0.00010000
2025-09-11T00:00:00.000Z,0.00001341
2025-09-11T08:00:00.000Z,0.00010000
2025-09-11T16:00:00.001Z,0.00008501
2025-09-12T00:00:00.002Z,0.00004858
2025-09-12T08:00:00.001Z,0.00010000
2025-09-12T16:00:00.005Z,0.00010000
2025-09-13T00:00:00.005Z,0.00010000
2025-09-13T08:00:00.002Z,0.00009815
2025-09-13T16:00:00.000Z,0.00010000
2025-09-14T00:00:00.006Z,0.00000375
2025-09-14T08:00:00.000Z,0.00008307
2025-09-14T16:00:00.001Z,0.00005553
2025-09-15T00:00:00.006Z,0.00007366
2025-09-15T08:00:00.002Z,0.00006603
2025-09-15T16:00:00.001Z,0.00003563
2025-09-16T00:00:00.001Z,0.00004540
2025-09-16T08:00:00.000Z,0.00004526
2025-09-16T16:00:00.000Z,0.00002037
2025-09-17T00:00:00.001Z,0.00002419
2025-09-17T08:00:00.000Z,0.00005358
2025-09-17T16:00:00.003Z,0.00004406
2025-09-18T00:00:00.006Z,0.00005150
2025-09-18T08:00:00.002Z,0.00004292
2025-09-18T16:00:00.000Z,0.00001971
2025-09-19T00:00:00.000Z,0.00005745
2025-09-19T08:00:00.005Z,-0.00000904
2025-09-19T16:00:00.000Z,-0.00004324
2025-09-20T00:00:00.000Z,-0.00004366
2025-09-20T08:00:00.000Z,-0.00000597
2025-09-20T16:00:00.002Z,0.00004189
2025-09-21T00:00:00.000Z,-0.00002372
2025-09-21T08:00:00.000Z,0.00004828
2025-09-21T16:00:00.000Z,0.00003039
2025-09-22T00:00:00.005Z,-0.00002051
2025-09-22T08:00:00.003Z,-0.00000518
2025-09-22T16:00:00.000Z,0.00000508
2025-09-23T00:00:00.000Z,-0.00000193
2025-09-23T08:00:00.001Z,0.00005594
2025-09-23T16:00:00.000Z,-0.00002189
2025-09-24T00:00:00.003Z,0.00000973
2025-09-24T08:00:00.001Z,0.00000719
2025-09-24T16:00:00.002Z,-0.00003616
2025-09-25T00:00:00.000Z,-0.00008602
2025-09-25T08:00:00.001Z,-0.00008110
2025-09-25T16:00:00.000Z,0.00010000
2025-09-26T00:00:00.000Z,0.00008976
2025-09-26T08:00:00.000Z,0.00003202
2025-09-26T16:00:00.008Z,0.00004775
2025-09-27T00:00:00.000Z,-0.00001608
2025-09-27T08:00:00.010Z,0.00004387
2025-09-27T16:00:00.003Z,0.00010000
2025-09-28T00:00:00.000Z,0.00007975
2025-09-28T08:00:00.000Z,0.00004229
2025-09-28T16:00:00.000Z,0.00008200
2025-09-29T00:00:00.000Z,0.00003512
2025-09-29T08:00:00.002Z,0.00003842
2025-09-29T16:00:00.001Z,-0.00003490
2025-09-30T00:00:00.002Z,0.00000916
2025-09-30T08:00:00.005Z,-0.00001307
2025-09-30T16:00:00.000Z,0.00000472
2025-10-01T00:00:00.000Z,-0.00001572
2025-10-01T08:00:00.000Z,0.00002569
2025-10-01T16:00:00.000Z,-0.00000744
2025-10-02T00:00:00.000Z,0.00001487
2025-10-02T08:00:00.013Z,0.00003033
2025-10-02T16:00:00.000Z,0.00003733
2025-10-03T00:00:00.006Z,0.00001312
2025-10-03T08:00:00.006Z,0.00007933
2025-10-03T16:00:00.000Z,0.00005593
2025-10-04T00:00:00.001Z,0.00005570
2025-10-04T08:00:00.000Z,0.00000725
2025-10-04T16:00:00.000Z,0.00004800
2025-10-05T00:00:00.000Z,0.00005761
2025-10-05T08:00:00.003Z,0.00010000
2025-10-05T16:00:00.009Z,0.00009708
2025-10-06T00:00:00.004Z,0.00007894
2025-10-06T08:00:00.002Z,0.00010000
2025-10-06T16:00:00.004Z,0.00010000
2025-10-07T00:00:00.000Z,0.00010000
2025-10-07T08:00:00.003Z,0.00010000
2025-10-07T16:00:00.000Z,0.00010000
2025-10-08T00:00:00.000Z,0.00001254
2025-10-08T08:00:00.006Z,0.00006038
2025-10-08T16:00:00.002Z,0.00001261
2025-10-09T00:00:00.001Z,0.00003613
2025-10-09T08:00:00.000Z,-0.00000226
2025-10-09T16:00:00.000Z,0.00005752
2025-10-10T00:00:00.005Z,0.00002565
2025-10-10T08:00:00.002Z,0.00002511
2025-10-10T16:00:00.014Z,-0.00005147
2025-10-11T00:00:00.000Z,0.00010000
2025-10-11T08:00:00.003Z,-0.00013094
2025-10-11T16:00:00.000Z,-0.00000173
2025-10-12T00:00:00.004Z,-0.00006965
2025-10-12T08:00:00.002Z,0.00000839
2025-10-12T16:00:00.000Z,-0.00004563
2025-10-13T00:00:00.003Z,-0.00002591
2025-10-13T08:00:00.002Z,0.00005255
2025-10-13T16:00:00.003Z,0.00005202
2025-10-14T00:00:00.000Z,0.00005602
2025-10-14T08:00:00.000Z,0.00000352
2025-10-14T16:00:00.000Z,0.00002693
2025-10-15T00:00:00.006Z,0.00001420
2025-10-15T08:00:00.002Z,0.00004258
2025-10-15T16:00:00.000Z,0.00002500
2025-10-16T00:00:00.000Z,-0.00000499
2025-10-16T08:00:00.003Z,0.00000765
2025-10-16T16:00:00.002Z,0.00000618
2025-10-17T00:00:00.001Z,0.00003354
2025-10-17T08:00:00.005Z,0.00005630
2025-10-17T16:00:00.003Z,0.00002963
2025-10-18T00:00:00.000Z,0.00001423
2025-10-18T08:00:00.002Z,0.00001510
2025-10-18T16:00:00.001Z,0.00006086
2025-10-19T00:00:00.001Z,0.00006239
2025-10-19T08:00:00.001Z,0.00002101
2025-10-19T16:00:00.001Z,0.00003514
2025-10-20T00:00:00.004Z,0.00002481
2025-10-20T08:00:00.001Z,0.00005413
2025-10-20T16:00:00.000Z,0.00005999
2025-10-21T00:00:00.009Z,0.00003530
2025-10-21T08:00:00.000Z,0.00000047
2025-10-21T16:00:00.000Z,0.00007724
2025-10-22T00:00:00.004Z,-0.00002491
2025-10-22T08:00:00.000Z,0.00002192
2025-10-22T16:00:00.000Z,0.00002392
2025-10-23T00:00:00.000Z,0.00000529
2025-10-23T08:00:00.001Z,0.00004173
2025-10-23T16:00:00.004Z,0.00005185
2025-10-24T00:00:00.000Z,0.00000888
2025-10-24T08:00:00.000Z,0.00009418
2025-10-24T16:00:00.009Z,0.00003074
2025-10-25T00:00:00.000Z,0.00001282
2025-10-25T08:00:00.001Z,0.00001546
2025-10-25T16:00:00.001Z,0.00006413
2025-10-26T00:00:00.001Z,0.00010000
2025-10-26T08:00:00.001Z,0.00002079
2025-10-26T16:00:00.000Z,0.00010000
2025-10-27T00:00:00.000Z,0.00010000
2025-10-27T08:00:00.005Z,0.00010000
2025-10-27T16:00:00.000Z,0.00007827
2025-10-28T00:00:00.000Z,0.00003936
2025-10-28T08:00:00.000Z,0.00004615
2025-10-28T16:00:00.004Z,0.00001796
2025-10-29T00:00:00.004Z,-0.00005159
2025-10-29T08:00:00.005Z,-0.00001008
2025-10-29T16:00:00.000Z,0.00003915
2025-10-30T00:00:00.004Z,-0.00003389
2025-10-30T08:00:00.008Z,-0.00002243
2025-10-30T16:00:00.001Z,-0.00006394
2025-10-31T00:00:00.000Z,0.00003219
2025-10-31T08:00:00.008Z,0.00007777
2025-10-31T16:00:00.007Z,-0.00001283
2025-11-01T00:00:00.001Z,0.00006032
2025-11-01T08:00:00.000Z,0.00007748
2025-11-01T16:00:00.000Z,0.00010000
2025-11-02T00:00:00.007Z,0.00006688
2025-11-02T08:00:00.000Z,0.00009258
2025-11-02T16:00:00.001Z,0.00003269
2025-11-03T00:00:00.000Z,0.00008937
2025-11-03T08:00:00.010Z,0.00002373
2025-11-03T16:00:00.000Z,0.00000524
2025-11-04T00:00:00.002Z,0.00007890
2025-11-04T08:00:00.004Z,0.00008984
2025-11-04T16:00:00.000Z,0.00004875
2025-11-05T00:00:00.000Z,0.00001174
2025-11-05T08:00:00.000Z,0.00000656
2025-11-05T16:00:00.004Z,0.00004337
2025-11-06T00:00:00.001Z,0.00004919
2025-11-06T08:00:00.000Z,0.00004986
2025-11-06T16:00:00.001Z,0.00000071
2025-11-07T00:00:00.005Z,0.00007583
2025-11-07T08:00:00.003Z,0.00004780
2025-11-07T16:00:00.005Z,0.00008277
2025-11-08T00:00:00.011Z,0.00007722
2025-11-08T08:00:00.015Z,0.00008414
2025-11-08T16:00:00.001Z,0.00006487
2025-11-09T00:00:00.004Z,0.00001158
2025-11-09T08:00:00.000Z,0.00006622
2025-11-09T16:00:00.005Z,0.00004710
2025-11-10T00:00:00.000Z,0.00003686
2025-11-10T08:00:00.000Z,0.00009099
2025-11-10T16:00:00.003Z,0.00007806
2025-11-11T00:00:00.007Z,0.00002962
2025-11-11T08:00:00.000Z,-0.00002557
2025-11-11T16:00:00.009Z,0.00002827
2025-11-12T00:00:00.000Z,0.00003618
2025-11-12T08:00:00.002Z,-0.00003940
2025-11-12T16:00:00.000Z,0.00007040
2025-11-13T00:00:00.002Z,0.00006967
2025-11-13T08:00:00.000Z,0.00010000
2025-11-13T16:00:00.001Z,0.00002321
2025-11-14T00:00:00.000Z,-0.00000382
2025-11-14T08:00:00.000Z,0.00003573
2025-11-14T16:00:00.001Z,0.00007962
2025-11-15T00:00:00.005Z,0.00004979
2025-11-15T08:00:00.000Z,0.00004397
2025-11-15T16:00:00.001Z,0.00004679
2025-11-16T00:00:00.001Z,0.00010000
2025-11-16T08:00:00.000Z,0.00010000
2025-11-16T16:00:00.000Z,0.00007779
2025-11-17T00:00:00.003Z,0.00010000
2025-11-17T08:00:00.003Z,0.00010000
2025-11-17T16:00:00.000Z,0.00005992
2025-11-18T00:00:00.002Z,0.00009056
2025-11-18T08:00:00.004Z,0.00010000
2025-11-18T16:00:00.000Z,0.00005928
2025-11-19T00:00:00.000Z,0.00010000
2025-11-19T08:00:00.000Z,0.00006727
2025-11-19T16:00:00.008Z,0.00003204
2025-11-20T00:00:00.000Z,0.00007097
2025-11-20T08:00:00.000Z,0.00007838
2025-11-20T16:00:00.000Z,0.00006788
2025-11-21T00:00:00.001Z,0.00003335
2025-11-21T08:00:00.000Z,0.00001947
2025-11-21T16:00:00.001Z,0.00005440
2025-11-22T00:00:00.004Z,0.00001859
2025-11-22T08:00:00.000Z,0.00007195
2025-11-22T16:00:00.000Z,0.00004657
2025-11-23T00:00:00.000Z,0.00006445
2025-11-23T08:00:00.008Z,-0.00002356
2025-11-23T16:00:00.003Z,-0.00000587
2025-11-24T00:00:00.004Z,-0.00000010
2025-11-24T08:00:00.000Z,0.00007615
2025-11-24T16:00:00.006Z,0.00004931
2025-11-25T00:00:00.000Z,0.00004020
2025-11-25T08:00:00.009Z,0.00003624
2025-11-25T16:00:00.007Z,0.00000556
2025-11-26T00:00:00.001Z,0.00004707
2025-11-26T08:00:00.001Z,-0.00000920
2025-11-26T16:00:00.000Z,0.00001886
2025-11-27T00:00:00.013Z,0.00002467
2025-11-27T08:00:00.000Z,0.00001646
2025-11-27T16:00:00.004Z,0.00000988
2025-11-28T00:00:00.008Z,-0.00000145
2025-11-28T08:00:00.000Z,0.00002638
2025-11-28T16:00:00.008Z,-0.00000903
2025-11-29T00:00:00.000Z,0.00002574
2025-11-29T08:00:00.005Z,0.00000510
2025-11-29T16:00:00.001Z,-0.00000152
2025-11-30T00:00:00.003Z,0.00007916
2025-11-30T08:00:00.000Z,0.00004019
2025-11-30T16:00:00.004Z,0.00003707
2025-12-01T00:00:00.000Z,0.00005374
2025-12-01T08:00:00.004Z,0.00007757
2025-12-01T16:00:00.000Z,-0.00002535
2025-12-02T00:00:00.004Z,0.00006949
2025-12-02T08:00:00.000Z,0.00005552
2025-12-02T16:00:00.000Z,0.00004147
2025-12-03T00:00:00.000Z,0.00004698
2025-12-03T08:00:00.000Z,0.00001107
2025-12-03T16:00:00.005Z,0.00005015
2025-12-04T00:00:00.012Z,0.00006305
2025-12-04T08:00:00.000Z,0.00010000
2025-12-04T16:00:00.011Z,0.00009628
2025-12-05T00:00:00.000Z,0.00002405
2025-12-05T08:00:00.000Z,0.00009771
2025-12-05T16:00:00.010Z,0.00004884
2025-12-06T00:00:00.001Z,0.00004481
2025-12-06T08:00:00.001Z,0.00000455
2025-12-06T16:00:00.008Z,0.00003188
2025-12-07T00:00:00.000Z,0.00003716
2025-12-07T08:00:00.004Z,-0.00000974
2025-12-07T16:00:00.000Z,0.00001448
2025-12-08T00:00:00.000Z,0.00002807
2025-12-08T08:00:00.000Z,0.00007240
2025-12-08T16:00:00.001Z,0.00004139
2025-12-09T00:00:00.001Z,0.00005283
2025-12-09T08:00:00.001Z,0.00006214
2025-12-09T16:00:00.007Z,0.00003873
2025-12-10T00:00:00.007Z,0.00010000
2025-12-10T08:00:00.002Z,0.00007429
2025-12-10T16:00:00.012Z,0.00003462
2025-12-11T00:00:00.001Z,0.00006920
2025-12-11T08:00:00.000Z,0.00000138
2025-12-11T16:00:00.000Z,0.00002616
2025-12-12T00:00:00.005Z,-0.00000248
2025-12-12T08:00:00.007Z,0.00003217
2025-12-12T16:00:00.002Z,-0.00000236
2025-12-13T00:00:00.001Z,0.00000107
2025-12-13T08:00:00.006Z,-0.00001354
2025-12-13T16:00:00.000Z,0.00003292
2025-12-14T00:00:00.000Z,0.00008266
2025-12-14T08:00:00.003Z,0.00004872
2025-12-14T16:00:00.005Z,0.00008259
2025-12-15T00:00:00.000Z,0.00006154
2025-12-15T08:00:00.000Z,0.00003415
2025-12-15T16:00:00.000Z,0.00002051
2025-12-16T00:00:00.002Z,-0.00000641
2025-12-16T08:00:00.000Z,0.00002281
2025-12-16T16:00:00.002Z,-0.00001870
2025-12-17T00:00:00.004Z,0.00000352
2025-12-17T08:00:00.000Z,0.00003718
2025-12-17T16:00:00.000Z,0.00000086
2025-12-18T00:00:00.005Z,-0.00001833
2025-12-18T08:00:00.007Z,-0.00003186
2025-12-18T16:00:00.001Z,0.00005890
2025-12-19T00:00:00.000Z,0.00005783
2025-12-19T08:00:00.001Z,0.00007285
2025-12-19T16:00:00.000Z,0.00009196
2025-12-20T00:00:00.005Z,0.00001997
2025-12-20T08:00:00.000Z,0.00001909
2025-12-20T16:00:00.002Z,0.00000903
2025-12-21T00:00:00.000Z,0.00001836
2025-12-21T08:00:00.009Z,0.00004198
2025-12-21T16:00:00.000Z,0.00000337
2025-12-22T00:00:00.000Z,-0.00002332
2025-12-22T08:00:00.005Z,0.00000576
2025-12-22T16:00:00.009Z,-0.00000569
2025-12-23T00:00:00.000Z,0.00003812
2025-12-23T08:00:00.000Z,0.00006790
2025-12-23T16:00:00.001Z,0.00002640
2025-12-24T00:00:00.001Z,0.00002584
2025-12-24T08:00:00.001Z,0.00006186
2025-12-24T16:00:00.000Z,0.00005629
2025-12-25T00:00:00.000Z,0.00006527
2025-12-25T08:00:00.001Z,0.00006688
2025-12-25T16:00:00.005Z,0.00004970
2025-12-26T00:00:00.004Z,0.00005028
2025-12-26T08:00:00.001Z,0.00006473
2025-12-26T16:00:00.007Z,0.00003451
2025-12-27T00:00:00.000Z,0.00004038
2025-12-27T08:00:00.000Z,-0.00000519
2025-12-27T16:00:00.011Z,0.00008133
2025-12-28T00:00:00.008Z,0.00005105
2025-12-28T08:00:00.000Z,0.00007910
2025-12-28T16:00:00.000Z,0.00004862
2025-12-29T00:00:00.016Z,0.00009172
2025-12-29T08:00:00.001Z,0.00008496
2025-12-29T16:00:00.000Z,0.00001862
2025-12-30T00:00:00.005Z,-0.00001536
2025-12-30T08:00:00.001Z,0.00003920
2025-12-30T16:00:00.003Z,0.00010000
2025-12-31T00:00:00.004Z,0.00005157
2025-12-31T08:00:00.001Z,0.00001205
2025-12-31T16:00:00.001Z,0.00003527
2026-01-01T00:00:00.008Z,0.00010000
2026-01-01T08:00:00.002Z,0.00008799
2026-01-01T16:00:00.001Z,-0.00000560
2026-01-02T00:00:00.006Z,0.00005053
2026-01-02T08:00:00.007Z,0.00003090
2026-01-02T16:00:00.000Z,0.00010000
2026-01-03T00:00:00.001Z,0.00005187
2026-01-03T08:00:00.000Z,0.00003421
2026-01-03T16:00:00.000Z,0.00003231
2026-01-04T00:00:00.000Z,0.00007598
2026-01-04T08:00:00.000Z,0.00000212
2026-01-04T16:00:00.001Z,0.00007231
2026-01-05T00:00:00.000Z,0.00007926
2026-01-05T08:00:00.000Z,0.00000966
2026-01-05T16:00:00.000Z,0.00005085
2026-01-06T00:00:00.010Z,0.00008035
2026-01-06T08:00:00.000Z,0.00006876
2026-01-06T16:00:00.000Z,0.00004250
2026-01-07T00:00:00.001Z,0.00007658
2026-01-07T08:00:00.001Z,0.00007268
2026-01-07T16:00:00.001Z,0.00003902
2026-01-08T00:00:00.001Z,0.00007044
2026-01-08T08:00:00.000Z,0.00007658
2026-01-08T16:00:00.000Z,0.00000049
2026-01-09T00:00:00.003Z,0.00006634
2026-01-09T08:00:00.000Z,0.00003789
2026-01-09T16:00:00.001Z,0.00005562
2026-01-10T00:00:00.000Z,0.00008959
2026-01-10T08:00:00.002Z,0.00010000
2026-01-10T16:00:00.001Z,0.00005277
2026-01-11T00:00:00.003Z,0.00009824
2026-01-11T08:00:00.006Z,0.00006573
2026-01-11T16:00:00.000Z,0.00005876
2026-01-12T00:00:00.005Z,0.00010000
2026-01-12T08:00:00.000Z,0.00003472
2026-01-12T16:00:00.000Z,0.00006663
2026-01-13T00:00:00.007Z,0.00004704
2026-01-13T08:00:00.009Z,0.00009164
2026-01-13T16:00:00.002Z,0.00002672
2026-01-14T00:00:00.000Z,0.00010000
2026-01-14T08:00:00.001Z,0.00010000
2026-01-14T16:00:00.004Z,0.00008331
2026-01-15T00:00:00.000Z,0.00005358
2026-01-15T08:00:00.004Z,0.00000658
2026-01-15T16:00:00.002Z,0.00009722
2026-01-16T00:00:00.000Z,0.00003284
2026-01-16T08:00:00.000Z,0.00003558
2026-01-16T16:00:00.001Z,0.00002767
2026-01-17T00:00:00.000Z,0.00008371
2026-01-17T08:00:00.000Z,0.00008079
2026-01-17T16:00:00.002Z,0.00006017
2026-01-18T00:00:00.001Z,0.00003761
2026-01-18T08:00:00.000Z,0.00001351
2026-01-18T16:00:00.000Z,0.00002477
2026-01-19T00:00:00.007Z,0.00005221
2026-01-19T08:00:00.007Z,-0.00001140
2026-01-19T16:00:00.007Z,0.00001428
2026-01-20T00:00:00.005Z,0.00008611
2026-01-20T08:00:00.001Z,0.00006101
2026-01-20T16:00:00.009Z,0.00001232
2026-01-21T00:00:00.001Z,0.00000552
2026-01-21T08:00:00.011Z,0.00000530
2026-01-21T16:00:00.011Z,0.00001113
2026-01-22T00:00:00.010Z,0.00002119
2026-01-22T08:00:00.003Z,0.00007681
2026-01-22T16:00:00.005Z,-0.00002933
2026-01-23T00:00:00.005Z,0.00001674
2026-01-23T08:00:00.000Z,0.00002868
2026-01-23T16:00:00.011Z,0.00005045
2026-01-24T00:00:00.011Z,0.00003675
2026-01-24T08:00:00.002Z,0.00001171
2026-01-24T16:00:00.001Z,0.00001292
2026-01-25T00:00:00.002Z,0.00004065
2026-01-25T08:00:00.011Z,0.00006759
2026-01-25T16:00:00.005Z,0.00004059
2026-01-26T00:00:00.000Z,-0.00013629
2026-01-26T08:00:00.003Z,0.00006540
2026-01-26T16:00:00.000Z,0.00001326
2026-01-27T00:00:00.002Z,0.00007255
2026-01-27T08:00:00.000Z,0.00008694
2026-01-27T16:00:00.000Z,0.00009488
2026-01-28T00:00:00.000Z,0.00008698
2026-01-28T08:00:00.000Z,0.00009559
2026-01-28T16:00:00.000Z,0.00004501
2026-01-29T00:00:00.000Z,0.00004731
2026-01-29T08:00:00.009Z,0.00004078
2026-01-29T16:00:00.000Z,-0.00001167
2026-01-30T00:00:00.008Z,0.00000473
2026-01-30T08:00:00.000Z,-0.00000308
2026-01-30T16:00:00.001Z,-0.00000056
2026-01-31T00:00:00.000Z,-0.00007003
2026-01-31T08:00:00.001Z,0.00001854
2026-01-31T16:00:00.009Z,-0.00008908
2026-02-01T00:00:00.001Z,-0.00016427
2026-02-01T08:00:00.004Z,0.00001415
2026-02-01T16:00:00.000Z,-0.00007308
2026-02-02T00:00:00.000Z,-0.00015302
2026-02-02T08:00:00.014Z,-0.00008208
2026-02-02T16:00:00.000Z,-0.00010921
2026-02-03T00:00:00.000Z,-0.00015482
2026-02-03T08:00:00.007Z,0.00001010
2026-02-03T16:00:00.000Z,-0.00003903
2026-02-04T00:00:00.002Z,-0.00002474
2026-02-04T08:00:00.007Z,0.00002076
2026-02-04T16:00:00.000Z,-0.00006117
2026-02-05T00:00:00.011Z,0.00005503
2026-02-05T08:00:00.000Z,-0.00000504
2026-02-05T16:00:00.007Z,-0.00007797
2026-02-06T00:00:00.000Z,-0.00027709
2026-02-06T08:00:00.001Z,-0.00008430
2026-02-06T16:00:00.000Z,0.00001852
2026-02-07T00:00:00.003Z,0.00010000
2026-02-07T08:00:00.000Z,-0.00000183
2026-02-07T16:00:00.010Z,0.00001636
2026-02-08T00:00:00.003Z,0.00002665
2026-02-08T08:00:00.000Z,-0.00003046
2026-02-08T16:00:00.000Z,-0.00005398
2026-02-09T00:00:00.002Z,-0.00004033
2026-02-09T08:00:00.001Z,-0.00004865
2026-02-09T16:00:00.007Z,-0.00000334
2026-02-10T00:00:00.000Z,0.00004269
2026-02-10T08:00:00.007Z,-0.00015210
2026-02-10T16:00:00.000Z,-0.00019437
2026-02-11T00:00:00.000Z,-0.00008436
2026-02-11T08:00:00.006Z,-0.00012968
2026-02-11T16:00:00.000Z,-0.00012326
2026-02-12T00:00:00.000Z,-0.00002549
2026-02-12T08:00:00.001Z,0.00002239
2026-02-12T16:00:00.001Z,-0.00004103
2026-02-13T00:00:00.007Z,-0.00010652
2026-02-13T08:00:00.003Z,-0.00002874
2026-02-13T16:00:00.005Z,0.00004260
2026-02-14T00:00:00.002Z,-0.00000268
2026-02-14T08:00:00.004Z,0.00001442
2026-02-14T16:00:00.002Z,-0.00001921
2026-02-15T00:00:00.000Z,-0.00006367
2026-02-15T08:00:00.002Z,0.00006204
2026-02-15T16:00:00.000Z,-0.00007550
2026-02-16T00:00:00.001Z,-0.00005314
2026-02-16T08:00:00.003Z,-0.00005925
2026-02-16T16:00:00.000Z,-0.00003499
2026-02-17T00:00:00.008Z,0.00005298
2026-02-17T08:00:00.001Z,0.00000843
2026-02-17T16:00:00.002Z,-0.00004733
2026-02-18T00:00:00.000Z,0.00001121
2026-02-18T08:00:00.000Z,-0.00003783
2026-02-18T16:00:00.011Z,-0.00000866
2026-02-19T00:00:00.013Z,-0.00010561
2026-02-19T08:00:00.000Z,-0.00003009
2026-02-19T16:00:00.003Z,-0.00007865
2026-02-20T00:00:00.000Z,-0.00004637
2026-02-20T08:00:00.000Z,-0.00003190
2026-02-20T16:00:00.000Z,-0.00007160
2026-02-21T00:00:00.004Z,0.00003050
2026-02-21T08:00:00.000Z,0.00004592
2026-02-21T16:00:00.005Z,0.00006628
2026-02-22T00:00:00.001Z,0.00003845
2026-02-22T08:00:00.004Z,0.00001584
2026-02-22T16:00:00.000Z,-0.00004379
2026-02-23T00:00:00.001Z,-0.00003343
2026-02-23T08:00:00.000Z,-0.00036526
2026-02-23T16:00:00.000Z,0.00001654
2026-02-24T00:00:00.007Z,0.00002610
2026-02-24T08:00:00.000Z,-0.00004446
2026-02-24T16:00:00.001Z,-0.00002974
2026-02-25T00:00:00.001Z,-0.00002455
2026-02-25T08:00:00.007Z,0.00004558
2026-02-25T16:00:00.000Z,0.00005753
2026-02-26T00:00:00.000Z,0.00007787
2026-02-26T08:00:00.006Z,-0.00002591
2026-02-26T16:00:00.002Z,0.00003926
2026-02-27T00:00:00.007Z,0.00001390
2026-02-27T08:00:00.000Z,0.00000334
2026-02-27T16:00:00.001Z,-0.00011015
2026-02-28T00:00:00.000Z,-0.00008821
2026-02-28T08:00:00.000Z,-0.00009456
2026-02-28T16:00:00.004Z,-0.00007186
2026-03-01T00:00:00.005Z,-0.00003406
2026-03-01T08:00:00.000Z,0.00004986
2026-03-01T16:00:00.002Z,0.00005291
2026-03-02T00:00:00.001Z,-0.00007621
2026-03-02T08:00:00.007Z,-0.00004310
2026-03-02T16:00:00.000Z,-0.00006736
2026-03-03T00:00:00.000Z,0.00004930
2026-03-03T08:00:00.000Z,-0.00002809
2026-03-03T16:00:00.007Z,-0.00009532
2026-03-04T00:00:00.001Z,-0.00000392
2026-03-04T08:00:00.005Z,-0.00007107
2026-03-04T16:00:00.000Z,0.00006615
2026-03-05T00:00:00.000Z,-0.00001331
2026-03-05T08:00:00.000Z,-0.00000837
2026-03-05T16:00:00.004Z,-0.00001463
2026-03-06T00:00:00.001Z,0.00004376
2026-03-06T08:00:00.001Z,-0.00002383
2026-03-06T16:00:00.004Z,-0.00009858
2026-03-07T00:00:00.001Z,-0.00004995
2026-03-07T08:00:00.012Z,-0.00000916
2026-03-07T16:00:00.001Z,-0.00002260
2026-03-08T00:00:00.001Z,-0.00004775
2026-03-08T08:00:00.000Z,-0.00008766
2026-03-08T16:00:00.002Z,-0.00007522
2026-03-09T00:00:00.000Z,-0.00022545
2026-03-09T08:00:00.004Z,0.00002557
2026-03-09T16:00:00.003Z,0.00005482
2026-03-10T00:00:00.012Z,0.00004253
2026-03-10T08:00:00.002Z,0.00005082
2026-03-10T16:00:00.001Z,0.00002672
2026-03-11T00:00:00.000Z,-0.00000394
2026-03-11T08:00:00.007Z,-0.00000074
2026-03-11T16:00:00.010Z,0.00002992
2026-03-12T00:00:00.000Z,0.00000902
2026-03-12T08:00:00.000Z,-0.00006811
2026-03-12T16:00:00.000Z,-0.00001513
2026-03-13T00:00:00.006Z,0.00002264
2026-03-13T08:00:00.001Z,-0.00000063
2026-03-13T16:00:00.000Z,0.00002099
2026-03-14T00:00:00.001Z,0.00002679
2026-03-14T08:00:00.000Z,-0.00002367
2026-03-14T16:00:00.007Z,-0.00004100
2026-03-15T00:00:00.000Z,-0.00004662
2026-03-15T08:00:00.000Z,0.00001371
2026-03-15T16:00:00.000Z,0.00003459
2026-03-16T00:00:00.000Z,0.00007611
2026-03-16T08:00:00.010Z,0.00010000
2026-03-16T16:00:00.000Z,0.00007073
2026-03-17T00:00:00.000Z,0.00005155
2026-03-17T08:00:00.002Z,0.00001964
2026-03-17T16:00:00.011Z,-0.00001057
2026-03-18T00:00:00.002Z,0.00001504
2026-03-18T08:00:00.002Z,0.00001301
2026-03-18T16:00:00.005Z,-0.00001399
2026-03-19T00:00:00.000Z,-0.00000380
2026-03-19T08:00:00.003Z,-0.00000871
2026-03-19T16:00:00.003Z,0.00000066
2026-03-20T00:00:00.002Z,-0.00006348
2026-03-20T08:00:00.000Z,-0.00005947
2026-03-20T16:00:00.000Z,-0.00000072
2026-03-21T00:00:00.000Z,0.00002359
2026-03-21T08:00:00.000Z,0.00001136
2026-03-21T16:00:00.014Z,0.00002063
2026-03-22T00:00:00.012Z,-0.00001052
2026-03-22T08:00:00.007Z,0.00001140
2026-03-22T16:00:00.002Z,-0.00007418
2026-03-23T00:00:00.000Z,-0.00005929
2026-03-23T08:00:00.003Z,-0.00000316
2026-03-23T16:00:00.002Z,0.00006110
2026-03-24T00:00:00.000Z,0.00002880
2026-03-24T08:00:00.000Z,0.00002122
2026-03-24T16:00:00.003Z,-0.00002682
2026-03-25T00:00:00.000Z,0.00003540
2026-03-25T08:00:00.000Z,-0.00004168
2026-03-25T16:00:00.013Z,0.00000527
2026-03-26T00:00:00.001Z,0.00004453
2026-03-26T08:00:00.001Z,0.00000715
2026-03-26T16:00:00.000Z,-0.00008212
2026-03-27T00:00:00.006Z,-0.00000208
2026-03-27T08:00:00.000Z,-0.00005164
2026-03-27T16:00:00.000Z,-0.00018104
2026-03-28T00:00:00.005Z,-0.00004999
2026-03-28T08:00:00.005Z,-0.00008079
2026-03-28T16:00:00.000Z,0.00000045
2026-03-29T00:00:00.003Z,-0.00001122
2026-03-29T08:00:00.001Z,-0.00003677
2026-03-29T16:00:00.000Z,-0.00003760
2026-03-30T00:00:00.000Z,-0.00002586
2026-03-30T08:00:00.005Z,0.00001177
2026-03-30T16:00:00.000Z,0.00004113
2026-03-31T00:00:00.000Z,0.00000257
2026-03-31T08:00:00.000Z,0.00001748
2026-03-31T16:00:00.000Z,-0.00000962
2026-04-01T00:00:00.000Z,-0.00000257
2026-04-01T08:00:00.000Z,0.00004782
2026-04-01T16:00:00.000Z,0.00004428
2026-04-02T00:00:00.003Z,-0.00008956
2026-04-02T08:00:00.001Z,-0.00013372
2026-04-02T16:00:00.001Z,-0.00007283
2026-04-03T00:00:00.000Z,-0.00002988
2026-04-03T08:00:00.008Z,0.00000637
2026-04-03T16:00:00.008Z,-0.00000958
2026-04-04T00:00:00.000Z,-0.00000030
2026-04-04T08:00:00.003Z,0.00004915
2026-04-04T16:00:00.000Z,0.00000735
2026-04-05T00:00:00.008Z,0.00002442
2026-04-05T08:00:00.000Z,0.00000623
2026-04-05T16:00:00.001Z,-0.00004340
2026-04-06T00:00:00.004Z,0.00002356
2026-04-06T08:00:00.001Z,0.00006201
2026-04-06T16:00:00.003Z,0.00002033
2026-04-07T00:00:00.000Z,-0.00003933
2026-04-07T08:00:00.000Z,-0.00002975
2026-04-07T16:00:00.000Z,0.00001031
2026-04-08T00:00:00.000Z,0.00010000
2026-04-08T08:00:00.000Z,0.00005834
2026-04-08T16:00:00.006Z,0.00006711
2026-04-09T00:00:00.000Z,0.00003320
2026-04-09T08:00:00.010Z,-0.00001493
2026-04-09T16:00:00.001Z,0.00001917
2026-04-10T00:00:00.000Z,0.00001250
2026-04-10T08:00:00.005Z,0.00000283
2026-04-10T16:00:00.000Z,-0.00000448
2026-04-11T00:00:00.000Z,-0.00006627
2026-04-11T08:00:00.000Z,-0.00007635
2026-04-11T16:00:00.003Z,-0.00003260
2026-04-12T00:00:00.000Z,0.00008271
2026-04-12T08:00:00.000Z,-0.00003576
2026-04-12T16:00:00.000Z,-0.00005477
2026-04-13T00:00:00.011Z,-0.00000986
2026-04-13T08:00:00.006Z,0.00003028
2026-04-13T16:00:00.000Z,0.00003014
2026-04-14T00:00:00.005Z,0.00010000
2026-04-14T08:00:00.003Z,0.00010000
2026-04-14T16:00:00.001Z,0.00003490
2026-04-15T00:00:00.000Z,0.00001802
2026-04-15T08:00:00.000Z,0.00001648
2026-04-15T16:00:00.000Z,0.00000261
2026-04-16T00:00:00.013Z,-0.00001717
2026-04-16T08:00:00.000Z,-0.00005141
2026-04-16T16:00:00.000Z,-0.00003792
2026-04-17T00:00:00.001Z,0.00000861
2026-04-17T08:00:00.011Z,0.00000822
2026-04-17T16:00:00.001Z,0.00001819
2026-04-18T00:00:00.001Z,-0.00002327
2026-04-18T08:00:00.006Z,-0.00001075
2026-04-18T16:00:00.000Z,-0.00015064
2026-04-19T00:00:00.002Z,-0.00010377
2026-04-19T08:00:00.010Z,-0.00011438
2026-04-19T16:00:00.001Z,-0.00022976
2026-04-20T00:00:00.000Z,-0.00000927
2026-04-20T08:00:00.000Z,-0.00001408
2026-04-20T16:00:00.001Z,0.00000810
2026-04-21T00:00:00.000Z,-0.00004382
2026-04-21T08:00:00.004Z,-0.00003720
2026-04-21T16:00:00.004Z,-0.00003676
2026-04-22T00:00:00.004Z,-0.00002128
2026-04-22T08:00:00.000Z,0.00010000
2026-04-22T16:00:00.000Z,0.00007797
2026-04-23T00:00:00.000Z,0.00010000
2026-04-23T08:00:00.000Z,-0.00001984
2026-04-23T16:00:00.004Z,-0.00006025
2026-04-24T00:00:00.006Z,-0.00003645
2026-04-24T08:00:00.000Z,-0.00006980
2026-04-24T16:00:00.000Z,-0.00012145
2026-04-25T00:00:00.000Z,-0.00004387
2026-04-25T08:00:00.002Z,-0.00002141
2026-04-25T16:00:00.002Z,-0.00004431
2026-04-26T00:00:00.003Z,-0.00001131
2026-04-26T08:00:00.007Z,-0.00001931
2026-04-26T16:00:00.004Z,-0.00002842
2026-04-27T00:00:00.004Z,-0.00006636
2026-04-27T08:00:00.000Z,-0.00007865
2026-04-27T16:00:00.002Z,-0.00007593
2026-04-28T00:00:00.001Z,-0.00016104
2026-04-28T08:00:00.000Z,-0.00011678
2026-04-28T16:00:00.004Z,0.00000025
2026-04-29T00:00:00.006Z,0.00002842
2026-04-29T08:00:00.011Z,0.00004666
2026-04-29T16:00:00.003Z,0.00004782
2026-04-30T00:00:00.002Z,-0.00006092
2026-04-30T08:00:00.000Z,-0.00004636
2026-04-30T16:00:00.000Z,-0.00007717
2026-05-01T00:00:00.000Z,-0.00004000
2026-05-01T08:00:00.005Z,-0.00001877
2026-05-01T16:00:00.000Z,-0.00002131
2026-05-02T00:00:00.006Z,-0.00000436
2026-05-02T08:00:00.000Z,-0.00003820
2026-05-02T16:00:00.010Z,-0.00000388
2026-05-03T00:00:00.005Z,0.00003520
2026-05-03T08:00:00.003Z,-0.00001628
2026-05-03T16:00:00.000Z,0.00008747
2026-05-04T00:00:00.000Z,0.00004305
2026-05-04T08:00:00.000Z,0.00008648
2026-05-04T16:00:00.003Z,-0.00000209
2026-05-05T00:00:00.000Z,-0.00001957
2026-05-05T08:00:00.011Z,-0.00002410
2026-05-05T16:00:00.000Z,-0.00006520
2026-05-06T00:00:00.010Z,-0.00002041
2026-05-06T08:00:00.000Z,-0.00009447
2026-05-06T16:00:00.002Z,-0.00005114
2026-05-07T00:00:00.000Z,-0.00006585
2026-05-07T08:00:00.000Z,-0.00011993
2026-05-07T16:00:00.004Z,-0.00004319
2026-05-08T00:00:00.003Z,-0.00000968
2026-05-08T08:00:00.002Z,-0.00002849
2026-05-08T16:00:00.003Z,-0.00003358
2026-05-09T00:00:00.000Z,0.00006199
2026-05-09T08:00:00.001Z,0.00004314
2026-05-09T16:00:00.002Z,0.00008760
2026-05-10T00:00:00.003Z,0.00010000
2026-05-10T08:00:00.000Z,0.00008268
2026-05-10T16:00:00.000Z,0.00006714
2026-05-11T00:00:00.000Z,0.00007463
2026-05-11T08:00:00.000Z,0.00001995
2026-05-11T16:00:00.000Z,0.00003355
2026-05-12T00:00:00.002Z,0.00003946
2026-05-12T08:00:00.008Z,0.00000708
2026-05-12T16:00:00.000Z,0.00003956
2026-05-13T00:00:00.010Z,0.00001323
2026-05-13T08:00:00.003Z,0.00005046
2026-05-13T16:00:00.001Z,0.00000545
2026-05-14T00:00:00.005Z,0.00005942
2026-05-14T08:00:00.000Z,0.00005526
2026-05-14T16:00:00.000Z,0.00003946
2026-05-15T00:00:00.000Z,-0.00000693
2026-05-15T08:00:00.016Z,0.00000388
2026-05-15T16:00:00.012Z,0.00001397
2026-05-16T00:00:00.005Z,0.00007065
2026-05-16T08:00:00.000Z,0.00004496
2026-05-16T16:00:00.005Z,0.00006508
2026-05-17T00:00:00.000Z,0.00007161
2026-05-17T08:00:00.010Z,0.00004855
2026-05-17T16:00:00.009Z,0.00005341
2026-05-18T00:00:00.007Z,0.00001925
2026-05-18T08:00:00.002Z,0.00000652
2026-05-18T16:00:00.007Z,0.00005159
2026-05-19T00:00:00.001Z,0.00010000
2026-05-19T08:00:00.001Z,0.00005687
2026-05-19T16:00:00.009Z,0.00003588
2026-05-20T00:00:00.001Z,0.00005523
2026-05-20T08:00:00.006Z,0.00003051
2026-05-20T16:00:00.000Z,0.00005290
2026-05-21T00:00:00.001Z,0.00005867
2026-05-21T08:00:00.000Z,0.00002532
2026-05-21T16:00:00.000Z,0.00003837
2026-05-22T00:00:00.000Z,0.00004926
2026-05-22T08:00:00.004Z,0.00003093
2026-05-22T16:00:00.001Z,0.00005943
2026-05-23T00:00:00.009Z,0.00005720
2026-05-23T08:00:00.001Z,0.00004466
2026-05-23T16:00:00.003Z,0.00006360
2026-05-24T00:00:00.011Z,0.00008020
2026-05-24T08:00:00.008Z,0.00008039
2026-05-24T16:00:00.000Z,0.00004195
2026-05-25T00:00:00.001Z,0.00005359
2026-05-25T08:00:00.001Z,0.00005508
2026-05-25T16:00:00.001Z,0.00003249
2026-05-26T00:00:00.000Z,0.00003458
2026-05-26T08:00:00.003Z,0.00003793
2026-05-26T16:00:00.000Z,0.00003408
2026-05-27T00:00:00.000Z,0.00007351
2026-05-27T08:00:00.004Z,0.00003072
2026-05-27T16:00:00.009Z,0.00006097
2026-05-28T00:00:00.001Z,0.00002421
2026-05-28T08:00:00.000Z,0.00002543
2026-05-28T16:00:00.001Z,0.00002984
2026-05-29T00:00:00.000Z,0.00008553
2026-05-29T08:00:00.001Z,0.00007040
2026-05-29T16:00:00.008Z,0.00006595
2026-05-30T00:00:00.000Z,0.00004540
2026-05-30T08:00:00.001Z,0.00006842
2026-05-30T16:00:00.000Z,0.00005705
2026-05-31T00:00:00.000Z,0.00009397
2026-05-31T08:00:00.000Z,0.00007226
2026-05-31T16:00:00.004Z,0.00001691
2026-06-01T00:00:00.001Z,0.00006445
2026-06-01T08:00:00.001Z,0.00005339
2026-06-01T16:00:00.000Z,0.00009572
2026-06-02T00:00:00.000Z,0.00010000
2026-06-02T08:00:00.000Z,0.00010000
2026-06-02T16:00:00.000Z,0.00005699
2026-06-03T00:00:00.013Z,0.00002021
2026-06-03T08:00:00.000Z,0.00009862
2026-06-03T16:00:00.001Z,0.00007361
2026-06-04T00:00:00.009Z,0.00007651
2026-06-04T08:00:00.000Z,0.00004482
2026-06-04T16:00:00.003Z,0.00003946
2026-06-05T00:00:00.000Z,0.00004670
2026-06-05T08:00:00.004Z,-0.00003129
2026-06-05T16:00:00.009Z,-0.00007387
2026-06-06T00:00:00.000Z,-0.00007917
2026-06-06T08:00:00.000Z,-0.00003161
2026-06-06T16:00:00.000Z,-0.00003461
2026-06-07T00:00:00.001Z,-0.00006624
2026-06-07T08:00:00.000Z,-0.00010189
2026-06-07T16:00:00.000Z,0.00000472
2026-06-08T00:00:00.000Z,-0.00008235
2026-06-08T08:00:00.005Z,-0.00006599
2026-06-08T16:00:00.004Z,-0.00004515
2026-06-09T00:00:00.000Z,-0.00004506
2026-06-09T08:00:00.000Z,0.00000036
2026-06-09T16:00:00.001Z,-0.00005182
2026-06-10T00:00:00.001Z,-0.00004089
2026-06-10T08:00:00.011Z,-0.00004578
2026-06-10T16:00:00.009Z,-0.00003121
2026-06-11T00:00:00.000Z,-0.00003684
2026-06-11T08:00:00.004Z,0.00000754
2026-06-11T16:00:00.000Z,-0.00002432
2026-06-12T00:00:00.000Z,-0.00002404
2026-06-12T08:00:00.000Z,-0.00005854
2026-06-12T16:00:00.000Z,-0.00002216
2026-06-13T00:00:00.000Z,-0.00000631
2026-06-13T08:00:00.007Z,0.00003562
2026-06-13T16:00:00.002Z,0.00002664
2026-06-14T00:00:00.005Z,-0.00000644
2026-06-14T08:00:00.009Z,-0.00001080
2026-06-14T16:00:00.000Z,-0.00001919
2026-06-15T00:00:00.013Z,0.00002920
2026-06-15T08:00:00.013Z,-0.00000745
2026-06-15T16:00:00.004Z,0.00006867
2026-06-16T00:00:00.000Z,0.00002969
2026-06-16T08:00:00.000Z,-0.00002070
2026-06-16T16:00:00.001Z,0.00003160
2026-06-17T00:00:00.012Z,0.00003038
2026-06-17T08:00:00.000Z,0.00002339
2026-06-17T16:00:00.000Z,-0.00000737
2026-06-18T00:00:00.002Z,0.00004630
2026-06-18T08:00:00.000Z,0.00000687
2026-06-18T16:00:00.001Z,-0.00000691
2026-06-19T00:00:00.005Z,0.00006551
2026-06-19T08:00:00.001Z,-0.00002067
2026-06-19T16:00:00.001Z,-0.00000027
2026-06-20T00:00:00.001Z,0.00002505
2026-06-20T08:00:00.000Z,0.00003170
2026-06-20T16:00:00.001Z,0.00003209
2026-06-21T00:00:00.000Z,0.00002892
2026-06-21T08:00:00.000Z,0.00002602
2026-06-21T16:00:00.000Z,0.00000757
2026-06-22T00:00:00.000Z,0.00003880
2026-06-22T08:00:00.000Z,0.00001941
2026-06-22T16:00:00.002Z,0.00000789
2026-06-23T00:00:00.003Z,0.00002370
2026-06-23T08:00:00.005Z,0.00000335
2026-06-23T16:00:00.002Z,-0.00003854
2026-06-24T00:00:00.005Z,0.00004579
2026-06-24T08:00:00.005Z,0.00002212
2026-06-24T16:00:00.003Z,0.00000043
2026-06-25T00:00:00.000Z,0.00000542
2026-06-25T08:00:00.000Z,0.00004282
2026-06-25T16:00:00.000Z,-0.00008135
2026-06-26T00:00:00.010Z,-0.00001665
2026-06-26T08:00:00.002Z,-0.00001968
2026-06-26T16:00:00.000Z,0.00000522
2026-06-27T00:00:00.000Z,0.00001807
2026-06-27T08:00:00.000Z,-0.00000597
2026-06-27T16:00:00.009Z,0.00001769
2026-06-28T00:00:00.000Z,-0.00005389
2026-06-28T08:00:00.013Z,-0.00002947
2026-06-28T16:00:00.000Z,0.00001924
2026-06-29T00:00:00.006Z,-0.00000185
2026-06-29T08:00:00.013Z,0.00000216
2026-06-29T16:00:00.004Z,0.00002144
2026-06-30T00:00:00.000Z,0.00004490
2026-06-30T08:00:00.000Z,0.00004566
2026-06-30T16:00:00.005Z,0.00003059
2026-07-01T00:00:00.000Z,0.00006151
2026-07-01T08:00:00.000Z,0.00005330
2026-07-01T16:00:00.000Z,0.00002077
2026-07-02T00:00:00.000Z,0.00001960
2026-07-02T08:00:00.000Z,0.00005020
2026-07-02T16:00:00.000Z,0.00007321
2026-07-03T00:00:00.000Z,0.00007837
2026-07-03T08:00:00.007Z,0.00010000
2026-07-03T16:00:00.000Z,0.00005241
